<?xml version="1.0" encoding="UTF-8"?>
<kml xmlns="http://www.opengis.net/kml/2.2">
<Document>
  <name>Map</name>
  <Style id="country_border">
    <LineStyle>
      <color>aabfb8a6</color>
      <width>1.2</width>
    </LineStyle>
    <PolyStyle>
      <fill>0</fill>
      <outline>1</outline>
    </PolyStyle>
  </Style>
  <Style id="country_label">
    <IconStyle>
      <scale>0</scale>
      <Icon><href></href></Icon>
    </IconStyle>
    <LabelStyle>
      <color>ccffffff</color>
      <scale>0.85</scale>
    </LabelStyle>
  </Style>
  <Folder><name>Country borders</name>
    <Placemark><name>Germany</name><styleUrl>#country_border</styleUrl><MultiGeometry>
    <Polygon>
      <outerBoundaryIs>
        <LinearRing>
          <coordinates>9.524023,47.524219,0 9.35,47.598926,0 9.182813,47.670703,0 9.127539,47.670703,0 8.881152,47.656396,0 8.874023,47.662695,0 8.831152,47.703613,0 8.793066,47.716553,0 8.770117,47.709912,0 8.754785,47.698047,0 8.72832,47.700049,0 8.617871,47.766113,0 8.572656,47.775635,0 8.509863,47.766895,0 8.435742,47.731348,0 8.403418,47.687793,0 8.413281,47.662695,0 8.451758,47.651807,0 8.552344,47.659131,0 8.56709,47.651904,0 8.570508,47.637793,0 8.559473,47.624023,0 8.477637,47.612695,0 8.454004,47.596191,0 8.430078,47.592139,0 8.414746,47.5896,0 8.327832,47.606934,0 8.198242,47.606934,0 8.09375,47.576172,0 7.927051,47.563867,0 7.698047,47.569873,0 7.615625,47.592725,0 7.56543,47.606543,0 7.529395,47.673877,0 7.538574,47.773633,0 7.593262,47.905664,0 7.608496,48.002588,0 7.58418,48.064307,0 7.616602,48.156787,0 7.705664,48.280029,0 7.765137,48.41001,0 7.794824,48.546826,0 7.837988,48.636035,0 7.922754,48.698535,0 8.124023,48.873291,0 8.140332,48.886426,0 8.134863,48.973584,0 8.080664,48.985889,0 8.00127,49.010937,0 7.799219,49.041895,0 7.610938,49.061768,0 7.525488,49.086377,0 7.450586,49.152197,0 7.404199,49.153076,0 7.313379,49.129541,0 7.199902,49.113623,0 7.117383,49.127539,0 7.065723,49.124854,0 7.036719,49.112695,0 7.022168,49.123437,0 7.001465,49.179883,0 6.958301,49.194629,0 6.891211,49.20752,0 6.849512,49.201953,0 6.820703,49.173926,0 6.77627,49.15415,0 6.735449,49.160596,0 6.607617,49.290869,0 6.574707,49.319678,0 6.566309,49.346191,0 6.534277,49.394678,0 6.458105,49.442871,0 6.382227,49.458154,0 6.344336,49.452734,0 6.348438,49.512695,0 6.37832,49.599609,0 6.406738,49.644971,0 6.444629,49.682031,0 6.484766,49.707812,0 6.49375,49.754395,0 6.487305,49.798486,0 6.440918,49.805322,0 6.324609,49.837891,0 6.256055,49.872168,0 6.204883,49.915137,0 6.138184,49.974316,0 6.109766,50.034375,0 6.108301,50.094238,0 6.116504,50.120996,0 6.121289,50.139355,0 6.175098,50.232666,0 6.364453,50.316162,0 6.343652,50.400244,0 6.340918,50.451758,0 6.294922,50.485498,0 6.203027,50.499121,0 6.178711,50.52251,0 6.168457,50.545361,0 6.235938,50.59668,0 6.154492,50.637256,0 6.119434,50.679248,0 6.005957,50.732227,0 5.993945,50.750439,0 6.048438,50.904883,0 6.006836,50.949951,0 5.955078,50.972949,0 5.894727,50.984229,0 5.867188,51.005664,0 5.85752,51.030127,0 5.868359,51.045312,0 5.939258,51.04082,0 5.961035,51.056689,0 6.12998,51.147412,0 6.136914,51.164844,0 6.113379,51.174707,0 6.082422,51.17998,0 6.074805,51.199023,0 6.075879,51.224121,0 6.166211,51.354834,0 6.192871,51.410596,0 6.198828,51.45,0 6.193262,51.488916,0 6.141602,51.550098,0 6.091113,51.598926,0 6.089355,51.637793,0 6.052734,51.658252,0 5.948535,51.762402,0 5.94873,51.802686,0 6.007617,51.833984,0 6.089844,51.853955,0 6.117188,51.87041,0 6.166504,51.880762,0 6.29707,51.850732,0 6.355664,51.824658,0 6.372168,51.830029,0 6.425,51.858398,0 6.517578,51.853955,0 6.741797,51.910889,0 6.775195,51.938281,0 6.800391,51.967383,0 6.802441,51.980176,0 6.715625,52.036182,0 6.712988,52.056885,0 6.724512,52.080225,0 6.749023,52.098682,0 6.800391,52.11123,0 6.855078,52.135791,0 6.977246,52.205518,0 7.019629,52.266016,0 7.032617,52.331494,0 7.035156,52.380225,0 7.001855,52.418994,0 6.968164,52.444092,0 6.92207,52.440283,0 6.83252,52.442285,0 6.748828,52.464014,0 6.70293,52.499219,0 6.691602,52.530176,0 6.712402,52.549658,0 6.71875,52.573584,0 6.705371,52.597656,0 6.710742,52.617871,0 6.748438,52.634082,0 7.013184,52.633545,0 7.033008,52.651367,0 7.050879,52.744775,0 7.11709,52.887012,0 7.179492,52.966211,0 7.189941,52.999512,0 7.188965,53.187207,0 7.197266,53.282275,0 7.152051,53.326953,0 7.05332,53.37583,0 7.074316,53.477637,0 7.107129,53.556982,0 7.206445,53.654541,0 7.285254,53.681348,0 7.629199,53.697266,0 8.009277,53.690723,0 8.16709,53.543408,0 8.108496,53.467676,0 8.200781,53.432422,0 8.245215,53.445312,0 8.279004,53.511182,0 8.301563,53.584131,0 8.333887,53.606201,0 8.451367,53.551709,0 8.492676,53.514355,0 8.495215,53.394238,0 8.538477,53.556885,0 8.50625,53.670752,0 8.528418,53.781104,0 8.575586,53.838477,0 8.618945,53.875,0 8.897754,53.835693,0 9.205566,53.855957,0 9.321973,53.813477,0 9.585352,53.600488,0 9.673145,53.565625,0 9.783984,53.554639,0 9.63125,53.600195,0 9.312012,53.859131,0 9.216406,53.891211,0 9.069629,53.900928,0 8.978125,53.926221,0 8.92041,53.965332,0 8.903516,54.000293,0 8.906641,54.260791,0 8.851562,54.299561,0 8.780371,54.313037,0 8.736035,54.295215,0 8.644922,54.294971,0 8.625781,54.353955,0 8.648047,54.397656,0 8.831152,54.427539,0 8.951855,54.467578,0 8.957227,54.53833,0 8.880957,54.593945,0 8.789648,54.695947,0 8.682324,54.791846,0 8.670313,54.903418,0 8.670703,54.90332,0 8.857227,54.901123,0 8.90293,54.896924,0 9.18584,54.844678,0 9.25498,54.808008,0 9.341992,54.806299,0 9.49873,54.84043,0 9.61582,54.85542,0 9.66123,54.834375,0 9.725,54.825537,0 9.739746,54.825537,0 9.745898,54.807178,0 9.892285,54.780615,0 9.953809,54.738281,0 10.022168,54.673926,0 10.028809,54.581299,0 9.941309,54.514648,0 9.868652,54.472461,0 10.143457,54.488428,0 10.170801,54.450195,0 10.212402,54.408936,0 10.360449,54.43833,0 10.731543,54.31626,0 10.955957,54.375684,0 11.013379,54.37915,0 11.064355,54.280518,0 11.008594,54.181152,0 10.810742,54.075146,0 10.85459,54.009814,0 10.917773,53.995312,0 11.104297,54.00918,0 11.399609,53.944629,0 11.461133,53.964746,0 11.700586,54.113525,0 11.796289,54.145459,0 12.111328,54.168311,0 12.168652,54.225879,0 12.296289,54.283789,0 12.378516,54.347021,0 12.575391,54.467383,0 12.779102,54.445703,0 12.898047,54.422656,0 13.028613,54.411035,0 13.147461,54.282715,0 13.448047,54.140869,0 13.724219,54.153223,0 13.822266,54.019043,0 13.865527,53.853369,0 13.950391,53.801367,0 14.025,53.767432,0 14.25,53.731885,0 14.258887,53.729639,0 14.266113,53.707129,0 14.279883,53.624756,0 14.29873,53.556445,0 14.414551,53.283496,0 14.412305,53.216748,0 14.410938,53.199023,0 14.368555,53.105566,0 14.293164,53.026758,0 14.193652,52.982324,0 14.138867,52.932861,0 14.128613,52.878223,0 14.253711,52.78252,0 14.514063,52.645605,0 14.619434,52.528516,0 14.569727,52.431104,0 14.55459,52.359668,0 14.573926,52.31416,0 14.615625,52.277637,0 14.679883,52.25,0 14.705371,52.207471,0 14.692383,52.150049,0 14.70459,52.110205,0 14.752539,52.081836,0 14.748145,52.070801,0 14.724805,52.030859,0 14.692969,51.958008,0 14.674902,51.904834,0 14.60166,51.832373,0 14.623926,51.770801,0 14.681348,51.698193,0 14.724902,51.661719,0 14.738672,51.627148,0 14.710938,51.544922,0 14.724707,51.523877,0 14.905957,51.46333,0 14.935547,51.435352,0 14.953125,51.377148,0 15.016602,51.252734,0 14.963867,51.095117,0 14.91748,51.00874,0 14.814258,50.871631,0 14.809375,50.858984,0 14.797461,50.842334,0 14.766504,50.818311,0 14.72334,50.814697,0 14.658203,50.832617,0 14.613574,50.855566,0 14.623828,50.914746,0 14.595215,50.918604,0 14.559668,50.954932,0 14.545703,50.993945,0 14.507324,51.009863,0 14.367285,51.02627,0 14.319727,51.037793,0 14.283203,51.029492,0 14.255859,51.001855,0 14.27334,50.976904,0 14.299414,50.952588,0 14.377051,50.914062,0 14.369043,50.89873,0 14.201758,50.86123,0 14.096484,50.822754,0 13.998438,50.801123,0 13.898535,50.761279,0 13.701367,50.716504,0 13.556738,50.704639,0 13.526563,50.692822,0 13.472559,50.616943,0 13.436133,50.601074,0 13.401172,50.609326,0 13.374609,50.621729,0 13.341016,50.611426,0 13.306055,50.586328,0 13.269531,50.576416,0 13.237695,50.576758,0 13.181152,50.510498,0 13.016406,50.490381,0 12.99707,50.456055,0 12.966797,50.416211,0 12.942676,50.406445,0 12.868262,50.422217,0 12.76543,50.430957,0 12.706445,50.409131,0 12.635547,50.39707,0 12.549023,50.393408,0 12.452637,50.349805,0 12.358594,50.273242,0 12.305664,50.205713,0 12.277344,50.181445,0 12.231152,50.244873,0 12.174805,50.288379,0 12.134863,50.310937,0 12.099219,50.310986,0 12.089844,50.301758,0 12.089746,50.268555,0 12.127832,50.213428,0 12.175,50.17583,0 12.18252,50.148047,0 12.207813,50.09751,0 12.276465,50.042334,0 12.38418,49.998584,0 12.457617,49.955518,0 12.512012,49.895801,0 12.5125,49.877441,0 12.497559,49.853076,0 12.471875,49.830078,0 12.450195,49.800146,0 12.390527,49.739648,0 12.408203,49.713184,0 12.457031,49.679785,0 12.500293,49.639697,0 12.555762,49.574854,0 12.632031,49.46123,0 12.681152,49.414502,0 12.747852,49.366211,0 12.813379,49.329346,0 12.916699,49.330469,0 13.02373,49.260107,0 13.140527,49.15835,0 13.227832,49.11167,0 13.28877,49.097461,0 13.339063,49.060791,0 13.383691,49.008105,0 13.401172,48.977588,0 13.440723,48.955566,0 13.547656,48.959668,0 13.684961,48.876709,0 13.769922,48.815967,0 13.814746,48.766943,0 13.80293,48.74751,0 13.797461,48.686426,0 13.798828,48.62168,0 13.785352,48.587451,0 13.723926,48.542383,0 13.692188,48.532764,0 13.675195,48.523047,0 13.486621,48.581836,0 13.47168,48.571826,0 13.459863,48.564551,0 13.409375,48.394141,0 13.374609,48.361377,0 13.322852,48.33125,0 13.215234,48.301904,0 13.14043,48.289941,0 13.082129,48.275098,0 12.897461,48.203711,0 12.814258,48.16084,0 12.760352,48.106982,0 12.760059,48.075977,0 12.849902,47.984814,0 12.953516,47.890625,0 12.954199,47.807764,0 12.908301,47.745801,0 12.897656,47.721875,0 12.928125,47.712842,0 12.985547,47.709424,0 13.033594,47.69873,0 13.054102,47.655127,0 13.047949,47.57915,0 13.031543,47.508008,0 13.014355,47.478076,0 12.968066,47.475684,0 12.878906,47.506445,0 12.809375,47.542187,0 12.782813,47.56416,0 12.781152,47.59043,0 12.796191,47.607031,0 12.771387,47.639404,0 12.68584,47.669336,0 12.594238,47.656299,0 12.526563,47.636133,0 12.48291,47.637305,0 12.435742,47.666113,0 12.363184,47.688184,0 12.268359,47.702734,0 12.209277,47.718262,0 12.196875,47.709082,0 12.203809,47.646729,0 12.185645,47.619531,0 11.716797,47.583496,0 11.573926,47.549756,0 11.469922,47.506104,0 11.392969,47.487158,0 11.374121,47.460254,0 11.297949,47.424902,0 11.211914,47.413623,0 11.191211,47.425195,0 11.136035,47.408887,0 11.041992,47.393115,0 10.980859,47.398145,0 10.952148,47.426709,0 10.893945,47.470459,0 10.870605,47.500781,0 10.873047,47.520215,0 10.741602,47.524121,0 10.658691,47.547217,0 10.482813,47.541797,0 10.439453,47.551562,0 10.430371,47.541064,0 10.403906,47.416992,0 10.369141,47.366064,0 10.312793,47.313428,0 10.240625,47.284131,0 10.183008,47.278809,0 10.185742,47.317187,0 10.200293,47.363428,0 10.158789,47.374268,0 10.096484,47.37959,0 10.066309,47.393359,0 10.074219,47.428516,0 10.059863,47.449072,0 10.034082,47.473584,0 9.971582,47.505322,0 9.83916,47.552295,0 9.748926,47.575537,0 9.715137,47.550781,0 9.650586,47.525879,0 9.548926,47.534033,0 9.524023,47.524219,0</coordinates>
        </LinearRing>
      </outerBoundaryIs>
    </Polygon>
    <Polygon>
      <outerBoundaryIs>
        <LinearRing>
          <coordinates>13.70918,54.382715,0 13.73418,54.31543,0 13.707324,54.281152,0 13.594922,54.338184,0 13.482031,54.337402,0 13.414551,54.249561,0 13.364355,54.24585,0 13.190039,54.325635,0 13.162109,54.364551,0 13.156348,54.396924,0 13.18125,54.508984,0 13.17666,54.544238,0 13.231445,54.582764,0 13.239941,54.638428,0 13.336816,54.697119,0 13.422754,54.699316,0 13.450098,54.649609,0 13.491211,54.615381,0 13.636035,54.577002,0 13.657617,54.55957,0 13.670703,54.535449,0 13.60332,54.488184,0 13.580469,54.463965,0 13.601855,54.425146,0 13.70918,54.382715,0</coordinates>
        </LinearRing>
      </outerBoundaryIs>
    </Polygon>
    <Polygon>
      <outerBoundaryIs>
        <LinearRing>
          <coordinates>14.211426,53.950342,0 14.198242,53.919043,0 14.213672,53.870752,0 14.172168,53.874365,0 14.04834,53.863086,0 13.925781,53.879053,0 13.902148,53.938965,0 13.92168,53.996631,0 13.872461,54.036279,0 13.827148,54.05957,0 13.82041,54.092822,0 13.827734,54.127246,0 14.038867,54.03457,0 14.211426,53.950342,0</coordinates>
        </LinearRing>
      </outerBoundaryIs>
    </Polygon>
    <Polygon>
      <outerBoundaryIs>
        <LinearRing>
          <coordinates>11.282813,54.417969,0 11.129297,54.416016,0 11.070703,54.456006,0 11.011719,54.466162,0 11.043457,54.515479,0 11.084961,54.533398,0 11.233594,54.50127,0 11.280273,54.438379,0 11.282813,54.417969,0</coordinates>
        </LinearRing>
      </outerBoundaryIs>
    </Polygon>
    <Polygon>
      <outerBoundaryIs>
        <LinearRing>
          <coordinates>8.307715,54.786963,0 8.284668,54.76709,0 8.295703,54.908301,0 8.405176,55.05874,0 8.451465,55.055371,0 8.404102,55.014746,0 8.39043,54.986279,0 8.371191,54.929395,0 8.379883,54.899854,0 8.62959,54.891748,0 8.600586,54.865381,0 8.347363,54.847607,0 8.307715,54.786963,0</coordinates>
        </LinearRing>
      </outerBoundaryIs>
    </Polygon>
    <Polygon>
      <outerBoundaryIs>
        <LinearRing>
          <coordinates>8.587891,54.712695,0 8.548926,54.688184,0 8.453809,54.691064,0 8.400391,54.714111,0 8.417676,54.738672,0 8.468164,54.757422,0 8.509961,54.760303,0 8.573438,54.74873,0 8.587891,54.712695,0</coordinates>
        </LinearRing>
      </outerBoundaryIs>
    </Polygon>
    </MultiGeometry>
  </Placemark>
    <Placemark><name>Turkey</name><styleUrl>#country_border</styleUrl><MultiGeometry>
    <Polygon>
      <outerBoundaryIs>
        <LinearRing>
          <coordinates>25.97002,40.136328,0 25.740234,40.105469,0 25.668945,40.135889,0 25.740918,40.196289,0 25.874805,40.233691,0 25.918359,40.237988,0 25.977051,40.177832,0 25.97002,40.136328,0</coordinates>
        </LinearRing>
      </outerBoundaryIs>
    </Polygon>
    <Polygon>
      <outerBoundaryIs>
        <LinearRing>
          <coordinates>41.510059,41.51748,0 41.576563,41.497314,0 41.701758,41.471582,0 41.779395,41.440527,0 41.823535,41.432373,0 41.925781,41.495654,0 42.077734,41.494092,0 42.211133,41.486719,0 42.27998,41.475,0 42.364355,41.454004,0 42.466406,41.439844,0 42.50791,41.470068,0 42.567383,41.559277,0 42.59043,41.570703,0 42.606836,41.578809,0 42.682422,41.585742,0 42.754102,41.578906,0 42.787891,41.563721,0 42.82168,41.492383,0 42.906738,41.466846,0 43.057129,41.352832,0 43.149023,41.307129,0 43.171289,41.287939,0 43.141016,41.264844,0 43.152832,41.236426,0 43.205469,41.19917,0 43.279297,41.185205,0 43.358984,41.190137,0 43.402344,41.176562,0 43.433398,41.155518,0 43.441602,41.125977,0 43.439453,41.107129,0 43.455273,41.064697,0 43.51748,41.004834,0 43.591699,40.968213,0 43.631641,40.929004,0 43.696484,40.794141,0 43.722656,40.719531,0 43.712891,40.647754,0 43.667871,40.574072,0 43.569336,40.482373,0 43.59375,40.444043,0 43.61582,40.393311,0 43.608398,40.356592,0 43.678125,40.239307,0 43.709863,40.166504,0 43.683301,40.149658,0 43.666211,40.126367,0 43.791699,40.070264,0 43.941992,40.023145,0 44.005371,40.014111,0 44.178027,40.035742,0 44.289258,40.040381,0 44.399609,39.995752,0 44.560449,39.887598,0 44.733789,39.746484,0 44.768262,39.703516,0 44.783398,39.684668,0 44.817188,39.650439,0 44.782129,39.651074,0 44.725,39.681738,0 44.587109,39.768555,0 44.516699,39.73125,0 44.455957,39.666748,0 44.389355,39.422119,0 44.335449,39.396045,0 44.24043,39.396777,0 44.124023,39.405225,0 44.043945,39.392969,0 44.023242,39.377441,0 44.033789,39.351025,0 44.05752,39.31084,0 44.074316,39.259961,0 44.079102,39.218311,0 44.121289,39.180615,0 44.178027,39.144824,0 44.180566,39.108057,0 44.171875,39.05625,0 44.158789,39.016748,0 44.144531,38.994385,0 44.170801,38.934375,0 44.232422,38.863232,0 44.27168,38.836035,0 44.257031,38.700635,0 44.280176,38.640674,0 44.297852,38.557812,0 44.29082,38.420117,0 44.298535,38.386279,0 44.319629,38.374707,0 44.375781,38.36958,0 44.430859,38.356787,0 44.449902,38.334229,0 44.449609,38.317773,0 44.380859,38.25459,0 44.372754,38.209717,0 44.348926,38.146484,0 44.329395,38.109277,0 44.267969,38.038818,0 44.228906,37.967187,0 44.211328,37.908057,0 44.222949,37.880176,0 44.33623,37.871777,0 44.397754,37.829248,0 44.56123,37.744629,0 44.589941,37.710352,0 44.545313,37.658154,0 44.546094,37.636328,0 44.567188,37.608643,0 44.577148,37.560205,0 44.573145,37.506396,0 44.574023,37.4354,0 44.604102,37.42373,0 44.715137,37.357129,0 44.794141,37.290381,0 44.796777,37.269775,0 44.758301,37.21709,0 44.766699,37.156348,0 44.765137,37.142432,0 44.730957,37.165283,0 44.669336,37.173584,0 44.605957,37.176025,0 44.566016,37.158252,0 44.495996,37.110547,0 44.401953,37.058496,0 44.325586,37.010742,0 44.281836,36.978027,0 44.245703,36.983301,0 44.21748,37.011865,0 44.20166,37.051807,0 44.208398,37.202637,0 44.191797,37.249854,0 44.15625,37.282959,0 44.114453,37.301855,0 44.064648,37.312451,0 44.013184,37.313525,0 43.940039,37.269287,0 43.836426,37.223535,0 43.675781,37.227246,0 43.567969,37.23584,0 43.51582,37.244531,0 43.306738,37.314648,0 43.263086,37.316504,0 43.185156,37.344873,0 43.09248,37.367383,0 42.936621,37.324756,0 42.869141,37.334912,0 42.774609,37.371875,0 42.741113,37.361914,0 42.635449,37.249268,0 42.455859,37.128711,0 42.358984,37.108594,0 42.312891,37.22959,0 42.268555,37.276562,0 42.247559,37.282227,0 42.202734,37.297266,0 42.167871,37.288623,0 42.059863,37.206055,0 41.886816,37.156396,0 41.743555,37.126123,0 41.515527,37.08916,0 41.339551,37.070801,0 41.264648,37.069336,0 41.102148,37.085889,0 40.958887,37.10918,0 40.815625,37.108154,0 40.705664,37.097705,0 40.450391,37.008887,0 40.016406,36.826074,0 39.686523,36.738623,0 39.501465,36.702246,0 39.356641,36.681592,0 39.108398,36.680566,0 38.906445,36.694678,0 38.766602,36.693115,0 38.688867,36.715088,0 38.578027,36.789111,0 38.44375,36.862256,0 38.383984,36.879248,0 38.305859,36.893359,0 38.191699,36.901562,0 37.906641,36.794629,0 37.817969,36.765576,0 37.720313,36.743701,0 37.523535,36.67832,0 37.436328,36.643311,0 37.327051,36.646582,0 37.187402,36.655908,0 37.066211,36.652637,0 36.985352,36.702393,0 36.941797,36.758398,0 36.776563,36.792676,0 36.658594,36.802539,0 36.628418,36.777686,0 36.596875,36.701367,0 36.54668,36.506348,0 36.5375,36.457422,0 36.641406,36.263525,0 36.636719,36.233984,0 36.562402,36.223926,0 36.477051,36.220703,0 36.421484,36.203467,0 36.375391,36.17124,0 36.347559,36.003516,0 36.248828,35.972705,0 36.201953,35.937549,0 36.153613,35.833887,0 36.127344,35.831445,0 35.967578,35.910059,0 35.892676,35.916553,0 35.956934,35.998145,0 35.887109,36.159082,0 35.810938,36.309863,0 35.882812,36.406348,0 36.031738,36.522705,0 36.188477,36.658984,0 36.188184,36.743066,0 36.180078,36.807227,0 36.135156,36.851611,0 36.048926,36.910596,0 35.90459,36.847607,0 35.801563,36.778076,0 35.734277,36.763965,0 35.661133,36.724316,0 35.625586,36.652783,0 35.537402,36.597021,0 35.393164,36.575195,0 35.176172,36.634863,0 34.943164,36.725684,0 34.81123,36.799268,0 34.703613,36.816797,0 34.601367,36.784473,0 34.299609,36.604199,0 34.023438,36.340771,0 33.954883,36.295215,0 33.694727,36.181982,0 33.522754,36.143994,0 33.441797,36.152832,0 33.099512,36.102979,0 32.929492,36.095703,0 32.794824,36.035889,0 32.533789,36.100732,0 32.377734,36.183643,0 32.283789,36.267871,0 32.130566,36.449121,0 32.021973,36.535303,0 31.77793,36.612793,0 31.352539,36.801074,0 31.240625,36.821729,0 30.950293,36.848682,0 30.644043,36.865674,0 30.582031,36.797168,0 30.558496,36.52583,0 30.506055,36.451123,0 30.483594,36.3104,0 30.446094,36.269873,0 30.387305,36.243262,0 30.29541,36.287695,0 30.231641,36.307324,0 30.083203,36.249365,0 29.789258,36.168066,0 29.689063,36.156689,0 29.34834,36.258838,0 29.223633,36.324463,0 29.143262,36.397217,0 29.116113,36.520117,0 29.065527,36.590088,0 29.058105,36.638135,0 29.038281,36.693457,0 28.969629,36.715332,0 28.895898,36.673584,0 28.816895,36.675293,0 28.717676,36.700879,0 28.483594,36.803809,0 28.303711,36.811963,0 28.195605,36.686328,0 28.111523,36.646387,0 28.019434,36.634473,0 28.01416,36.670215,0 28.083984,36.751465,0 27.803809,36.736475,0 27.655859,36.674609,0 27.54043,36.684229,0 27.453906,36.712158,0 27.466895,36.746338,0 27.554688,36.758887,0 27.630859,36.78667,0 27.934473,36.809277,0 28.005371,36.831982,0 28.083008,36.920264,0 28.224414,36.996387,0 28.242383,37.029053,0 28.133691,37.029492,0 27.668359,37.007422,0 27.348926,37.01958,0 27.311035,36.981885,0 27.262988,36.976562,0 27.249707,37.07915,0 27.300195,37.126855,0 27.368164,37.122412,0 27.535059,37.163867,0 27.520117,37.249121,0 27.400586,37.306738,0 27.37627,37.340723,0 27.289551,37.348682,0 27.219238,37.38916,0 27.203906,37.491406,0 27.147949,37.603613,0 27.067969,37.65791,0 27.077832,37.687695,0 27.224414,37.725439,0 27.254785,37.882324,0 27.232422,37.978662,0 27.158691,37.986865,0 26.943848,38.062891,0 26.878613,38.054785,0 26.807422,38.13833,0 26.682813,38.19834,0 26.621094,38.176367,0 26.582422,38.149268,0 26.524707,38.162256,0 26.42793,38.214355,0 26.33291,38.24248,0 26.290723,38.277197,0 26.343652,38.370068,0 26.416406,38.367871,0 26.429688,38.440625,0 26.372266,38.561914,0 26.377832,38.62417,0 26.441309,38.641211,0 26.513574,38.629492,0 26.586523,38.557031,0 26.610352,38.486914,0 26.59502,38.418604,0 26.641309,38.352441,0 26.674219,38.335742,0 26.696387,38.405371,0 26.727344,38.418604,0 26.769922,38.388184,0 26.861426,38.372949,0 27.098633,38.415723,0 27.144238,38.451953,0 26.97041,38.447852,0 26.906836,38.481738,0 26.837793,38.557568,0 26.795313,38.626416,0 26.787695,38.660205,0 26.763672,38.709619,0 26.790137,38.736084,0 26.90918,38.775781,0 27.013672,38.886865,0 26.970117,38.919043,0 26.920313,38.934229,0 26.866211,38.922949,0 26.814941,38.960986,0 26.808301,39.013916,0 26.849316,39.056738,0 26.853613,39.115625,0 26.719336,39.260645,0 26.681836,39.292236,0 26.710742,39.339648,0 26.813281,39.419043,0 26.910938,39.517334,0 26.899219,39.549658,0 26.827051,39.562891,0 26.484082,39.520703,0 26.350781,39.484082,0 26.113086,39.467383,0 26.095996,39.520801,0 26.101367,39.568945,0 26.154688,39.656641,0 26.149805,39.872852,0 26.181348,39.990088,0 26.313379,40.025,0 26.475391,40.197266,0 26.738086,40.400244,0 27.012109,40.396338,0 27.12168,40.452344,0 27.28457,40.455615,0 27.31416,40.414893,0 27.332617,40.375928,0 27.475586,40.319922,0 27.728027,40.328809,0 27.789355,40.350879,0 27.848535,40.381738,0 27.731836,40.481494,0 27.769141,40.509619,0 27.874902,40.512939,0 27.989551,40.489453,0 27.994824,40.466602,0 27.964355,40.435303,0 27.928906,40.38042,0 27.962598,40.369873,0 28.289062,40.403027,0 28.630273,40.376465,0 28.738867,40.390869,0 29.007129,40.389746,0 29.055176,40.42417,0 28.974023,40.467383,0 28.894629,40.482422,0 28.841211,40.503467,0 28.787891,40.534033,0 28.958008,40.630566,0 29.054102,40.649121,0 29.507617,40.708398,0 29.844922,40.738086,0 29.849219,40.760107,0 29.800586,40.760156,0 29.364746,40.809277,0 29.259766,40.847314,0 29.113867,40.937842,0 29.082227,40.963428,0 29.045508,41.007568,0 29.067383,41.10166,0 29.094336,41.177246,0 29.148145,41.221045,0 29.322266,41.227734,0 29.919336,41.15083,0 30.344922,41.196924,0 30.810059,41.084863,0 31.254883,41.107617,0 31.34668,41.15791,0 31.458008,41.32002,0 32.086426,41.589209,0 32.306445,41.72959,0 32.542188,41.806396,0 32.94668,41.891748,0 33.284766,42.00459,0 33.381348,42.017578,0 34.192969,41.963672,0 34.750488,41.956836,0 35.006445,42.063281,0 35.154883,42.027539,0 35.141016,41.989502,0 35.114063,41.956982,0 35.12207,41.891113,0 35.20918,41.794385,0 35.297754,41.728516,0 35.558008,41.634033,0 35.919824,41.713721,0 35.978125,41.704834,0 36.051758,41.682568,0 36.179199,41.426562,0 36.278418,41.336133,0 36.405371,41.274609,0 36.509668,41.2625,0 36.587109,41.32666,0 36.64707,41.352539,0 36.777734,41.363477,0 36.991992,41.275391,0 37.066211,41.184424,0 37.430957,41.114111,0 37.765625,41.078906,0 37.910059,41.001904,0 38.381055,40.924512,0 38.556934,40.936523,0 38.852148,41.017676,0 39.426367,41.106445,0 39.80791,40.98252,0 39.911133,40.966455,0 40.000195,40.977148,0 40.128418,40.943018,0 40.265234,40.961328,0 40.6875,41.107422,0 40.819531,41.190234,0 40.959473,41.211621,0 41.083594,41.261182,0 41.414355,41.423633,0 41.510059,41.51748,0</coordinates>
        </LinearRing>
      </outerBoundaryIs>
    </Polygon>
    <Polygon>
      <outerBoundaryIs>
        <LinearRing>
          <coordinates>28.014453,41.969043,0 27.987305,41.854883,0 28.050293,41.72915,0 28.197852,41.554492,0 28.346387,41.466357,0 28.946777,41.248389,0 29.057227,41.229736,0 29.032129,41.140479,0 28.995996,41.061133,0 28.95625,41.008203,0 28.780371,40.97417,0 28.294922,41.071484,0 28.172168,41.080713,0 28.085547,41.061328,0 27.925195,40.990576,0 27.747363,41.013281,0 27.499414,40.973145,0 27.430176,40.839941,0 27.258008,40.687354,0 26.974609,40.564014,0 26.77207,40.498047,0 26.467969,40.261475,0 26.32998,40.123389,0 26.271777,40.096582,0 26.202734,40.075391,0 26.225977,40.141699,0 26.260156,40.202393,0 26.252344,40.248145,0 26.253809,40.314697,0 26.355273,40.390234,0 26.447461,40.44502,0 26.720313,40.544238,0 26.79209,40.626611,0 26.578125,40.624658,0 26.360938,40.606348,0 26.224219,40.618066,0 26.105469,40.611328,0 26.067773,40.683398,0 26.038965,40.726758,0 26.069727,40.740283,0 26.10918,40.749658,0 26.178906,40.826514,0 26.241211,40.883203,0 26.331055,40.954492,0 26.354102,40.99707,0 26.354102,41.036768,0 26.332617,41.064307,0 26.328418,41.097021,0 26.325684,41.143262,0 26.330664,41.23877,0 26.536426,41.343115,0 26.602344,41.35415,0 26.624902,41.401758,0 26.609766,41.512158,0 26.581348,41.60127,0 26.544531,41.607227,0 26.49502,41.633252,0 26.4625,41.663379,0 26.410547,41.696338,0 26.320898,41.716553,0 26.317969,41.744678,0 26.327246,41.772803,0 26.360352,41.801562,0 26.511426,41.826367,0 26.529297,41.84668,0 26.549707,41.896729,0 26.579688,41.947949,0 26.615332,41.964893,0 26.679199,41.96333,0 26.800391,41.975146,0 26.884863,41.991846,0 26.96875,42.026855,0 27.011719,42.058643,0 27.193359,42.0771,0 27.244336,42.093262,0 27.294922,42.079541,0 27.362891,42.025049,0 27.474805,41.946875,0 27.534863,41.920801,0 27.579883,41.93291,0 27.661133,41.961328,0 27.738867,41.961523,0 27.80166,41.956543,0 27.831934,41.981299,0 27.879199,41.986621,0 28.014453,41.969043,0</coordinates>
        </LinearRing>
      </outerBoundaryIs>
    </Polygon>
    </MultiGeometry>
  </Placemark>
    <Placemark><name>Vatican</name><styleUrl>#country_border</styleUrl><Polygon>
      <outerBoundaryIs>
        <LinearRing>
          <coordinates>12.43916,41.898389,0 12.430566,41.897559,0 12.427539,41.900732,0 12.430566,41.905469,0 12.438379,41.906201,0 12.43916,41.898389,0</coordinates>
        </LinearRing>
      </outerBoundaryIs>
    </Polygon>
  </Placemark>
    <Placemark><name>Jersey</name><styleUrl>#country_border</styleUrl><Polygon>
      <outerBoundaryIs>
        <LinearRing>
          <coordinates>-2.018652,49.23125,0 -2.009912,49.180811,0 -2.05376,49.169824,0 -2.091016,49.187402,0 -2.165674,49.187402,0 -2.23584,49.176367,0 -2.220508,49.266357,0 -2.082227,49.255371,0 -2.018652,49.23125,0</coordinates>
        </LinearRing>
      </outerBoundaryIs>
    </Polygon>
  </Placemark>
    <Placemark><name>Guernsey</name><styleUrl>#country_border</styleUrl><Polygon>
      <outerBoundaryIs>
        <LinearRing>
          <coordinates>-2.512305,49.494531,0 -2.547363,49.428711,0 -2.639014,49.450928,0 -2.646143,49.468213,0 -2.542187,49.506592,0 -2.520898,49.506299,0 -2.512305,49.494531,0</coordinates>
        </LinearRing>
      </outerBoundaryIs>
    </Polygon>
  </Placemark>
    <Placemark><name>Isle of Man</name><styleUrl>#country_border</styleUrl><Polygon>
      <outerBoundaryIs>
        <LinearRing>
          <coordinates>-4.412061,54.185352,0 -4.614258,54.058691,0 -4.696094,54.081445,0 -4.765771,54.069434,0 -4.785352,54.073047,0 -4.745557,54.118799,0 -4.69873,54.224902,0 -4.614844,54.266943,0 -4.508643,54.376709,0 -4.424707,54.407178,0 -4.395557,54.40293,0 -4.377197,54.392578,0 -4.337988,54.269092,0 -4.392285,54.225391,0 -4.412061,54.185352,0</coordinates>
        </LinearRing>
      </outerBoundaryIs>
    </Polygon>
  </Placemark>
    <Placemark><name>United Kingdom</name><styleUrl>#country_border</styleUrl><MultiGeometry>
    <Polygon>
      <outerBoundaryIs>
        <LinearRing>
          <coordinates>-2.667676,51.622998,0 -2.742139,51.581104,0 -2.978516,51.538867,0 -3.080371,51.495801,0 -3.258789,51.398486,0 -3.293115,51.39043,0 -3.562354,51.413818,0 -3.762695,51.539941,0 -3.890771,51.59165,0 -3.943652,51.59751,0 -3.99834,51.582129,0 -4.115283,51.566406,0 -4.23457,51.569092,0 -4.173682,51.627344,0 -4.091016,51.659912,0 -4.276172,51.68252,0 -4.327637,51.700244,0 -4.386279,51.741064,0 -4.531494,51.748047,0 -4.600781,51.737646,0 -4.717627,51.683691,0 -4.902295,51.62627,0 -5.124756,51.705859,0 -5.168359,51.740723,0 -5.167236,51.808057,0 -5.200586,51.861377,0 -5.262305,51.880176,0 -5.18335,51.949658,0 -5.088086,51.995898,0 -4.878516,52.041846,0 -4.561133,52.150879,0 -4.383154,52.197314,0 -4.217725,52.277441,0 -4.149365,52.32627,0 -4.099756,52.393115,0 -4.050537,52.475146,0 -3.980322,52.541748,0 -4.048437,52.557617,0 -4.078906,52.607861,0 -4.070703,52.658838,0 -4.039258,52.704053,0 -4.067432,52.760742,0 -4.117529,52.82002,0 -4.114746,52.866162,0 -4.101465,52.915479,0 -4.22915,52.912842,0 -4.356445,52.897412,0 -4.471826,52.862451,0 -4.583691,52.814941,0 -4.683057,52.806152,0 -4.681445,52.844141,0 -4.63833,52.891113,0 -4.525684,52.958203,0 -4.405078,53.013818,0 -4.362207,53.056055,0 -4.328418,53.105127,0 -4.268555,53.144531,0 -4.111035,53.218945,0 -3.809277,53.302686,0 -3.764209,53.307617,0 -3.645898,53.2979,0 -3.52959,53.310547,0 -3.427734,53.340674,0 -3.326172,53.347168,0 -3.097559,53.260303,0 -3.165576,53.394678,0 -3.064746,53.426855,0 -2.918555,53.305371,0 -2.86416,53.292578,0 -2.749512,53.310205,0 -2.79375,53.330713,0 -2.84541,53.331934,0 -2.913086,53.350244,0 -2.969971,53.389209,0 -3.0646,53.512842,0 -3.059473,53.58623,0 -2.995703,53.662549,0 -2.925098,53.732764,0 -2.984326,53.746729,0 -3.031787,53.773584,0 -3.045361,53.843848,0 -3.026758,53.905908,0 -2.899854,53.960693,0 -2.862402,54.043848,0 -2.846484,54.135303,0 -2.867578,54.177246,0 -2.993506,54.170508,0 -3.054736,54.153418,0 -3.109668,54.126318,0 -3.165967,54.12793,0 -3.321533,54.229102,0 -3.410254,54.305615,0 -3.569385,54.467578,0 -3.592041,54.564355,0 -3.4646,54.773096,0 -3.26792,54.906592,0 -3.03623,54.953076,0 -3.081055,54.961963,0 -3.434082,54.96377,0 -3.550439,54.947412,0 -3.658301,54.892871,0 -3.719238,54.876123,0 -3.783252,54.869922,0 -3.841602,54.842773,0 -3.898584,54.805078,0 -3.95791,54.780957,0 -4.075781,54.787207,0 -4.132959,54.779248,0 -4.174023,54.801074,0 -4.208398,54.837158,0 -4.253418,54.846777,0 -4.303662,54.835693,0 -4.409912,54.787061,0 -4.51748,54.75835,0 -4.647559,54.789014,0 -4.818066,54.846143,0 -4.851709,54.825293,0 -4.889502,54.772266,0 -4.91123,54.689453,0 -5.032324,54.761377,0 -5.135498,54.85752,0 -5.170117,54.91792,0 -5.172705,54.985889,0 -5.116699,55.012256,0 -5.055859,54.988135,0 -4.965186,55.149463,0 -4.784814,55.359424,0 -4.721143,55.420996,0 -4.676758,55.501318,0 -4.684375,55.553906,0 -4.72417,55.598291,0 -4.891846,55.699121,0 -4.889648,55.781201,0 -4.87168,55.873926,0 -4.826074,55.929541,0 -4.806836,55.940137,0 -4.584082,55.938672,0 -4.670947,55.967383,0 -4.844092,56.051172,0 -4.841016,56.080859,0 -4.800293,56.15835,0 -4.819141,56.150488,0 -4.85625,56.114697,0 -4.9271,56.028076,0 -4.970361,56.007861,0 -5.092822,55.987305,0 -5.11499,55.944629,0 -5.134668,55.933496,0 -5.19585,55.928662,0 -5.2146,55.888867,0 -5.228223,55.886328,0 -5.245605,55.929248,0 -5.247314,56.000391,0 -5.222949,56.06582,0 -5.176416,56.116992,0 -4.996973,56.23335,0 -5.084326,56.197461,0 -5.282324,56.089941,0 -5.383447,56.019238,0 -5.410449,55.995361,0 -5.418896,55.975244,0 -5.418311,55.952051,0 -5.3729,55.827686,0 -5.38584,55.770117,0 -5.556445,55.3896,0 -5.58877,55.351416,0 -5.618457,55.331445,0 -5.646533,55.326855,0 -5.730664,55.334131,0 -5.768213,55.362646,0 -5.767871,55.394971,0 -5.7521,55.443457,0 -5.681348,55.623975,0 -5.650635,55.674121,0 -5.605029,55.720752,0 -5.504492,55.802393,0 -5.506934,55.807715,0 -5.573877,55.791699,0 -5.602393,55.796973,0 -5.622852,55.813135,0 -5.60957,56.055273,0 -5.555273,56.134961,0 -5.534961,56.25083,0 -5.487891,56.350049,0 -5.433398,56.422314,0 -5.391943,56.514795,0 -5.329443,56.555908,0 -5.312695,56.618799,0 -5.242578,56.686865,0 -5.188379,56.758057,0 -5.217578,56.751025,0 -5.564209,56.565723,0 -5.652441,56.531982,0 -5.772803,56.541016,0 -5.864844,56.561865,0 -5.936768,56.605713,0 -5.968896,56.689893,0 -6.057715,56.692139,0 -6.133691,56.706689,0 -6.132764,56.718018,0 -6.034717,56.763916,0 -5.877637,56.779639,0 -5.730615,56.853076,0 -5.861426,56.902686,0 -5.850391,56.918408,0 -5.736279,56.960645,0 -5.591309,57.102344,0 -5.561914,57.232715,0 -5.63125,57.293945,0 -5.656348,57.334082,0 -5.794922,57.378809,0 -5.818066,57.436084,0 -5.801953,57.468018,0 -5.756738,57.499219,0 -5.688623,57.523535,0 -5.581787,57.546777,0 -5.67876,57.57168,0 -5.714941,57.601074,0 -5.742383,57.643652,0 -5.744922,57.668311,0 -5.694727,57.778223,0 -5.665479,57.823535,0 -5.60835,57.881348,0 -5.349023,57.878076,0 -5.319189,57.903613,0 -5.289795,57.90459,0 -5.157227,57.881348,0 -5.176904,57.906396,0 -5.39375,58.043604,0 -5.413184,58.069727,0 -5.351367,58.143701,0 -5.346875,58.17666,0 -5.355957,58.211914,0 -5.338281,58.238721,0 -5.269531,58.251416,0 -5.059961,58.250146,0 -5.008301,58.262646,0 -5.031836,58.298291,0 -5.080615,58.345166,0 -5.090137,58.384521,0 -5.078711,58.419287,0 -5.076025,58.489258,0 -5.066504,58.520215,0 -5.016748,58.566553,0 -4.975635,58.580322,0 -4.924658,58.588379,0 -4.809619,58.5729,0 -4.765771,58.554199,0 -4.71543,58.51001,0 -4.678223,58.513574,0 -4.534961,58.561572,0 -4.491895,58.568457,0 -4.433252,58.512842,0 -4.188623,58.557227,0 -3.859521,58.5771,0 -3.661816,58.606299,0 -3.453564,58.616895,0 -3.259131,58.65,0 -3.053076,58.634814,0 -3.046191,58.615527,0 -3.056982,58.58877,0 -3.109668,58.515479,0 -3.101123,58.433691,0 -3.112891,58.408887,0 -3.136768,58.37832,0 -3.212354,58.32124,0 -3.410986,58.239648,0 -3.775,58.0521,0 -3.990039,57.959033,0 -4.019629,57.914258,0 -4.035596,57.852002,0 -3.906836,57.839648,0 -3.857129,57.818555,0 -3.887939,57.786914,0 -4.078418,57.677051,0 -4.134521,57.577734,0 -3.988477,57.58125,0 -3.868164,57.600342,0 -3.628223,57.662256,0 -3.402783,57.708252,0 -3.294531,57.710156,0 -3.083936,57.673486,0 -3.036035,57.672314,0 -2.94668,57.689258,0 -2.856299,57.692285,0 -2.244141,57.680859,0 -2.074072,57.702393,0 -1.961523,57.67666,0 -1.867383,57.612354,0 -1.77793,57.49375,0 -1.780664,57.474023,0 -1.834717,57.419971,0 -1.934473,57.352197,0 -2.020312,57.258887,0 -2.045508,57.208545,0 -2.062354,57.153467,0 -2.089551,57.102539,0 -2.260254,56.86333,0 -2.42666,56.730713,0 -2.500977,56.636572,0 -2.592676,56.561572,0 -2.680957,56.514404,0 -2.775195,56.482959,0 -3.047412,56.449365,0 -3.123584,56.425293,0 -3.214453,56.383936,0 -3.309961,56.363477,0 -3.197998,56.366064,0 -3.087012,56.389063,0 -2.885156,56.39751,0 -2.652734,56.318262,0 -2.674268,56.253418,0 -2.767578,56.202148,0 -2.979785,56.194092,0 -3.178223,56.080127,0 -3.267773,56.045068,0 -3.362256,56.027637,0 -3.48042,56.032812,0 -3.695117,56.06333,0 -3.789062,56.095215,0 -3.70415,56.043164,0 -3.607812,56.016016,0 -3.04873,55.951953,0 -3.015088,55.958594,0 -2.836865,56.02627,0 -2.599316,56.027295,0 -2.14707,55.902979,0 -2.016846,55.807959,0 -1.830273,55.671729,0 -1.72876,55.618555,0 -1.655371,55.570361,0 -1.610156,55.498096,0 -1.522559,55.259521,0 -1.422656,55.026416,0 -1.291748,54.773877,0 -1.232422,54.703711,0 -1.154395,54.654492,0 -0.759326,54.541406,0 -0.671387,54.503906,0 -0.518115,54.395117,0 -0.370361,54.279199,0 -0.232861,54.190137,0 -0.084375,54.118066,0 -0.156299,54.080615,0 -0.205566,54.021729,0 -0.16875,53.94165,0 -0.108252,53.865186,0 0.010547,53.742822,0 0.115332,53.609277,0 0.076709,53.629443,0 0.036084,53.640527,0 -0.019434,53.637207,0 -0.07373,53.643652,0 -0.173828,53.685449,0 -0.27002,53.736768,0 -0.461377,53.716162,0 -0.567676,53.725391,0 -0.659912,53.724023,0 -0.485059,53.694385,0 -0.293701,53.692334,0 0.12832,53.468262,0 0.270996,53.335498,0 0.355762,53.159961,0 0.298047,53.081104,0 0.208203,53.030029,0 0.124414,52.971582,0 0.045898,52.905615,0 0.279785,52.808691,0 0.330176,52.811621,0 0.381934,52.825195,0 0.431641,52.858154,0 0.515527,52.938379,0 0.558789,52.966943,0 0.704492,52.977246,0 0.826758,52.971094,0 0.948535,52.953369,0 1.055566,52.958984,0 1.271289,52.924561,0 1.382129,52.893506,0 1.656738,52.753711,0 1.716113,52.677246,0 1.743359,52.578516,0 1.746582,52.468994,0 1.700391,52.368896,0 1.647363,52.278516,0 1.614648,52.161816,0 1.591406,52.119775,0 1.558984,52.086865,0 1.413477,51.994775,0 1.316797,51.956934,0 1.275977,51.973535,0 1.232422,51.97124,0 1.227832,51.949121,0 1.273828,51.9021,0 1.274414,51.845361,0 1.188477,51.803369,0 1.101172,51.785449,0 0.955078,51.807812,0 0.752246,51.72959,0 0.898047,51.689404,0 0.927441,51.646631,0 0.890918,51.571436,0 0.799219,51.537891,0 0.697559,51.523047,0 0.593457,51.519482,0 0.507227,51.501074,0 0.424512,51.465625,0 0.52832,51.484473,0 0.600293,51.467969,0 0.645508,51.404687,0 0.686523,51.386572,0 0.889355,51.359521,0 1.014941,51.359717,0 1.257129,51.375098,0 1.373438,51.374707,0 1.414941,51.363281,0 1.415625,51.31084,0 1.397559,51.182031,0 1.365527,51.155469,0 1.044434,51.047266,0 0.978613,50.97168,0 0.960156,50.925879,0 0.772363,50.933984,0 0.684375,50.885547,0 0.532324,50.853418,0 0.414746,50.819189,0 0.299707,50.775977,0 0.205078,50.763037,0 -0.203906,50.814355,0 -0.450781,50.810156,0 -0.785254,50.76543,0 -0.871387,50.772803,0 -1.000586,50.815625,0 -1.132861,50.84458,0 -1.285059,50.857324,0 -1.416455,50.896875,0 -1.334473,50.820801,0 -1.516748,50.747461,0 -1.60083,50.732861,0 -1.687891,50.735156,0 -1.866016,50.715234,0 -2.031055,50.725391,0 -2.00625,50.673242,0 -1.962061,50.627783,0 -1.9979,50.608008,0 -2.03584,50.603076,0 -2.350146,50.637402,0 -2.394678,50.630908,0 -2.433447,50.599219,0 -2.547754,50.616309,0 -2.658838,50.669727,0 -2.776953,50.705566,0 -2.900879,50.722412,0 -2.999414,50.716602,0 -3.40459,50.632422,0 -3.485449,50.547949,0 -3.525879,50.428174,0 -3.584375,50.321826,0 -3.679785,50.239941,0 -3.793359,50.229248,0 -3.900195,50.285937,0 -4.103418,50.348535,0 -4.172559,50.39082,0 -4.19458,50.393311,0 -4.217285,50.378174,0 -4.296973,50.359082,0 -4.379492,50.358203,0 -4.506689,50.341357,0 -4.727979,50.290479,0 -4.817383,50.255957,0 -5.009521,50.160742,0 -5.048633,50.134375,0 -5.118506,50.03833,0 -5.225244,50.021387,0 -5.322852,50.082959,0 -5.433984,50.104443,0 -5.551221,50.083398,0 -5.622119,50.050684,0 -5.655176,50.077246,0 -5.65625,50.131885,0 -5.570654,50.196973,0 -5.342285,50.246143,0 -5.141797,50.37373,0 -5.043457,50.451514,0 -5.004443,50.495264,0 -4.956396,50.523145,0 -4.893555,50.533691,0 -4.861279,50.582031,0 -4.58291,50.776367,0 -4.559961,50.820947,0 -4.546094,50.900684,0 -4.523096,50.977441,0 -4.296484,51.027148,0 -4.188184,51.188525,0 -4.158398,51.201318,0 -3.842334,51.230908,0 -3.60791,51.228564,0 -3.375098,51.196973,0 -3.255762,51.194141,0 -3.135986,51.205029,0 -3.042041,51.248584,0 -2.88125,51.405664,0 -2.79082,51.474805,0 -2.687207,51.537256,0 -2.590283,51.608594,0 -2.433057,51.740723,0 -2.539355,51.695215,0 -2.667676,51.622998,0</coordinates>
        </LinearRing>
      </outerBoundaryIs>
    </Polygon>
    <Polygon>
      <outerBoundaryIs>
        <LinearRing>
          <coordinates>-4.196777,53.321436,0 -4.154883,53.302832,0 -4.049365,53.305762,0 -4.084277,53.264307,0 -4.200391,53.218066,0 -4.278613,53.172412,0 -4.373047,53.13418,0 -4.418848,53.178027,0 -4.471973,53.176367,0 -4.553223,53.260449,0 -4.567871,53.386475,0 -4.461719,53.419287,0 -4.315088,53.417236,0 -4.196777,53.321436,0</coordinates>
        </LinearRing>
      </outerBoundaryIs>
    </Polygon>
    <Polygon>
      <outerBoundaryIs>
        <LinearRing>
          <coordinates>-2.548877,59.231348,0 -2.662061,59.230176,0 -2.603613,59.289307,0 -2.535645,59.30415,0 -2.406982,59.297559,0 -2.429834,59.271045,0 -2.548877,59.231348,0</coordinates>
        </LinearRing>
      </outerBoundaryIs>
    </Polygon>
    <Polygon>
      <outerBoundaryIs>
        <LinearRing>
          <coordinates>-1.042529,60.513867,0 -1.067871,60.502295,0 -1.165527,60.603906,0 -1.093311,60.720215,0 -1.005615,60.716504,0 -0.99165,60.686035,0 -1.000342,60.658008,0 -1.04502,60.655518,0 -1.049023,60.646924,0 -1.035107,60.59292,0 -1.034229,60.530176,0 -1.042529,60.513867,0</coordinates>
        </LinearRing>
      </outerBoundaryIs>
    </Polygon>
    <Polygon>
      <outerBoundaryIs>
        <LinearRing>
          <coordinates>-1.308105,60.5375,0 -1.287402,60.467041,0 -1.235742,60.485303,0 -1.157764,60.417725,0 -1.117969,60.417627,0 -1.052441,60.444482,0 -1.065674,60.381592,0 -1.133691,60.206982,0 -1.152783,60.177344,0 -1.165723,60.124268,0 -1.179248,60.113916,0 -1.199316,60.006592,0 -1.245312,59.97124,0 -1.283789,59.886914,0 -1.299463,59.878662,0 -1.355859,59.911133,0 -1.299512,60.039844,0 -1.276172,60.114648,0 -1.290918,60.153467,0 -1.322803,60.188379,0 -1.409033,60.189502,0 -1.481494,60.173389,0 -1.496875,60.193994,0 -1.499121,60.221777,0 -1.516602,60.231006,0 -1.613037,60.229102,0 -1.641357,60.236768,0 -1.660059,60.262256,0 -1.66377,60.28252,0 -1.57666,60.298389,0 -1.494434,60.29248,0 -1.374609,60.33291,0 -1.449561,60.468555,0 -1.548828,60.481299,0 -1.571777,60.494434,0 -1.552637,60.517432,0 -1.498145,60.529834,0 -1.414209,60.59873,0 -1.363965,60.60957,0 -1.301709,60.607666,0 -1.308105,60.5375,0</coordinates>
        </LinearRing>
      </outerBoundaryIs>
    </Polygon>
    <Polygon>
      <outerBoundaryIs>
        <LinearRing>
          <coordinates>-0.774268,60.811963,0 -0.774316,60.800488,0 -0.826172,60.716162,0 -0.825488,60.683936,0 -0.909131,60.687012,0 -0.922266,60.697266,0 -0.938086,60.745654,0 -0.927539,60.797168,0 -0.91582,60.810449,0 -0.891406,60.815918,0 -0.864941,60.805811,0 -0.823437,60.831885,0 -0.801807,60.83125,0 -0.774268,60.811963,0</coordinates>
        </LinearRing>
      </outerBoundaryIs>
    </Polygon>
    <Polygon>
      <outerBoundaryIs>
        <LinearRing>
          <coordinates>-3.164941,58.794189,0 -3.222119,58.780957,0 -3.278809,58.781934,0 -3.367188,58.839746,0 -3.40083,58.881787,0 -3.394727,58.909619,0 -3.357422,58.918994,0 -3.271924,58.905273,0 -3.227637,58.857178,0 -3.222119,58.825879,0 -3.211621,58.813574,0 -3.158545,58.801221,0 -3.164941,58.794189,0</coordinates>
        </LinearRing>
      </outerBoundaryIs>
    </Polygon>
    <Polygon>
      <outerBoundaryIs>
        <LinearRing>
          <coordinates>-2.929395,58.741602,0 -2.938965,58.738623,0 -2.975391,58.756934,0 -3.035449,58.822656,0 -2.941211,58.835693,0 -2.896436,58.827588,0 -2.913086,58.799609,0 -2.929395,58.741602,0</coordinates>
        </LinearRing>
      </outerBoundaryIs>
    </Polygon>
    <Polygon>
      <outerBoundaryIs>
        <LinearRing>
          <coordinates>-3.057422,59.029639,0 -3.070703,59.00498,0 -2.994678,59.005566,0 -2.88457,58.984521,0 -2.81792,58.981885,0 -2.762451,58.955811,0 -2.793018,58.906934,0 -2.826221,58.893262,0 -2.86377,58.890527,0 -2.994824,58.939355,0 -3.166602,58.919092,0 -3.200781,58.925293,0 -3.22334,58.93877,0 -3.232617,58.955518,0 -3.232812,58.989648,0 -3.242139,58.999707,0 -3.304346,58.967432,0 -3.331641,58.97124,0 -3.34707,58.986719,0 -3.353711,59.01875,0 -3.346826,59.06499,0 -3.310352,59.130811,0 -3.248584,59.143945,0 -3.156494,59.136328,0 -3.051123,59.099023,0 -3.019238,59.076025,0 -3.02002,59.057666,0 -3.057422,59.029639,0</coordinates>
        </LinearRing>
      </outerBoundaryIs>
    </Polygon>
    <Polygon>
      <outerBoundaryIs>
        <LinearRing>
          <coordinates>-2.729395,59.186768,0 -2.815234,59.161914,0 -2.851855,59.182471,0 -2.861426,59.246826,0 -2.96377,59.274365,0 -3.013477,59.291455,0 -3.052051,59.323877,0 -3.042236,59.333838,0 -2.975537,59.347119,0 -2.861621,59.28833,0 -2.815039,59.24082,0 -2.730664,59.226758,0 -2.719922,59.219482,0 -2.729395,59.186768,0</coordinates>
        </LinearRing>
      </outerBoundaryIs>
    </Polygon>
    <Polygon>
      <outerBoundaryIs>
        <LinearRing>
          <coordinates>-6.607617,56.58501,0 -6.664453,56.579443,0 -6.668555,56.593604,0 -6.569922,56.66123,0 -6.506055,56.672363,0 -6.483691,56.665771,0 -6.530078,56.626611,0 -6.607617,56.58501,0</coordinates>
        </LinearRing>
      </outerBoundaryIs>
    </Polygon>
    <Polygon>
      <outerBoundaryIs>
        <LinearRing>
          <coordinates>-5.10542,55.448828,0 -5.231494,55.448096,0 -5.277051,55.456738,0 -5.331494,55.481055,0 -5.392676,55.618359,0 -5.370801,55.666943,0 -5.345703,55.690723,0 -5.318115,55.70918,0 -5.251611,55.716943,0 -5.185449,55.690967,0 -5.1604,55.666797,0 -5.10498,55.573975,0 -5.094727,55.494336,0 -5.10542,55.448828,0</coordinates>
        </LinearRing>
      </outerBoundaryIs>
    </Polygon>
    <Polygon>
      <outerBoundaryIs>
        <LinearRing>
          <coordinates>-5.777881,56.344336,0 -6.176172,56.288721,0 -6.313428,56.293652,0 -6.32583,56.320947,0 -6.298486,56.33916,0 -6.184863,56.356885,0 -6.138867,56.490625,0 -6.310645,56.552148,0 -6.319678,56.569434,0 -6.30625,56.598779,0 -6.286328,56.611865,0 -6.18208,56.642969,0 -6.138281,56.649854,0 -6.102734,56.645654,0 -6.02959,56.609814,0 -5.94668,56.534521,0 -5.836035,56.522559,0 -5.76084,56.490674,0 -5.777881,56.344336,0</coordinates>
        </LinearRing>
      </outerBoundaryIs>
    </Polygon>
    <Polygon>
      <outerBoundaryIs>
        <LinearRing>
          <coordinates>-6.128906,55.930566,0 -6.092822,55.802148,0 -6.057617,55.72251,0 -6.055322,55.695312,0 -6.088379,55.65752,0 -6.253174,55.607227,0 -6.305078,55.606934,0 -6.307227,55.619141,0 -6.27002,55.670313,0 -6.302051,55.728369,0 -6.286426,55.77251,0 -6.301758,55.780615,0 -6.333887,55.774365,0 -6.451953,55.704248,0 -6.491357,55.697314,0 -6.495654,55.711572,0 -6.466455,55.768994,0 -6.462842,55.808252,0 -6.445264,55.832373,0 -6.413184,55.854639,0 -6.374951,55.871338,0 -6.344141,55.87373,0 -6.311279,55.856494,0 -6.215674,55.90459,0 -6.128906,55.930566,0</coordinates>
        </LinearRing>
      </outerBoundaryIs>
    </Polygon>
    <Polygon>
      <outerBoundaryIs>
        <LinearRing>
          <coordinates>-5.970068,55.814551,0 -5.990918,55.803809,0 -6.041553,55.806787,0 -6.060352,55.8229,0 -6.070703,55.847656,0 -6.071973,55.893115,0 -6.041309,55.925635,0 -5.911768,55.974756,0 -5.970312,55.992188,0 -5.972656,56.004443,0 -5.939062,56.045264,0 -5.799609,56.108789,0 -5.762256,56.120312,0 -5.725146,56.118555,0 -5.797217,56.005615,0 -5.970068,55.814551,0</coordinates>
        </LinearRing>
      </outerBoundaryIs>
    </Polygon>
    <Polygon>
      <outerBoundaryIs>
        <LinearRing>
          <coordinates>-6.198682,58.363281,0 -6.32583,58.188867,0 -6.375586,58.18457,0 -6.419287,58.140967,0 -6.55459,58.092871,0 -6.436523,58.091895,0 -6.403369,58.075879,0 -6.402441,58.041357,0 -6.425195,58.021289,0 -6.578125,57.941357,0 -6.683301,57.911035,0 -6.796582,57.827539,0 -6.85376,57.826514,0 -6.910352,57.773389,0 -6.956934,57.750049,0 -6.983105,57.75,0 -7.013184,57.761768,0 -7.083447,57.81377,0 -6.955957,57.864893,0 -6.944141,57.893652,0 -6.856836,57.923535,0 -6.86416,57.932861,0 -7.002539,57.974902,0 -7.05708,58.003174,0 -7.051904,58.017969,0 -6.985303,58.050488,0 -7.016895,58.054785,0 -7.038232,58.072314,0 -7.076904,58.079004,0 -7.088477,58.095361,0 -7.095605,58.138281,0 -7.085254,58.182178,0 -7.044922,58.201562,0 -7.028418,58.222314,0 -7.012061,58.228711,0 -6.949561,58.217676,0 -6.88623,58.182568,0 -6.812305,58.196094,0 -6.726465,58.189404,0 -6.724707,58.197559,0 -6.787744,58.283887,0 -6.776465,58.301514,0 -6.742285,58.321631,0 -6.544189,58.383154,0 -6.297168,58.486621,0 -6.237451,58.502832,0 -6.219434,58.488721,0 -6.194238,58.435107,0 -6.198682,58.363281,0</coordinates>
        </LinearRing>
      </outerBoundaryIs>
    </Polygon>
    <Polygon>
      <outerBoundaryIs>
        <LinearRing>
          <coordinates>-6.279053,56.964697,0 -6.30874,56.951807,0 -6.34624,56.954297,0 -6.383398,56.970898,0 -6.432617,57.01792,0 -6.322363,57.050537,0 -6.278223,57.031396,0 -6.261279,57.009521,0 -6.260547,56.985254,0 -6.279053,56.964697,0</coordinates>
        </LinearRing>
      </outerBoundaryIs>
    </Polygon>
    <Polygon>
      <outerBoundaryIs>
        <LinearRing>
          <coordinates>-6.144727,57.50498,0 -6.146143,57.460791,0 -6.16377,57.408838,0 -6.14082,57.353662,0 -6.135547,57.314258,0 -6.093408,57.301709,0 -6.067627,57.283545,0 -5.880273,57.263232,0 -5.706006,57.268945,0 -5.672461,57.252686,0 -5.668652,57.226904,0 -5.696191,57.198437,0 -5.79541,57.146533,0 -5.91377,57.062646,0 -5.949072,57.045166,0 -5.987305,57.044434,0 -6.014746,57.051953,0 -6.034375,57.201221,0 -6.162744,57.182129,0 -6.266113,57.184326,0 -6.322705,57.20249,0 -6.362402,57.2375,0 -6.442432,57.32749,0 -6.675439,57.362891,0 -6.741309,57.412451,0 -6.761133,57.442383,0 -6.752734,57.458936,0 -6.704199,57.495752,0 -6.643457,57.482617,0 -6.605859,57.490674,0 -6.583008,57.507129,0 -6.583496,57.520654,0 -6.615283,57.552734,0 -6.616797,57.562695,0 -6.378516,57.60332,0 -6.357666,57.666797,0 -6.305957,57.671973,0 -6.246924,57.651221,0 -6.166064,57.585303,0 -6.144727,57.50498,0</coordinates>
        </LinearRing>
      </outerBoundaryIs>
    </Polygon>
    <Polygon>
      <outerBoundaryIs>
        <LinearRing>
          <coordinates>-7.205566,57.682959,0 -7.092773,57.62666,0 -7.182617,57.533301,0 -7.320557,57.53374,0 -7.514746,57.601953,0 -7.515625,57.615869,0 -7.499414,57.636328,0 -7.470312,57.652539,0 -7.440039,57.656396,0 -7.391895,57.645215,0 -7.324854,57.663135,0 -7.271191,57.657471,0 -7.205566,57.682959,0</coordinates>
        </LinearRing>
      </outerBoundaryIs>
    </Polygon>
    <Polygon>
      <outerBoundaryIs>
        <LinearRing>
          <coordinates>-7.249854,57.115332,0 -7.292041,57.109766,0 -7.347412,57.115137,0 -7.381494,57.130664,0 -7.415918,57.192139,0 -7.422363,57.229346,0 -7.407031,57.298486,0 -7.410547,57.381104,0 -7.296387,57.383691,0 -7.267139,57.371777,0 -7.247559,57.126367,0 -7.249854,57.115332,0</coordinates>
        </LinearRing>
      </outerBoundaryIs>
    </Polygon>
    <Polygon>
      <outerBoundaryIs>
        <LinearRing>
          <coordinates>-7.416895,56.96543,0 -7.504785,56.95166,0 -7.537402,56.959717,0 -7.542969,56.972363,0 -7.522949,57.006787,0 -7.455469,57.018945,0 -7.406689,57.000293,0 -7.398926,56.98335,0 -7.416895,56.96543,0</coordinates>
        </LinearRing>
      </outerBoundaryIs>
    </Polygon>
    <Polygon>
      <outerBoundaryIs>
        <LinearRing>
          <coordinates>-6.218018,54.088721,0 -6.303662,54.094873,0 -6.363672,54.0771,0 -6.402588,54.060645,0 -6.440283,54.063623,0 -6.548145,54.057275,0 -6.649805,54.058643,0 -6.664209,54.084766,0 -6.646875,54.163428,0 -6.669531,54.184717,0 -6.766602,54.195605,0 -6.802588,54.214355,0 -6.85835,54.268652,0 -6.869238,54.294043,0 -6.877246,54.329102,0 -6.936133,54.374316,0 -7.007715,54.406689,0 -7.049707,54.408252,0 -7.133496,54.355371,0 -7.202588,54.301807,0 -7.178076,54.274902,0 -7.155469,54.239502,0 -7.193066,54.214111,0 -7.306738,54.156006,0 -7.324512,54.133447,0 -7.355176,54.12124,0 -7.409424,54.137305,0 -7.544434,54.133594,0 -7.606543,54.143848,0 -7.67876,54.18667,0 -7.854932,54.215283,0 -7.884473,54.283789,0 -7.918457,54.296582,0 -8.118262,54.414258,0 -8.144824,54.453516,0 -8.118945,54.476953,0 -8.044336,54.512451,0 -7.793799,54.57124,0 -7.754395,54.594922,0 -7.746289,54.61582,0 -7.819824,54.639697,0 -7.886133,54.666064,0 -7.90874,54.68335,0 -7.910596,54.69834,0 -7.872949,54.717871,0 -7.797266,54.719287,0 -7.7375,54.710449,0 -7.68999,54.728027,0 -7.606445,54.745703,0 -7.550391,54.767969,0 -7.502197,54.825439,0 -7.45127,54.8771,0 -7.445996,54.905127,0 -7.401416,55.00332,0 -7.376904,55.027686,0 -7.218652,55.091992,0 -7.178613,55.056885,0 -7.100635,55.048291,0 -7.030762,55.080615,0 -6.947168,55.18252,0 -6.888965,55.188916,0 -6.824854,55.180664,0 -6.698828,55.193457,0 -6.475049,55.241016,0 -6.375293,55.241797,0 -6.234229,55.216846,0 -6.12915,55.217383,0 -6.035791,55.144531,0 -5.985742,55.029688,0 -5.869189,54.916211,0 -5.716846,54.81748,0 -5.710742,54.75708,0 -5.765186,54.724658,0 -5.879102,54.684375,0 -5.878613,54.641309,0 -5.803467,54.663037,0 -5.738623,54.673047,0 -5.58252,54.663428,0 -5.52793,54.619629,0 -5.490186,54.554053,0 -5.47041,54.500195,0 -5.483887,54.44165,0 -5.525879,54.460205,0 -5.568555,54.512598,0 -5.615967,54.536719,0 -5.671094,54.549756,0 -5.646094,54.477881,0 -5.655957,54.381738,0 -5.631885,54.372656,0 -5.557812,54.370996,0 -5.606787,54.272559,0 -5.708057,54.24585,0 -5.826172,54.23584,0 -5.854639,54.200977,0 -5.876074,54.156055,0 -5.937744,54.089062,0 -6.019043,54.05127,0 -6.119531,54.058887,0 -6.218018,54.088721,0</coordinates>
        </LinearRing>
      </outerBoundaryIs>
    </Polygon>
    <Polygon>
      <outerBoundaryIs>
        <LinearRing>
          <coordinates>-1.065576,50.690234,0 -1.149365,50.655713,0 -1.17583,50.615234,0 -1.196094,50.599219,0 -1.251465,50.588818,0 -1.306299,50.588525,0 -1.515332,50.669775,0 -1.563428,50.666113,0 -1.515674,50.70332,0 -1.38584,50.733545,0 -1.312793,50.773486,0 -1.144238,50.734717,0 -1.065576,50.690234,0</coordinates>
        </LinearRing>
      </outerBoundaryIs>
    </Polygon>
    </MultiGeometry>
  </Placemark>
    <Placemark><name>Ukraine</name><styleUrl>#country_border</styleUrl><MultiGeometry>
    <Polygon>
      <outerBoundaryIs>
        <LinearRing>
          <coordinates>38.214355,47.091455,0 38.17832,47.080225,0 37.828711,47.09585,0 37.761147,47.090809,0 37.543359,47.074561,0 37.339844,46.916895,0 37.218555,46.917334,0 37.047559,46.876221,0 36.932031,46.825146,0 36.794824,46.714404,0 36.688672,46.764111,0 36.558789,46.762695,0 36.432031,46.732568,0 36.279492,46.658594,0 36.194629,46.645508,0 36.024902,46.666797,0 35.827148,46.624316,0 35.400195,46.381396,0 35.256641,46.203906,0 35.204395,46.169189,0 35.132324,46.125879,0 35.055273,46.104004,0 35.014551,46.106006,0 35.217773,46.232178,0 35.280176,46.279492,0 35.290918,46.314404,0 35.291992,46.370703,0 35.230371,46.440625,0 35.064063,46.267236,0 34.969531,46.24209,0 34.849609,46.189893,0 34.84375,46.073584,0 34.857324,45.987354,0 34.906641,45.878809,0 35.001674,45.733383,0 34.946428,45.728686,0 34.799726,45.790752,0 34.794084,45.892315,0 34.686878,45.97695,0 34.523249,45.97695,0 34.449898,45.965666,0 34.353978,46.061586,0 34.224203,46.101083,0 34.128283,46.089798,0 34.02672,46.106725,0 33.806667,46.208288,0 33.659965,46.219573,0 33.654323,46.146222,0 33.594141,46.09624,0 33.498828,46.078857,0 33.429883,46.057617,0 33.263477,46.125684,0 33.202246,46.175732,0 32.941797,46.123779,0 32.796875,46.131494,0 32.476758,46.083691,0 32.329883,46.130371,0 32.035742,46.260986,0 31.925195,46.287256,0 31.83125,46.281689,0 31.77998,46.324658,0 31.842871,46.346143,0 31.915918,46.348682,0 31.991699,46.364404,0 32.013086,46.387158,0 32.008496,46.42998,0 31.855762,46.462451,0 31.713672,46.471777,0 31.623633,46.510254,0 31.554883,46.554297,0 31.716016,46.55498,0 31.87793,46.52168,0 32.131445,46.509375,0 32.361328,46.474951,0 32.418945,46.517773,0 32.552539,46.591992,0 32.578027,46.615625,0 32.354102,46.564844,0 32.127246,46.597217,0 32.044336,46.64248,0 31.974316,46.708789,0 31.944922,46.784375,0 31.964063,46.854834,0 31.939551,46.981982,0 31.864746,47.095117,0 31.838184,47.157227,0 31.75918,47.212842,0 31.836914,47.087012,0 31.865918,47.003271,0 31.912695,46.926123,0 31.90166,46.721631,0 31.872852,46.649756,0 31.77959,46.631641,0 31.657031,46.642432,0 31.532129,46.664746,0 31.563379,46.777295,0 31.496875,46.738379,0 31.40293,46.628809,0 31.320313,46.6125,0 31.136816,46.624463,0 30.796289,46.552002,0 30.772852,46.473047,0 30.72168,46.366211,0 30.672266,46.304004,0 30.656738,46.266504,0 30.511523,46.105371,0 30.492969,46.090137,0 30.219043,45.866748,0 30.18418,45.849951,0 30.006641,45.797949,0 29.90166,45.752393,0 29.821191,45.73208,0 29.685059,45.754688,0 29.628418,45.722461,0 29.60166,45.68252,0 29.601172,45.6,0 29.670313,45.540674,0 29.726953,45.343311,0 29.705859,45.259912,0 29.651953,45.313916,0 29.567676,45.370801,0 29.403711,45.419678,0 29.223535,45.40293,0 29.027441,45.320557,0 28.894336,45.289941,0 28.824316,45.311084,0 28.781738,45.309863,0 28.766602,45.28623,0 28.769824,45.266895,0 28.791406,45.251904,0 28.788281,45.240967,0 28.760742,45.234131,0 28.45127,45.292187,0 28.317676,45.347119,0 28.2125,45.450439,0 28.264844,45.483887,0 28.310352,45.498584,0 28.471387,45.507178,0 28.499023,45.517725,0 28.501758,45.541553,0 28.51377,45.572412,0 28.509473,45.617822,0 28.491602,45.665771,0 28.562305,45.735791,0 28.667578,45.793848,0 28.729297,45.852002,0 28.73877,45.937158,0 28.849512,45.978662,0 28.947754,46.049951,0 28.971875,46.127637,0 29.00625,46.176465,0 28.94375,46.288428,0 28.930566,46.362256,0 28.927441,46.424121,0 28.958398,46.458496,0 29.049902,46.497021,0 29.146289,46.526904,0 29.18623,46.523975,0 29.200781,46.50498,0 29.20459,46.379346,0 29.223828,46.376953,0 29.25459,46.392627,0 29.304883,46.466602,0 29.339551,46.445068,0 29.392871,46.436914,0 29.432813,46.455957,0 29.458789,46.45376,0 29.491016,46.434668,0 29.555078,46.407764,0 29.614941,46.398828,0 29.664551,46.416748,0 29.706836,46.44873,0 29.751953,46.437793,0 29.837891,46.350537,0 29.878027,46.360205,0 30.075684,46.377832,0 30.10752,46.401562,0 30.131055,46.423096,0 29.924316,46.538867,0 29.934766,46.625,0 29.94248,46.723779,0 29.918066,46.782422,0 29.877832,46.828906,0 29.719727,46.88291,0 29.597754,46.938818,0 29.571973,46.964014,0 29.568652,46.996729,0 29.563477,47.04751,0 29.515039,47.091113,0 29.510938,47.128027,0 29.541797,47.185547,0 29.549316,47.246826,0 29.53916,47.270996,0 29.510645,47.290723,0 29.455664,47.292627,0 29.383398,47.328027,0 29.333789,47.375732,0 29.200586,47.444482,0 29.159766,47.455664,0 29.134863,47.489697,0 29.122949,47.530371,0 29.150879,47.580859,0 29.186035,47.658594,0 29.210742,47.731543,0 29.211133,47.775,0 29.194824,47.882422,0 29.125391,47.964551,0 29.092969,47.975439,0 29.036914,47.952344,0 28.97334,47.933008,0 28.923145,47.951123,0 28.86582,47.995654,0 28.773828,48.11958,0 28.60166,48.144385,0 28.530469,48.150293,0 28.463086,48.090527,0 28.441992,48.108691,0 28.423047,48.146875,0 28.3875,48.162109,0 28.340527,48.144434,0 28.326953,48.161426,0 28.347168,48.213037,0 28.291016,48.238574,0 28.158789,48.237988,0 28.088477,48.257031,0 28.080078,48.295801,0 28.038477,48.321289,0 27.963379,48.333545,0 27.890625,48.365234,0 27.82002,48.41626,0 27.714453,48.449512,0 27.57373,48.464893,0 27.562207,48.47041,0 27.549219,48.477734,0 27.458398,48.443066,0 27.403809,48.415625,0 27.336914,48.432715,0 27.228516,48.371436,0 27.008496,48.368262,0 26.900586,48.371924,0 26.84707,48.387158,0 26.64043,48.294141,0 26.618945,48.259863,0 26.572461,48.248486,0 26.442383,48.22998,0 26.305664,48.20376,0 26.276953,48.113232,0 26.23623,48.064355,0 26.162695,47.992529,0 25.908691,47.967578,0 25.689258,47.932471,0 25.464258,47.910791,0 25.169629,47.823096,0 25.073828,47.745703,0 24.979102,47.724121,0 24.893359,47.717773,0 24.837891,47.76084,0 24.650977,47.876514,0 24.578906,47.931055,0 24.484082,47.947119,0 24.380957,47.938037,0 24.281934,47.911182,0 24.177734,47.906055,0 24.059766,47.944775,0 24.047363,47.941016,0 24.001855,47.935791,0 23.708984,47.982617,0 23.682031,47.990381,0 23.669043,47.992334,0 23.628711,47.99585,0 23.408203,47.98999,0 23.202637,48.084521,0 23.139453,48.087402,0 23.09082,48.049121,0 23.054785,48.006543,0 22.912891,47.964258,0 22.87666,47.947266,0 22.856055,47.960303,0 22.846484,47.99707,0 22.857227,48.029541,0 22.83623,48.060303,0 22.782227,48.095215,0 22.769141,48.109619,0 22.701563,48.107031,0 22.683105,48.103613,0 22.676367,48.104395,0 22.582422,48.134033,0 22.520117,48.205371,0 22.423828,48.243311,0 22.350195,48.256055,0 22.316699,48.286621,0 22.295117,48.327295,0 22.272168,48.358008,0 22.269434,48.360889,0 22.253711,48.407373,0 22.231152,48.412158,0 22.227148,48.413428,0 22.131836,48.405322,0 22.142871,48.568506,0 22.295215,48.68584,0 22.332617,48.745068,0 22.389453,48.873486,0 22.432031,48.933545,0 22.483203,48.983252,0 22.524121,49.031396,0 22.538672,49.072705,0 22.57998,49.077197,0 22.70127,49.039941,0 22.809766,49.020752,0 22.839746,49.038916,0 22.852051,49.062744,0 22.84707,49.08125,0 22.760156,49.13623,0 22.705664,49.171191,0 22.702344,49.192725,0 22.721973,49.240967,0 22.732422,49.295166,0 22.719922,49.353809,0 22.660645,49.483691,0 22.649414,49.539014,0 22.706152,49.606201,0 22.890723,49.76626,0 22.952246,49.826367,0 23.036328,49.899072,0 23.264453,50.072852,0 23.408594,50.173926,0 23.506152,50.229834,0 23.649023,50.327051,0 23.711719,50.377344,0 23.972656,50.410059,0 24.00498,50.457031,0 24.052637,50.508447,0 24.089941,50.530469,0 24.094727,50.617041,0 24.046289,50.722803,0 24.007324,50.760156,0 23.978418,50.785596,0 23.99707,50.809375,0 24.025977,50.816162,0 24.061621,50.819531,0 24.105762,50.844971,0 24.095801,50.872754,0 23.985742,50.94043,0 23.938086,50.992529,0 23.863477,51.126221,0 23.712207,51.265137,0 23.664453,51.310059,0 23.657617,51.35249,0 23.679688,51.394922,0 23.658887,51.448975,0 23.605273,51.51792,0 23.61377,51.525391,0 23.608594,51.610498,0 23.64668,51.628857,0 23.706836,51.641309,0 23.791699,51.637109,0 23.864258,51.623975,0 23.951172,51.585059,0 23.97832,51.591309,0 24.126855,51.664648,0 24.280078,51.774707,0 24.32373,51.838428,0 24.361914,51.867529,0 24.495215,51.883057,0 24.611328,51.889502,0 24.685156,51.888281,0 24.866406,51.899121,0 24.973828,51.911133,0 25.066699,51.930518,0 25.267188,51.937744,0 25.580273,51.924756,0 25.785742,51.923828,0 25.925293,51.913525,0 26.26709,51.855029,0 26.394336,51.844434,0 26.453418,51.813428,0 26.566895,51.801904,0 26.773438,51.770703,0 26.952832,51.754004,0 27.074121,51.76084,0 27.141992,51.752051,0 27.270117,51.613574,0 27.296289,51.597412,0 27.347656,51.594141,0 27.452344,51.606104,0 27.601367,51.601611,0 27.689746,51.572412,0 27.676758,51.489941,0 27.7,51.477979,0 27.741309,51.482568,0 27.788867,51.52915,0 27.828809,51.577441,0 27.858594,51.592383,0 28.010742,51.559766,0 28.080273,51.565039,0 28.144434,51.60166,0 28.183789,51.607861,0 28.291602,51.581836,0 28.424609,51.563623,0 28.532031,51.562451,0 28.599023,51.542627,0 28.647754,51.456543,0 28.690234,51.438867,0 28.73125,51.433398,0 28.793262,51.510352,0 28.849512,51.540186,0 28.927539,51.562158,0 28.977734,51.571777,0 29.013086,51.598926,0 29.060742,51.625439,0 29.102051,51.627539,0 29.135645,51.617285,0 29.174219,51.580615,0 29.230469,51.497021,0 29.298828,51.413037,0 29.346484,51.382568,0 29.469629,51.40835,0 29.553125,51.43457,0 29.706055,51.439551,0 29.908789,51.458008,0 30.06377,51.482031,0 30.160742,51.477881,0 30.219531,51.451221,0 30.308984,51.399609,0 30.333398,51.325537,0 30.449512,51.274316,0 30.544531,51.265039,0 30.576953,51.318359,0 30.63252,51.35542,0 30.611719,51.406348,0 30.602344,51.47124,0 30.560742,51.531494,0 30.533008,51.596338,0 30.583887,51.688965,0 30.639453,51.770068,0 30.667285,51.814111,0 30.755273,51.895166,0 30.845703,51.953076,0 30.980664,52.046191,0 31.079297,52.076953,0 31.168457,52.062939,0 31.217969,52.050244,0 31.345996,52.105371,0 31.57373,52.108105,0 31.763379,52.101074,0 31.782422,52.099414,0 31.875586,52.070898,0 31.973828,52.046631,0 32.041602,52.04502,0 32.122266,52.050586,0 32.216797,52.082959,0 32.282813,52.114014,0 32.362988,52.272119,0 32.391309,52.294824,0 32.435449,52.307227,0 32.50791,52.308545,0 32.64541,52.279102,0 32.806445,52.252637,0 32.899707,52.256348,0 33.148438,52.34043,0 33.287109,52.353564,0 33.451855,52.333789,0 33.613379,52.332617,0 33.735254,52.344775,0 33.818848,52.315625,0 33.92207,52.251465,0 34.015332,52.155957,0 34.113086,51.979639,0 34.397852,51.78042,0 34.402734,51.741504,0 34.379297,51.716504,0 34.23916,51.692236,0 34.121094,51.67915,0 34.11543,51.644971,0 34.146777,51.607959,0 34.200879,51.553809,0 34.209277,51.484082,0 34.206543,51.419922,0 34.229883,51.363232,0 34.275,51.340186,0 34.280664,51.31167,0 34.228418,51.276855,0 34.213867,51.255371,0 34.23418,51.243799,0 34.491016,51.237061,0 34.616797,51.203125,0 34.712305,51.172217,0 34.760352,51.169336,0 34.868555,51.189209,0 34.990234,51.201758,0 35.064063,51.203418,0 35.092578,51.180664,0 35.115332,51.12085,0 35.158105,51.060986,0 35.198047,51.043896,0 35.269141,51.046777,0 35.311914,51.043896,0 35.334766,51.021143,0 35.309082,50.986914,0 35.314746,50.949902,0 35.346094,50.904297,0 35.383203,50.798926,0 35.417383,50.767578,0 35.440137,50.727686,0 35.440137,50.68208,0 35.411621,50.642236,0 35.391699,50.610937,0 35.411621,50.539697,0 35.488477,50.459912,0 35.545508,50.43999,0 35.591113,50.36875,0 35.67373,50.345996,0 35.796191,50.405762,0 35.890234,50.437109,0 36.007812,50.419678,0 36.116406,50.408545,0 36.189453,50.367822,0 36.243359,50.311768,0 36.306055,50.280469,0 36.368848,50.296826,0 36.499805,50.280469,0 36.559668,50.234863,0 36.619434,50.209229,0 36.696387,50.24624,0 36.759082,50.291846,0 36.988477,50.339551,0 37.13125,50.351514,0 37.171094,50.360889,0 37.254883,50.394971,0 37.343164,50.417627,0 37.422852,50.411475,0 37.501367,50.340723,0 37.582324,50.291846,0 37.605078,50.214941,0 37.704199,50.109082,0 37.950293,49.964209,0 38.046875,49.92002,0 38.1125,49.927832,0 38.146777,49.939404,0 38.162695,49.954541,0 38.177539,50.025391,0 38.208691,50.051465,0 38.258594,50.052344,0 38.451172,49.964062,0 38.551953,49.95459,0 38.647754,49.952881,0 38.77666,49.884326,0 38.918359,49.824707,0 39.027734,49.818408,0 39.114941,49.841748,0 39.174805,49.855957,0 39.211816,49.833203,0 39.245996,49.781934,0 39.30293,49.742041,0 39.368457,49.730664,0 39.462793,49.728027,0 39.626563,49.650684,0 39.780566,49.572021,0 39.876855,49.567676,0 39.958496,49.590771,0 40.030664,49.596729,0 40.080664,49.576855,0 40.094922,49.542676,0 40.057813,49.49707,0 40.057813,49.431543,0 40.126172,49.368848,0 40.12832,49.307227,0 40.108789,49.251562,0 40.07002,49.200293,0 39.976367,49.129834,0 39.889746,49.064062,0 39.759473,49.036572,0 39.686523,49.00791,0 39.705664,48.95957,0 39.75332,48.914453,0 39.86377,48.877979,0 39.98916,48.851416,0 40.003613,48.82207,0 39.984473,48.807373,0 39.904102,48.79375,0 39.792871,48.807715,0 39.755859,48.78208,0 39.70459,48.739355,0 39.67041,48.662451,0 39.644727,48.591211,0 39.76543,48.571875,0 39.835645,48.542773,0 39.85752,48.484229,0 39.882617,48.419092,0 39.889844,48.360449,0 39.849902,48.331934,0 39.847461,48.302783,0 39.866309,48.288428,0 39.918164,48.281934,0 39.95791,48.268896,0 39.961035,48.237939,0 39.885059,48.168359,0 39.813965,48.035303,0 39.775781,47.964453,0 39.778711,47.887549,0 39.735938,47.844824,0 39.658496,47.841211,0 39.391016,47.83374,0 39.158496,47.837402,0 39.057813,47.848486,0 38.900293,47.855127,0 38.822266,47.837012,0 38.718945,47.714111,0 38.640625,47.665918,0 38.510938,47.622412,0 38.368848,47.609961,0 38.287402,47.55918,0 38.258789,47.479541,0 38.256543,47.408936,0 38.243262,47.373682,0 38.212402,47.342773,0 38.201367,47.320801,0 38.208008,47.296533,0 38.241016,47.287695,0 38.280762,47.27666,0 38.280762,47.259033,0 38.265332,47.236963,0 38.221191,47.212744,0 38.201367,47.175244,0 38.205859,47.135596,0 38.214355,47.091455,0</coordinates>
        </LinearRing>
      </outerBoundaryIs>
    </Polygon>
    <Polygon>
      <outerBoundaryIs>
        <LinearRing>
          <coordinates>32.012207,46.203906,0 32.150098,46.154687,0 32.009375,46.167822,0 31.700195,46.214062,0 31.563867,46.257764,0 31.528711,46.306592,0 31.508789,46.373145,0 31.584863,46.303174,0 31.638477,46.272559,0 32.012207,46.203906,0</coordinates>
        </LinearRing>
      </outerBoundaryIs>
    </Polygon>
    </MultiGeometry>
  </Placemark>
    <Placemark><name>Switzerland</name><styleUrl>#country_border</styleUrl><Polygon>
      <outerBoundaryIs>
        <LinearRing>
          <coordinates>9.524023,47.524219,0 9.554395,47.511133,0 9.625879,47.467041,0 9.609082,47.391797,0 9.527539,47.270752,0 9.484277,47.172656,0 9.479492,47.09751,0 9.487695,47.062256,0 9.502344,47.062744,0 9.580273,47.057373,0 9.619922,47.057471,0 9.74502,47.037109,0 9.845313,47.007373,0 9.864648,46.975977,0 9.877734,46.937695,0 9.996875,46.885352,0 10.133496,46.851514,0 10.179785,46.862354,0 10.349414,46.984766,0 10.414941,46.964404,0 10.45459,46.899414,0 10.452832,46.864941,0 10.406055,46.734863,0 10.397949,46.665039,0 10.438281,46.618848,0 10.44248,46.582861,0 10.430664,46.550049,0 10.363086,46.54707,0 10.272266,46.564844,0 10.195508,46.621094,0 10.1375,46.614355,0 10.087012,46.599902,0 10.06123,46.546777,0 10.038281,46.483203,0 10.045605,46.4479,0 10.081934,46.420752,0 10.109668,46.362842,0 10.129883,46.287988,0 10.145215,46.253516,0 10.12832,46.238232,0 10.080566,46.227979,0 10.041016,46.238086,0 9.97168,46.327686,0 9.939258,46.361816,0 9.884473,46.367773,0 9.787793,46.346045,0 9.639453,46.295898,0 9.57959,46.296094,0 9.528711,46.306201,0 9.481055,46.348779,0 9.440625,46.430811,0 9.427637,46.482324,0 9.399316,46.480664,0 9.304395,46.495557,0 9.260156,46.475195,0 9.259766,46.39126,0 9.251074,46.286768,0 9.203418,46.219238,0 9.070996,46.102441,0 9.022363,46.051465,0 9.003027,46.014893,0 8.998926,45.983105,0 9.019141,45.928125,0 9.04668,45.875586,0 9.02373,45.845703,0 8.953711,45.830029,0 8.904297,45.861963,0 8.885156,45.918701,0 8.778027,45.996191,0 8.826758,46.061035,0 8.818555,46.077148,0 8.641699,46.110791,0 8.56543,46.159814,0 8.458398,46.245898,0 8.438477,46.282861,0 8.442969,46.402783,0 8.436816,46.431885,0 8.422559,46.446045,0 8.370703,46.445117,0 8.298535,46.403418,0 8.231934,46.341211,0 8.095703,46.271045,0 8.081543,46.256006,0 8.127246,46.187598,0 8.125195,46.160937,0 8.014258,46.051904,0 7.993164,46.015918,0 7.852344,45.947461,0 7.787891,45.921826,0 7.592578,45.972217,0 7.538574,45.978174,0 7.451563,45.944434,0 7.32793,45.912354,0 7.129004,45.88042,0 7.055762,45.903809,0 7.021094,45.925781,0 7.003906,45.958838,0 6.953711,46.017139,0 6.897266,46.051758,0 6.858008,46.089404,0 6.805664,46.130664,0 6.77207,46.165137,0 6.816797,46.275195,0 6.78418,46.313965,0 6.767383,46.369189,0 6.776074,46.406641,0 6.758105,46.415771,0 6.578223,46.437354,0 6.428906,46.430518,0 6.321875,46.393701,0 6.234668,46.332617,0 6.224219,46.319434,0 6.22959,46.308447,0 6.272949,46.252246,0 6.199414,46.193066,0 6.086621,46.147021,0 6.006641,46.142334,0 5.971484,46.151221,0 5.97002,46.214697,0 6.036133,46.238086,0 6.095898,46.279395,0 6.115918,46.337646,0 6.123242,46.378613,0 6.060254,46.428174,0 6.067969,46.458545,0 6.107031,46.516064,0 6.129688,46.566992,0 6.160742,46.611035,0 6.285156,46.683057,0 6.410156,46.75542,0 6.429004,46.832275,0 6.438574,46.925879,0 6.45625,46.94834,0 6.624805,47.004346,0 6.666895,47.026514,0 6.688086,47.058252,0 6.820703,47.163184,0 6.952051,47.267187,0 6.978516,47.302051,0 7.000586,47.32251,0 7.000586,47.339453,0 6.984082,47.352539,0 6.921484,47.36123,0 6.900391,47.394238,0 6.968359,47.453223,0 7.053418,47.489355,0 7.136035,47.489844,0 7.169238,47.473242,0 7.16748,47.453711,0 7.203125,47.432715,0 7.265723,47.425781,0 7.343164,47.433105,0 7.42002,47.455176,0 7.467383,47.507666,0 7.494922,47.547363,0 7.615625,47.592725,0 7.698047,47.569873,0 7.927051,47.563867,0 8.09375,47.576172,0 8.198242,47.606934,0 8.327832,47.606934,0 8.414746,47.5896,0 8.430078,47.592139,0 8.454004,47.596191,0 8.477637,47.612695,0 8.559473,47.624023,0 8.570508,47.637793,0 8.56709,47.651904,0 8.552344,47.659131,0 8.451758,47.651807,0 8.413281,47.662695,0 8.403418,47.687793,0 8.435742,47.731348,0 8.509863,47.766895,0 8.572656,47.775635,0 8.617871,47.766113,0 8.72832,47.700049,0 8.754785,47.698047,0 8.770117,47.709912,0 8.793066,47.716553,0 8.831152,47.703613,0 8.874023,47.662695,0 8.881152,47.656396,0 9.127539,47.670703,0 9.182813,47.670703,0 9.35,47.598926,0 9.524023,47.524219,0</coordinates>
        </LinearRing>
      </outerBoundaryIs>
    </Polygon>
  </Placemark>
    <Placemark><name>Sweden</name><styleUrl>#country_border</styleUrl><MultiGeometry>
    <Polygon>
      <outerBoundaryIs>
        <LinearRing>
          <coordinates>19.076465,57.835938,0 18.99375,57.812109,0 18.945117,57.741602,0 18.878125,57.729687,0 18.813867,57.706201,0 18.790918,57.483105,0 18.90791,57.39834,0 18.843652,57.386475,0 18.784863,57.361084,0 18.742871,57.323535,0 18.699902,57.242725,0 18.538477,57.196924,0 18.477344,57.163037,0 18.387207,57.087646,0 18.340234,56.978223,0 18.248926,56.931543,0 18.146387,56.920508,0 18.206543,57.010156,0 18.285352,57.083203,0 18.20957,57.133301,0 18.163965,57.211719,0 18.105078,57.271875,0 18.151953,57.339062,0 18.128906,57.44917,0 18.136523,57.556641,0 18.204883,57.610889,0 18.283203,57.655127,0 18.405176,57.756836,0 18.537402,57.830566,0 18.721875,57.863721,0 18.805176,57.833154,0 18.841113,57.900195,0 18.900586,57.915479,0 18.956445,57.9,0 19.076465,57.835938,0</coordinates>
        </LinearRing>
      </outerBoundaryIs>
    </Polygon>
    <Polygon>
      <outerBoundaryIs>
        <LinearRing>
          <coordinates>16.528516,56.290527,0 16.477148,56.240186,0 16.431641,56.24375,0 16.40127,56.310889,0 16.394141,56.483643,0 16.412305,56.568994,0 16.630371,56.876855,0 16.727734,56.902002,0 16.864648,57.090674,0 16.901563,57.174609,0 16.960938,57.250195,0 16.995996,57.317773,0 17.025391,57.345068,0 17.089258,57.332275,0 17.117676,57.319824,0 17.050391,57.280469,0 17.058203,57.229248,0 17.053516,57.208008,0 16.883691,56.985205,0 16.838281,56.840527,0 16.778027,56.805225,0 16.528516,56.290527,0</coordinates>
        </LinearRing>
      </outerBoundaryIs>
    </Polygon>
    <Polygon>
      <outerBoundaryIs>
        <LinearRing>
          <coordinates>11.388281,59.036523,0 11.470703,58.909521,0 11.543555,58.893018,0 11.642773,58.926074,0 11.712207,59.018652,0 11.751855,59.157568,0 11.798145,59.289893,0 11.743359,59.431445,0 11.684863,59.555762,0 11.680762,59.592285,0 11.834277,59.697168,0 11.88125,59.782471,0 11.932129,59.863672,0 11.988281,59.891309,0 12.071875,59.897607,0 12.169238,59.912891,0 12.291992,59.967236,0 12.402051,60.040039,0 12.486133,60.106787,0 12.514648,60.238867,0 12.51582,60.305225,0 12.552832,60.354492,0 12.588672,60.450732,0 12.553809,60.545654,0 12.445312,60.689648,0 12.314648,60.892139,0 12.294141,61.002686,0 12.353711,61.023193,0 12.467578,61.041504,0 12.683008,61.046826,0 12.706055,61.059863,0 12.727832,61.108252,0 12.776367,61.173975,0 12.828223,61.221826,0 12.863672,61.290283,0 12.880762,61.352295,0 12.75752,61.445703,0 12.596094,61.541309,0 12.486816,61.572998,0 12.29209,61.653467,0 12.155371,61.720752,0 12.233691,61.976855,0 12.291992,62.167432,0 12.301367,62.21377,0 12.303516,62.285596,0 12.114551,62.591895,0 12.121875,62.66001,0 12.139844,62.721338,0 12.119629,62.825928,0 12.108594,62.919482,0 12.141016,62.947852,0 12.218164,63.000635,0 12.144629,63.08252,0 12.138672,63.08916,0 11.999902,63.291699,0 12.212109,63.492236,0 12.175195,63.595947,0 12.301953,63.671191,0 12.532715,63.843555,0 12.6625,63.940479,0 12.690039,63.957422,0 12.792773,64,0 12.987598,64.050488,0 13.203516,64.075098,0 13.299609,64.074805,0 13.670703,64.040625,0 13.960547,64.014014,0 14.002734,64.040723,0 14.063281,64.095508,0 14.141211,64.173535,0 14.148047,64.260303,0 14.119922,64.387744,0 14.077637,64.464014,0 13.873535,64.513574,0 13.650293,64.581543,0 13.924805,64.796777,0 14.115137,64.946143,0 14.352441,65.17085,0 14.42627,65.264355,0 14.479688,65.301465,0 14.549512,65.646387,0 14.595801,65.742871,0 14.63457,65.793262,0 14.635156,65.84502,0 14.609961,65.932275,0 14.543262,66.129346,0 14.917969,66.153711,0 15.040039,66.167529,0 15.15332,66.191064,0 15.374902,66.252051,0 15.483789,66.305957,0 15.422949,66.489844,0 15.557031,66.5521,0 15.88418,66.768848,0 16.237695,66.976416,0 16.403516,67.05498,0 16.420703,67.093359,0 16.434277,67.155078,0 16.360645,67.252002,0 16.281543,67.312061,0 16.127441,67.42583,0 16.193555,67.505176,0 16.307129,67.520605,0 16.457129,67.551758,0 16.574121,67.61958,0 16.585547,67.62832,0 16.783594,67.89502,0 17.170508,68.030127,0 17.324609,68.103809,0 17.564746,68.048438,0 17.916699,67.964893,0 18.073242,68.087842,0 18.125,68.133447,0 18.17666,68.200635,0 18.155957,68.316846,0 18.14707,68.467773,0 18.162598,68.528418,0 18.303027,68.55542,0 18.378613,68.562402,0 18.769824,68.500049,0 18.868262,68.501123,0 19.052637,68.492725,0 19.258984,68.465332,0 19.691211,68.392432,0 19.87002,68.362256,0 19.969824,68.356396,0 20.055957,68.390381,0 20.240039,68.477539,0 19.968848,68.542041,0 20.147461,68.607324,0 20.240039,68.673145,0 20.319434,68.754053,0 20.348047,68.84873,0 20.337109,68.899658,0 20.282324,68.934326,0 20.116699,69.020898,0 20.491992,69.033301,0 20.622168,69.036865,0 20.895117,68.979834,0 20.907031,68.96748,0 20.908984,68.937744,0 20.918555,68.906934,0 21.183398,68.828809,0 21.259766,68.787451,0 21.422363,68.724609,0 21.46543,68.690674,0 21.616016,68.650977,0 21.724023,68.608545,0 21.850195,68.574121,0 21.997461,68.520605,0 22.195117,68.477979,0 22.362109,68.464062,0 22.782422,68.391016,0 22.854102,68.367334,0 22.975391,68.316455,0 23.097852,68.257568,0 23.18252,68.136621,0 23.318555,68.130322,0 23.355469,68.088672,0 23.474219,68.017334,0 23.638867,67.954395,0 23.63291,67.933203,0 23.501855,67.875195,0 23.487793,67.796582,0 23.500195,67.696191,0 23.541309,67.614307,0 23.537012,67.590381,0 23.504492,67.562158,0 23.46543,67.517871,0 23.451465,67.479199,0 23.454883,67.460254,0 23.468066,67.449951,0 23.537109,67.44917,0 23.66084,67.440039,0 23.733594,67.4229,0 23.774902,67.328613,0 23.760938,67.310498,0 23.656641,67.267822,0 23.626074,67.233936,0 23.623047,67.184131,0 23.641504,67.129395,0 23.677344,67.068115,0 23.758984,67.002588,0 23.869336,66.934033,0 23.941797,66.877832,0 23.976074,66.838232,0 23.988574,66.810547,0 23.938867,66.775732,0 23.894141,66.706885,0 23.88584,66.628027,0 23.865527,66.576611,0 23.768359,66.505859,0 23.701172,66.480762,0 23.682031,66.443408,0 23.673828,66.380713,0 23.693555,66.304297,0 23.700293,66.252637,0 23.720996,66.21543,0 23.751465,66.191162,0 23.907324,66.148242,0 23.994629,66.060352,0 24.049023,65.989844,0 24.155469,65.805273,0 23.890527,65.782227,0 23.691406,65.828516,0 23.59209,65.805322,0 23.418359,65.804346,0 23.221094,65.786133,0 23.15459,65.749902,0 23.102344,65.735352,0 22.919336,65.786475,0 22.746582,65.870947,0 22.620313,65.806543,0 22.538574,65.794336,0 22.465137,65.852637,0 22.400977,65.862109,0 22.366309,65.842676,0 22.335938,65.791162,0 22.287598,65.750635,0 22.275,65.725,0 22.266602,65.621533,0 22.254004,65.597559,0 22.08623,65.610938,0 22.096289,65.583789,0 22.132812,65.570117,0 22.147559,65.552881,0 22.086719,65.530225,0 21.920117,65.532373,0 21.903125,65.50835,0 21.95,65.470361,0 21.913477,65.437109,0 21.87959,65.424023,0 21.680664,65.403369,0 21.565527,65.408105,0 21.532617,65.386572,0 21.523438,65.358594,0 21.545215,65.331152,0 21.595996,65.316553,0 21.612695,65.299121,0 21.60918,65.261377,0 21.566895,65.254541,0 21.446875,65.32085,0 21.410352,65.317432,0 21.437793,65.282959,0 21.506348,65.245361,0 21.545996,65.206982,0 21.580664,65.160791,0 21.573926,65.125781,0 21.424902,65.012695,0 21.29375,64.94126,0 21.195898,64.876904,0 21.138184,64.808691,0 21.20498,64.774316,0 21.279297,64.724707,0 21.331543,64.629346,0 21.393848,64.544336,0 21.519629,64.463086,0 21.494336,64.416113,0 21.465039,64.37959,0 21.255762,64.29917,0 21.018457,64.177979,0 20.762695,63.867822,0 20.677637,63.82627,0 20.453711,63.77373,0 20.371387,63.7229,0 20.204688,63.662451,0 19.913672,63.610547,0 19.781641,63.538184,0 19.72207,63.46333,0 19.655762,63.458008,0 19.590039,63.487256,0 19.502344,63.509033,0 19.490918,63.460205,0 19.494629,63.424365,0 19.354297,63.47749,0 19.288086,63.42876,0 19.236328,63.347363,0 19.034375,63.237744,0 18.816699,63.257471,0 18.792285,63.238135,0 18.850195,63.224121,0 18.858984,63.206592,0 18.819434,63.197266,0 18.75957,63.198242,0 18.667188,63.176563,0 18.606445,63.178271,0 18.577637,63.126416,0 18.530664,63.063525,0 18.407715,63.0375,0 18.344238,63.032129,0 18.312891,62.996387,0 18.502051,62.988867,0 18.486914,62.958594,0 18.482617,62.92832,0 18.463086,62.89585,0 18.248047,62.849072,0 18.214941,62.812207,0 18.17002,62.789355,0 18.074414,62.790674,0 18.07793,62.811963,0 18.093555,62.836035,0 17.951074,62.833887,0 17.906641,62.886768,0 17.87959,62.873193,0 17.895605,62.830518,0 17.93291,62.786133,0 17.974414,62.721045,0 17.940723,62.679883,0 17.903027,62.659473,0 17.930469,62.640625,0 18.006543,62.62627,0 18.037305,62.600537,0 17.94707,62.578467,0 17.834473,62.502734,0 17.717773,62.500879,0 17.646387,62.450879,0 17.570605,62.451025,0 17.508984,62.48252,0 17.410254,62.508398,0 17.378418,62.462793,0 17.37334,62.426514,0 17.429004,62.334717,0 17.535254,62.263672,0 17.633691,62.233008,0 17.562891,62.212305,0 17.510156,62.166309,0 17.446582,62.022656,0 17.412012,61.966113,0 17.374512,61.866309,0 17.398242,61.78208,0 17.417285,61.740674,0 17.46543,61.684473,0 17.33457,61.691699,0 17.196387,61.724561,0 17.215625,61.656348,0 17.130762,61.575732,0 17.146582,61.504639,0 17.164258,61.458301,0 17.137988,61.381689,0 17.17793,61.357617,0 17.199609,61.311963,0 17.163867,61.278271,0 17.179785,61.249268,0 17.185742,61.146533,0 17.212891,60.98584,0 17.20293,60.951855,0 17.278906,60.812158,0 17.26123,60.763184,0 17.250977,60.700781,0 17.359863,60.64082,0 17.457031,60.641797,0 17.555469,60.642725,0 17.593066,60.627686,0 17.630762,60.585254,0 17.661133,60.535156,0 17.742188,60.539307,0 17.871582,60.580078,0 17.955762,60.589795,0 18.011328,60.511426,0 18.1625,60.40791,0 18.250488,60.361523,0 18.4,60.337109,0 18.55752,60.253564,0 18.535449,60.152881,0 18.601172,60.119238,0 18.787012,60.079492,0 18.852734,60.025879,0 18.884277,59.980176,0 18.933203,59.942285,0 18.99043,59.827783,0 18.970508,59.757227,0 18.895605,59.732959,0 18.71875,59.657373,0 18.639941,59.600928,0 18.578125,59.565771,0 18.402441,59.490381,0 18.338086,59.476855,0 18.276465,59.437646,0 18.216895,59.420508,0 18.163574,59.430371,0 17.964258,59.359375,0 17.979785,59.329053,0 18.132617,59.316211,0 18.210547,59.331445,0 18.270508,59.367139,0 18.336035,59.375342,0 18.395801,59.368604,0 18.45918,59.396729,0 18.508887,59.407959,0 18.560254,59.394482,0 18.617578,59.327051,0 18.498633,59.291943,0 18.414258,59.290332,0 18.373047,59.179736,0 18.321973,59.132227,0 18.285352,59.109375,0 18.098145,59.062305,0 17.974609,59.002637,0 17.829004,58.95459,0 17.76543,58.965039,0 17.669629,58.916211,0 17.456738,58.858398,0 17.347656,58.780518,0 17.102832,58.71084,0 16.978125,58.65415,0 16.639355,58.651172,0 16.31582,58.663623,0 16.214258,58.63667,0 16.318066,58.62832,0 16.39082,58.601855,0 16.478027,58.612891,0 16.683008,58.599658,0 16.788477,58.585254,0 16.923828,58.492578,0 16.824316,58.459619,0 16.651953,58.434326,0 16.716602,58.302881,0 16.769922,58.214258,0 16.700098,58.160791,0 16.694922,57.917529,0 16.596973,57.912891,0 16.555371,57.812256,0 16.58623,57.760937,0 16.583789,57.641748,0 16.604199,57.568311,0 16.652246,57.500684,0 16.630859,57.430176,0 16.475977,57.265137,0 16.479492,57.187695,0 16.507324,57.141699,0 16.52793,57.068164,0 16.45752,56.926807,0 16.407813,56.808691,0 16.34873,56.709277,0 16.216504,56.58999,0 16.150684,56.50083,0 15.99668,56.222607,0 15.920313,56.167383,0 15.82666,56.124951,0 15.722266,56.164209,0 15.626563,56.185596,0 15.509668,56.183008,0 15.326563,56.15083,0 15.051172,56.172217,0 14.782031,56.161914,0 14.713965,56.134131,0 14.754785,56.033154,0 14.655566,56.019922,0 14.558594,56.048633,0 14.473242,56.014355,0 14.401953,55.976758,0 14.261914,55.887549,0 14.215039,55.832617,0 14.20293,55.72915,0 14.276465,55.636377,0 14.341699,55.527734,0 14.17373,55.396631,0 14.07998,55.392187,0 13.806348,55.428564,0 13.321387,55.346387,0 12.88584,55.411377,0 12.940625,55.481592,0 12.93877,55.533203,0 12.963379,55.612598,0 12.978027,55.693799,0 12.973926,55.748145,0 12.941992,55.806055,0 12.83457,55.881836,0 12.592578,56.137598,0 12.520996,56.245557,0 12.471191,56.290527,0 12.507031,56.292969,0 12.706348,56.23501,0 12.752832,56.242139,0 12.80166,56.263916,0 12.742188,56.346875,0 12.691113,56.384424,0 12.656445,56.440576,0 12.773145,56.455762,0 12.857422,56.452393,0 12.919531,56.515576,0 12.883691,56.617725,0 12.793164,56.64917,0 12.717578,56.662842,0 12.572656,56.823291,0 12.421484,56.906396,0 12.151855,57.226953,0 12.053223,57.446973,0 11.961523,57.426074,0 11.916992,57.521924,0 11.885059,57.612695,0 11.878711,57.679443,0 11.734961,57.717676,0 11.729102,57.764453,0 11.703223,57.973193,0 11.549023,58.001221,0 11.449316,58.118359,0 11.431543,58.33999,0 11.32998,58.380322,0 11.248242,58.369141,0 11.252051,58.424072,0 11.271582,58.475635,0 11.223828,58.679932,0 11.20791,58.866406,0 11.169141,58.922705,0 11.147168,58.988623,0 11.166895,59.045557,0 11.195801,59.078271,0 11.295313,59.086865,0 11.388281,59.036523,0</coordinates>
        </LinearRing>
      </outerBoundaryIs>
    </Polygon>
    <Polygon>
      <outerBoundaryIs>
        <LinearRing>
          <coordinates>19.156348,57.922607,0 19.138379,57.860254,0 19.086523,57.86499,0 19.039258,57.911035,0 19.134863,57.981348,0 19.281152,57.977539,0 19.331445,57.962891,0 19.156348,57.922607,0</coordinates>
        </LinearRing>
      </outerBoundaryIs>
    </Polygon>
    <Polygon>
      <outerBoundaryIs>
        <LinearRing>
          <coordinates>18.416211,59.029102,0 18.371875,59.01958,0 18.349902,59.022607,0 18.377246,59.069043,0 18.397559,59.089111,0 18.464941,59.107861,0 18.485547,59.10459,0 18.416211,59.029102,0</coordinates>
        </LinearRing>
      </outerBoundaryIs>
    </Polygon>
    <Polygon>
      <outerBoundaryIs>
        <LinearRing>
          <coordinates>18.59541,59.470361,0 18.570312,59.437256,0 18.545117,59.477832,0 18.555176,59.485791,0 18.572363,59.52583,0 18.620898,59.547803,0 18.698438,59.534619,0 18.697949,59.524609,0 18.623828,59.492188,0 18.59541,59.470361,0</coordinates>
        </LinearRing>
      </outerBoundaryIs>
    </Polygon>
    </MultiGeometry>
  </Placemark>
    <Placemark><name>Spain</name><styleUrl>#country_border</styleUrl><MultiGeometry>
    <Polygon>
      <outerBoundaryIs>
        <LinearRing>
          <coordinates>1.593945,38.67207,0 1.571191,38.658838,0 1.50498,38.670996,0 1.405762,38.670996,0 1.401953,38.711426,0 1.417188,38.739648,0 1.436328,38.768213,0 1.496875,38.711914,0 1.592676,38.701465,0 1.593945,38.67207,0</coordinates>
        </LinearRing>
      </outerBoundaryIs>
    </Polygon>
    <Polygon>
      <outerBoundaryIs>
        <LinearRing>
          <coordinates>3.145313,39.790088,0 3.241113,39.756689,0 3.342188,39.786719,0 3.395898,39.777295,0 3.448926,39.76123,0 3.461816,39.697754,0 3.414648,39.627148,0 3.34873,39.555664,0 3.292969,39.477051,0 3.244727,39.386621,0 3.15459,39.333252,0 3.072852,39.30127,0 2.900098,39.368359,0 2.799805,39.385059,0 2.769824,39.410254,0 2.745996,39.510254,0 2.700586,39.542139,0 2.634082,39.556201,0 2.575879,39.530664,0 2.499512,39.477881,0 2.458789,39.530469,0 2.394336,39.540381,0 2.37002,39.57207,0 2.371289,39.613086,0 2.784961,39.854834,0 2.904785,39.908301,0 3.158691,39.970508,0 3.197559,39.961084,0 3.164453,39.924219,0 3.166992,39.907715,0 3.198633,39.889844,0 3.190918,39.861377,0 3.158691,39.836572,0 3.145313,39.790088,0</coordinates>
        </LinearRing>
      </outerBoundaryIs>
    </Polygon>
    <Polygon>
      <outerBoundaryIs>
        <LinearRing>
          <coordinates>4.293652,39.841846,0 4.275293,39.830273,0 3.967676,39.94585,0 3.867188,39.95874,0 3.842676,39.976367,0 3.84541,40.036475,0 3.853418,40.063037,0 4.05918,40.075098,0 4.225781,40.032373,0 4.315137,39.917236,0 4.32207,39.89751,0 4.293652,39.841846,0</coordinates>
        </LinearRing>
      </outerBoundaryIs>
    </Polygon>
    <Polygon>
      <outerBoundaryIs>
        <LinearRing>
          <coordinates>1.445215,38.918701,0 1.408984,38.857275,0 1.256934,38.879004,0 1.22334,38.903857,0 1.25625,38.973389,0 1.299805,38.981738,0 1.302539,39.031152,0 1.348633,39.080811,0 1.564453,39.121045,0 1.613184,39.087402,0 1.623633,39.038818,0 1.494531,38.93252,0 1.445215,38.918701,0</coordinates>
        </LinearRing>
      </outerBoundaryIs>
    </Polygon>
    <Polygon>
      <outerBoundaryIs>
        <LinearRing>
          <coordinates>-1.794043,43.407324,0 -1.792725,43.372559,0 -1.753271,43.324707,0 -1.712842,43.307031,0 -1.627148,43.282471,0 -1.561475,43.279199,0 -1.471729,43.267676,0 -1.410693,43.240088,0 -1.407324,43.197119,0 -1.422607,43.149121,0 -1.459424,43.10498,0 -1.480469,43.071143,0 -1.46084,43.051758,0 -1.42876,43.036768,0 -1.394043,43.032617,0 -1.370508,43.037598,0 -1.352734,43.064258,0 -1.318848,43.096973,0 -1.300049,43.100977,0 -1.301562,43.082471,0 -1.285449,43.059619,0 -1.175439,43.021143,0 -0.933838,42.949512,0 -0.839209,42.948193,0 -0.762646,42.939795,0 -0.740186,42.909521,0 -0.586426,42.798975,0 -0.549805,42.802002,0 -0.481152,42.799316,0 -0.398438,42.808105,0 -0.338574,42.828809,0 -0.299316,42.825342,0 -0.256055,42.803955,0 -0.205322,42.785303,0 -0.140039,42.748926,0 -0.081494,42.703857,0 -0.041162,42.689111,0 0.201367,42.719336,0 0.255469,42.69292,0 0.312891,42.693262,0 0.377246,42.700146,0 0.517676,42.686279,0 0.631641,42.6896,0 0.641992,42.700635,0 0.651758,42.800439,0 0.669824,42.835742,0 0.696875,42.845117,0 0.764453,42.838037,0 1.010059,42.778955,0 1.111133,42.742041,0 1.208301,42.713135,0 1.293262,42.709961,0 1.349414,42.690674,0 1.42832,42.595898,0 1.414844,42.548389,0 1.421973,42.530811,0 1.430273,42.497852,0 1.428125,42.461328,0 1.448828,42.437451,0 1.48623,42.434473,0 1.534082,42.441699,0 1.586426,42.455957,0 1.678516,42.49668,0 1.706055,42.50332,0 1.859766,42.45708,0 1.92793,42.426318,0 1.951465,42.392773,0 1.986523,42.358496,0 2.032715,42.353516,0 2.09834,42.386084,0 2.200391,42.420947,0 2.374414,42.390283,0 2.567969,42.345801,0 2.65166,42.340479,0 2.654785,42.362109,0 2.67002,42.393018,0 2.701855,42.408496,0 2.749414,42.413037,0 2.815625,42.429248,0 2.891406,42.456055,0 2.97002,42.467236,0 3.052637,42.447217,0 3.152148,42.431006,0 3.211426,42.431152,0 3.239844,42.367871,0 3.287891,42.343701,0 3.306738,42.288965,0 3.218652,42.260352,0 3.166406,42.256494,0 3.150391,42.162451,0 3.175195,42.135986,0 3.224609,42.111133,0 3.238086,42.082227,0 3.248047,41.944238,0 3.146875,41.861035,0 3.004883,41.767432,0 2.310938,41.466504,0 2.145605,41.320752,0 2.082617,41.287402,0 1.566602,41.195605,0 1.205859,41.097559,0 1.03291,41.062061,0 0.816895,40.891602,0 0.714648,40.822852,0 0.796094,40.803809,0 0.891113,40.722363,0 0.85918,40.68623,0 0.720605,40.630469,0 0.660059,40.61333,0 0.627148,40.622217,0 0.596094,40.614502,0 0.363672,40.319043,0 0.158398,40.106592,0 0.043066,40.013965,0 -0.075146,39.875928,0 -0.327002,39.519873,0 -0.328955,39.41709,0 -0.204932,39.062598,0 -0.133789,38.969482,0 -0.034131,38.891211,0 0.154883,38.824658,0 0.201563,38.75918,0 0.136328,38.696777,0 -0.052734,38.585693,0 -0.38125,38.435645,0 -0.520801,38.317285,0 -0.550684,38.203125,0 -0.646777,38.151855,0 -0.683203,37.992041,0 -0.741553,37.886133,0 -0.752734,37.850244,0 -0.814648,37.769922,0 -0.823096,37.711621,0 -0.721582,37.631055,0 -0.771875,37.59624,0 -0.822168,37.580762,0 -0.938086,37.571338,0 -1.327539,37.561133,0 -1.640967,37.386963,0 -1.797607,37.232861,0 -1.939307,36.94585,0 -2.111523,36.77666,0 -2.187695,36.745459,0 -2.305566,36.819824,0 -2.452832,36.831152,0 -2.595703,36.806494,0 -2.670605,36.747559,0 -2.787549,36.714746,0 -2.901855,36.743164,0 -3.14917,36.758496,0 -3.259131,36.755762,0 -3.43125,36.70791,0 -3.578809,36.739844,0 -3.827783,36.756055,0 -4.366846,36.718115,0 -4.434863,36.700244,0 -4.502246,36.62915,0 -4.674121,36.506445,0 -4.935303,36.502051,0 -5.171484,36.423779,0 -5.230518,36.373633,0 -5.329687,36.235742,0 -5.360937,36.134912,0 -5.381592,36.134082,0 -5.407227,36.158887,0 -5.443604,36.150586,0 -5.4625,36.073779,0 -5.55127,36.038818,0 -5.625488,36.025928,0 -5.808398,36.08833,0 -5.960693,36.181738,0 -6.040674,36.188428,0 -6.170459,36.333789,0 -6.22627,36.426465,0 -6.265918,36.526514,0 -6.257715,36.564844,0 -6.268945,36.596729,0 -6.384131,36.637012,0 -6.412256,36.728857,0 -6.32832,36.848145,0 -6.259424,36.898975,0 -6.216797,36.913574,0 -6.320947,36.908496,0 -6.396191,36.831641,0 -6.492432,36.954639,0 -6.884619,37.194238,0 -6.859375,37.24917,0 -6.86377,37.278906,0 -6.929492,37.214941,0 -6.974658,37.198437,0 -7.174951,37.208789,0 -7.406152,37.179443,0 -7.467187,37.428027,0 -7.496045,37.523584,0 -7.503516,37.585498,0 -7.443945,37.728271,0 -7.378906,37.786377,0 -7.292236,37.906445,0 -7.185449,38.006348,0 -7.07251,38.030029,0 -7.022852,38.044727,0 -6.981104,38.121973,0 -6.957568,38.187891,0 -6.974805,38.194434,0 -7.106396,38.181006,0 -7.343018,38.457422,0 -7.335791,38.501465,0 -7.305957,38.566846,0 -7.286377,38.649365,0 -7.281543,38.714551,0 -7.219922,38.770508,0 -7.125488,38.826953,0 -7.046045,38.907031,0 -7.00625,38.985254,0 -6.997949,39.056445,0 -7.042969,39.10708,0 -7.172412,39.135205,0 -7.305762,39.338135,0 -7.335449,39.465137,0 -7.362695,39.47832,0 -7.445117,39.536182,0 -7.524219,39.644727,0 -7.535693,39.661572,0 -7.454102,39.680664,0 -7.117676,39.681689,0 -7.047412,39.705566,0 -7.036719,39.713965,0 -6.975391,39.798389,0 -6.911182,39.937109,0 -6.896094,40.021826,0 -6.916406,40.056836,0 -7.027832,40.142627,0 -7.032617,40.16792,0 -7.014697,40.20835,0 -6.948437,40.251611,0 -6.858887,40.300732,0 -6.810156,40.343115,0 -6.821777,40.37627,0 -6.847949,40.410986,0 -6.852051,40.443262,0 -6.835693,40.483154,0 -6.829834,40.619092,0 -6.818359,40.654053,0 -6.835889,40.77749,0 -6.857715,40.87832,0 -6.928467,41.009131,0 -6.915527,41.038037,0 -6.882812,41.062402,0 -6.775781,41.107715,0 -6.690137,41.214502,0 -6.565918,41.303711,0 -6.403125,41.375391,0 -6.289355,41.455029,0 -6.244336,41.515918,0 -6.2125,41.532031,0 -6.22168,41.560449,0 -6.243115,41.601807,0 -6.308057,41.642187,0 -6.391699,41.665381,0 -6.484668,41.664404,0 -6.542187,41.67251,0 -6.558984,41.704053,0 -6.552588,41.789551,0 -6.55752,41.874121,0 -6.575342,41.913086,0 -6.618262,41.942383,0 -6.703613,41.93457,0 -6.777295,41.958496,0 -6.833203,41.96416,0 -6.865527,41.945264,0 -7.030469,41.950635,0 -7.099121,41.964209,0 -7.147119,41.981152,0 -7.17793,41.97168,0 -7.195361,41.955225,0 -7.19834,41.929395,0 -7.209619,41.895264,0 -7.268555,41.864404,0 -7.403613,41.833691,0 -7.512598,41.835986,0 -7.612598,41.857959,0 -7.644678,41.873975,0 -7.693066,41.888477,0 -7.896387,41.870557,0 -7.92085,41.883643,0 -7.990967,41.851904,0 -8.094434,41.814209,0 -8.15249,41.811963,0 -8.173535,41.819971,0 -8.18125,41.836963,0 -8.224756,41.89585,0 -8.21333,41.9271,0 -8.12998,42.018164,0 -8.139307,42.039941,0 -8.173584,42.069385,0 -8.204199,42.111865,0 -8.213086,42.133691,0 -8.266064,42.137402,0 -8.322559,42.115088,0 -8.538086,42.069336,0 -8.589648,42.052734,0 -8.682959,42.008496,0 -8.777148,41.941064,0 -8.852344,41.926904,0 -8.87832,41.946875,0 -8.887207,42.105273,0 -8.772461,42.210596,0 -8.690918,42.27417,0 -8.729199,42.287012,0 -8.81582,42.285254,0 -8.809961,42.334473,0 -8.769385,42.358154,0 -8.730029,42.411719,0 -8.776172,42.434814,0 -8.812109,42.470068,0 -8.809912,42.562354,0 -8.799902,42.599902,0 -8.811523,42.640332,0 -8.987793,42.585645,0 -9.033105,42.593848,0 -9.035059,42.662354,0 -8.937207,42.766699,0 -8.927197,42.798584,0 -9.041602,42.814014,0 -9.127197,42.865234,0 -9.179443,42.910986,0 -9.235205,42.976904,0 -9.235645,43.035791,0 -9.178076,43.174023,0 -9.095557,43.214209,0 -9.024512,43.238965,0 -8.873682,43.334424,0 -8.665625,43.316602,0 -8.537061,43.337061,0 -8.421582,43.38584,0 -8.355469,43.396826,0 -8.248926,43.439404,0 -8.252295,43.496924,0 -8.288867,43.5396,0 -8.256738,43.579883,0 -8.137158,43.629053,0 -8.004687,43.694385,0 -7.852734,43.706982,0 -7.698145,43.764551,0 -7.59458,43.727344,0 -7.503613,43.739941,0 -7.399316,43.695801,0 -7.261963,43.594629,0 -7.060986,43.553955,0 -6.900684,43.585645,0 -6.617285,43.592383,0 -6.475684,43.578906,0 -6.224121,43.603857,0 -6.080127,43.594922,0 -5.84668,43.645068,0 -5.66582,43.582471,0 -5.315723,43.553174,0 -5.105273,43.501855,0 -4.523047,43.415723,0 -4.312793,43.414746,0 -4.015332,43.463086,0 -3.889355,43.499414,0 -3.774023,43.477881,0 -3.604639,43.519482,0 -3.523633,43.511035,0 -3.417871,43.451709,0 -3.045605,43.371582,0 -2.947705,43.439697,0 -2.875049,43.454443,0 -2.60708,43.412744,0 -2.337109,43.328027,0 -2.19668,43.321924,0 -1.991309,43.345068,0 -1.828516,43.40083,0 -1.794043,43.407324,0</coordinates>
        </LinearRing>
      </outerBoundaryIs>
    </Polygon>
    <Polygon>
      <outerBoundaryIs>
        <LinearRing>
          <coordinates>-16.334473,28.379932,0 -16.418213,28.151416,0 -16.49624,28.061914,0 -16.542773,28.03208,0 -16.658008,28.007178,0 -16.794727,28.14917,0 -16.866016,28.293262,0 -16.905322,28.3396,0 -16.843066,28.376123,0 -16.752051,28.369824,0 -16.556836,28.400488,0 -16.517432,28.412695,0 -16.318994,28.558203,0 -16.123633,28.575977,0 -16.119141,28.528271,0 -16.334473,28.379932,0</coordinates>
        </LinearRing>
      </outerBoundaryIs>
    </Polygon>
    <Polygon>
      <outerBoundaryIs>
        <LinearRing>
          <coordinates>-13.715967,28.91123,0 -13.783984,28.845459,0 -13.859912,28.869092,0 -13.823633,29.01333,0 -13.788184,29.056104,0 -13.650098,29.118994,0 -13.535059,29.144287,0 -13.501416,29.21123,0 -13.463574,29.237207,0 -13.422949,29.19751,0 -13.45376,29.151367,0 -13.47793,29.006592,0 -13.554688,28.960205,0 -13.715967,28.91123,0</coordinates>
        </LinearRing>
      </outerBoundaryIs>
    </Polygon>
    <Polygon>
      <outerBoundaryIs>
        <LinearRing>
          <coordinates>-14.196777,28.169287,0 -14.332617,28.056006,0 -14.468604,28.082373,0 -14.491797,28.100928,0 -14.355566,28.129687,0 -14.231982,28.21582,0 -14.152588,28.406641,0 -14.028369,28.617432,0 -14.003369,28.706689,0 -13.95415,28.741455,0 -13.886279,28.744678,0 -13.857227,28.738037,0 -13.827148,28.691211,0 -13.827588,28.585156,0 -13.862988,28.409326,0 -13.928027,28.253467,0 -14.196777,28.169287,0</coordinates>
        </LinearRing>
      </outerBoundaryIs>
    </Polygon>
    <Polygon>
      <outerBoundaryIs>
        <LinearRing>
          <coordinates>-15.400586,28.147363,0 -15.406689,28.070508,0 -15.383154,27.992822,0 -15.38916,27.874707,0 -15.436768,27.810693,0 -15.559375,27.746973,0 -15.655762,27.758398,0 -15.710303,27.784082,0 -15.807324,27.887549,0 -15.809473,27.994482,0 -15.720947,28.06416,0 -15.682764,28.154053,0 -15.452783,28.136914,0 -15.432715,28.154248,0 -15.415479,28.159326,0 -15.400586,28.147363,0</coordinates>
        </LinearRing>
      </outerBoundaryIs>
    </Polygon>
    <Polygon>
      <outerBoundaryIs>
        <LinearRing>
          <coordinates>-17.184668,28.021973,0 -17.225391,28.013525,0 -17.273926,28.038281,0 -17.324902,28.117676,0 -17.290332,28.176318,0 -17.258594,28.203174,0 -17.214355,28.199268,0 -17.129639,28.155957,0 -17.10376,28.111133,0 -17.101074,28.083447,0 -17.184668,28.021973,0</coordinates>
        </LinearRing>
      </outerBoundaryIs>
    </Polygon>
    <Polygon>
      <outerBoundaryIs>
        <LinearRing>
          <coordinates>-17.887939,27.80957,0 -17.984766,27.646387,0 -18.106592,27.707471,0 -18.135937,27.72793,0 -18.160547,27.761475,0 -18.043359,27.768115,0 -17.924512,27.850146,0 -17.887939,27.80957,0</coordinates>
        </LinearRing>
      </outerBoundaryIs>
    </Polygon>
    <Polygon>
      <outerBoundaryIs>
        <LinearRing>
          <coordinates>-17.834277,28.493213,0 -17.859375,28.485693,0 -17.882129,28.5646,0 -18.000781,28.758252,0 -17.928809,28.84458,0 -17.797559,28.846777,0 -17.744531,28.786572,0 -17.726562,28.724463,0 -17.751611,28.688574,0 -17.744385,28.616016,0 -17.758008,28.569092,0 -17.834277,28.493213,0</coordinates>
        </LinearRing>
      </outerBoundaryIs>
    </Polygon>
    </MultiGeometry>
  </Placemark>
    <Placemark><name>Slovakia</name><styleUrl>#country_border</styleUrl><Polygon>
      <outerBoundaryIs>
        <LinearRing>
          <coordinates>22.538672,49.072705,0 22.524121,49.031396,0 22.483203,48.983252,0 22.432031,48.933545,0 22.389453,48.873486,0 22.332617,48.745068,0 22.295215,48.68584,0 22.142871,48.568506,0 22.131836,48.405322,0 22.111328,48.393359,0 21.766992,48.338086,0 21.721484,48.346582,0 21.674609,48.378369,0 21.648633,48.401465,0 21.63252,48.418506,0 21.602637,48.463672,0 21.563184,48.495703,0 21.504688,48.521875,0 21.451367,48.552246,0 21.382422,48.553467,0 21.196387,48.510596,0 21.067285,48.505908,0 20.981152,48.519678,0 20.866602,48.545654,0 20.643164,48.549707,0 20.490039,48.526904,0 20.475,48.495117,0 20.333789,48.295557,0 20.128613,48.222021,0 19.950391,48.146631,0 19.898633,48.131348,0 19.810059,48.155029,0 19.70918,48.199805,0 19.625391,48.223096,0 19.564258,48.212842,0 19.497461,48.162109,0 19.466992,48.110693,0 19.265137,48.073047,0 18.91416,48.05083,0 18.791895,48.000293,0 18.750098,47.939453,0 18.74834,47.892676,0 18.778027,47.852881,0 18.740625,47.806494,0 18.724219,47.787158,0 18.47627,47.777002,0 18.145605,47.763428,0 17.947949,47.766895,0 17.761914,47.770166,0 17.635254,47.809912,0 17.480664,47.887598,0 17.317285,47.990918,0 17.301563,47.993359,0 17.277246,48.004346,0 17.174609,48.012061,0 17.147363,48.005957,0 17.085938,48.039551,0 17.067871,48.083252,0 16.972656,48.198096,0 16.86543,48.386914,0 16.862695,48.441406,0 16.904492,48.503516,0 16.943359,48.550928,0 16.948828,48.588574,0 16.953125,48.598828,0 16.985254,48.676904,0 17.063281,48.780762,0 17.135645,48.841064,0 17.188477,48.860937,0 17.296875,48.842822,0 17.482617,48.827783,0 17.625391,48.841846,0 17.758496,48.888135,0 17.830859,48.928613,0 17.892676,48.971143,0 17.913281,48.99873,0 17.940723,49.011963,0 18.050879,49.036523,0 18.085938,49.065137,0 18.100391,49.119336,0 18.109961,49.179785,0 18.132617,49.224561,0 18.160938,49.257373,0 18.364844,49.33623,0 18.383105,49.363916,0 18.41582,49.390918,0 18.476074,49.421094,0 18.53457,49.464697,0 18.596484,49.491455,0 18.676172,49.488477,0 18.749707,49.493994,0 18.807031,49.509229,0 18.832227,49.510791,0 18.938184,49.498291,0 18.957227,49.448291,0 18.968359,49.39624,0 19.149414,49.4,0 19.250195,49.511426,0 19.302344,49.524854,0 19.38623,49.563623,0 19.441602,49.597705,0 19.479688,49.576367,0 19.534766,49.504785,0 19.593066,49.447119,0 19.62666,49.424365,0 19.630273,49.406641,0 19.66416,49.396045,0 19.730078,49.3896,0 19.773926,49.372168,0 19.787012,49.318555,0 19.787988,49.269971,0 19.767383,49.235205,0 19.756641,49.204395,0 19.802246,49.192334,0 19.868945,49.204004,0 19.916113,49.221387,0 20.057617,49.181299,0 20.107617,49.270752,0 20.163672,49.316406,0 20.236523,49.337646,0 20.302539,49.365527,0 20.362988,49.385254,0 20.404688,49.384082,0 20.422656,49.392334,0 20.474512,49.390186,0 20.53457,49.381201,0 20.616113,49.391699,0 20.729004,49.369922,0 20.799512,49.328662,0 20.868457,49.314697,0 20.947266,49.31709,0 21.001172,49.339844,0 21.079395,49.418262,0 21.136133,49.417041,0 21.225,49.429443,0 21.350488,49.42876,0 21.639648,49.411963,0 21.712109,49.381934,0 21.890137,49.343457,0 21.967676,49.299072,0 22.002148,49.246094,0 22.020117,49.209521,0 22.202539,49.153223,0 22.473047,49.081299,0 22.538672,49.072705,0</coordinates>
        </LinearRing>
      </outerBoundaryIs>
    </Polygon>
  </Placemark>
    <Placemark><name>Slovenia</name><styleUrl>#country_border</styleUrl><Polygon>
      <outerBoundaryIs>
        <LinearRing>
          <coordinates>16.516211,46.499902,0 16.427637,46.524414,0 16.321191,46.534619,0 16.301172,46.521387,0 16.258398,46.50791,0 16.236719,46.483838,0 16.25332,46.389111,0 16.227441,46.372852,0 16.106445,46.382227,0 16.066504,46.371338,0 16.000684,46.305371,0 15.933301,46.277637,0 15.847559,46.257861,0 15.784277,46.233984,0 15.704199,46.213232,0 15.635938,46.200732,0 15.608984,46.171924,0 15.592578,46.13999,0 15.596875,46.109229,0 15.666211,46.048486,0 15.675586,45.983691,0 15.668066,45.904443,0 15.652148,45.862158,0 15.624805,45.834033,0 15.454102,45.797607,0 15.277051,45.732617,0 15.272949,45.717725,0 15.353711,45.659912,0 15.356934,45.645508,0 15.290137,45.612646,0 15.283594,45.579687,0 15.291211,45.541553,0 15.32666,45.502295,0 15.339453,45.467041,0 15.24209,45.441406,0 15.110449,45.450781,0 14.95459,45.499902,0 14.9,45.492676,0 14.84707,45.467334,0 14.793066,45.478223,0 14.733594,45.508496,0 14.649512,45.571484,0 14.608594,45.610107,0 14.591797,45.65127,0 14.568848,45.657227,0 14.533984,45.645264,0 14.505176,45.595215,0 14.427344,45.505762,0 14.369922,45.481445,0 14.283008,45.486621,0 14.16123,45.485156,0 14.085547,45.477832,0 13.992773,45.509424,0 13.970313,45.503369,0 13.970117,45.482617,0 13.935645,45.449805,0 13.878711,45.428369,0 13.615234,45.476758,0 13.57793,45.516895,0 13.637305,45.535937,0 13.719824,45.587598,0 13.775977,45.581982,0 13.844727,45.592871,0 13.874707,45.614844,0 13.831152,45.68042,0 13.72168,45.761279,0 13.663477,45.791992,0 13.583398,45.812354,0 13.569629,45.834131,0 13.613965,45.96167,0 13.600586,45.979785,0 13.50918,45.973779,0 13.487695,45.987109,0 13.480273,46.009229,0 13.486426,46.039551,0 13.548047,46.089111,0 13.616602,46.133105,0 13.634961,46.157764,0 13.63252,46.177051,0 13.544727,46.196582,0 13.491797,46.216602,0 13.449805,46.223535,0 13.420996,46.212305,0 13.399609,46.224951,0 13.378223,46.261621,0 13.399512,46.317529,0 13.478516,46.369189,0 13.563281,46.415088,0 13.637109,46.448535,0 13.679688,46.462891,0 13.7,46.520264,0 13.743945,46.514307,0 13.831348,46.51123,0 13.928809,46.498193,0 14.019629,46.482178,0 14.099512,46.461914,0 14.267285,46.440723,0 14.419922,46.42793,0 14.465918,46.416113,0 14.503516,46.417041,0 14.549805,46.399707,0 14.577148,46.412939,0 14.596973,46.436084,0 14.680176,46.463428,0 14.756738,46.499121,0 14.810547,46.54458,0 14.840625,46.580469,0 14.893262,46.605908,0 14.949414,46.613232,0 15.000684,46.625977,0 15.216992,46.642969,0 15.439258,46.629639,0 15.545313,46.654639,0 15.632617,46.698437,0 15.760254,46.710742,0 15.766895,46.711279,0 15.957617,46.677637,0 15.972266,46.697217,0 15.980469,46.705859,0 15.976855,46.801367,0 16.037207,46.844824,0 16.093066,46.863281,0 16.283594,46.857275,0 16.308496,46.827979,0 16.318457,46.78252,0 16.335449,46.721631,0 16.367188,46.704785,0 16.38457,46.680811,0 16.38125,46.638672,0 16.418457,46.607227,0 16.505664,46.52207,0 16.516211,46.499902,0</coordinates>
        </LinearRing>
      </outerBoundaryIs>
    </Polygon>
  </Placemark>
    <Placemark><name>Serbia</name><styleUrl>#country_border</styleUrl><Polygon>
      <outerBoundaryIs>
        <LinearRing>
          <coordinates>21.360059,44.82666,0 21.523145,44.790088,0 21.59707,44.75542,0 21.636133,44.710449,0 21.740234,44.680664,0 21.909277,44.666113,0 22.026953,44.619873,0 22.093066,44.541943,0 22.200977,44.560693,0 22.350684,44.676123,0 22.497656,44.70625,0 22.64209,44.650977,0 22.720898,44.605518,0 22.734375,44.569922,0 22.700781,44.555518,0 22.620117,44.562354,0 22.554004,44.540332,0 22.502344,44.4896,0 22.494531,44.435449,0 22.530664,44.377979,0 22.581836,44.33833,0 22.647949,44.316455,0 22.683301,44.286475,0 22.687891,44.248291,0 22.705078,44.237793,0 22.66748,44.220215,0 22.626563,44.194092,0 22.603418,44.148584,0 22.597461,44.075293,0 22.469043,44.018018,0 22.420801,44.007422,0 22.399023,43.969531,0 22.36543,43.862109,0 22.369629,43.781299,0 22.386914,43.740137,0 22.394824,43.706641,0 22.436328,43.665479,0 22.474121,43.602246,0 22.499121,43.518848,0 22.55459,43.454492,0 22.696973,43.391064,0 22.767578,43.35415,0 22.819727,43.300732,0 22.85957,43.252344,0 22.976855,43.187988,0 22.967969,43.142041,0 22.942285,43.09707,0 22.915234,43.075977,0 22.856836,43.018262,0 22.799902,42.985742,0 22.706152,42.883936,0 22.558105,42.878467,0 22.522754,42.870312,0 22.466797,42.84248,0 22.439258,42.79165,0 22.465625,42.750781,0 22.463281,42.709473,0 22.43623,42.629102,0 22.47207,42.543311,0 22.524219,42.503906,0 22.532422,42.481201,0 22.523535,42.440967,0 22.445703,42.359131,0 22.42207,42.328857,0 22.344043,42.313965,0 22.317383,42.321729,0 22.277051,42.349854,0 22.239746,42.358154,0 22.14668,42.325,0 22.052051,42.304639,0 21.977539,42.320068,0 21.904102,42.32207,0 21.853027,42.308398,0 21.814648,42.303125,0 21.739258,42.267725,0 21.618262,42.242139,0 21.5625,42.24751,0 21.541602,42.280811,0 21.518945,42.328418,0 21.52998,42.35,0 21.609863,42.387451,0 21.619043,42.423242,0 21.730664,42.595459,0 21.752148,42.651514,0 21.75293,42.669824,0 21.723828,42.681982,0 21.6625,42.681494,0 21.390625,42.751416,0 21.403027,42.831543,0 21.323145,42.874707,0 21.237109,42.913232,0 21.222656,42.956201,0 21.127051,43.043018,0 21.057031,43.091699,0 20.967676,43.116016,0 20.890723,43.15166,0 20.844434,43.173437,0 20.823828,43.213965,0 20.823828,43.237939,0 20.800586,43.261084,0 20.763379,43.258594,0 20.700586,43.226367,0 20.623145,43.198633,0 20.609668,43.178418,0 20.637598,43.130371,0 20.657617,43.099854,0 20.648535,43.070947,0 20.624023,43.03418,0 20.475098,42.953027,0 20.458398,42.924561,0 20.486816,42.879053,0 20.468848,42.85791,0 20.344336,42.82793,0 20.347656,42.852783,0 20.339941,42.892871,0 20.268457,42.935449,0 20.167871,42.968506,0 19.944043,43.081641,0 19.858008,43.096533,0 19.781152,43.109766,0 19.670996,43.163965,0 19.614453,43.173437,0 19.551563,43.212256,0 19.414648,43.342822,0 19.298242,43.413965,0 19.21875,43.449951,0 19.196484,43.48501,0 19.191602,43.521045,0 19.194336,43.533301,0 19.254492,43.584375,0 19.300781,43.591797,0 19.360352,43.593457,0 19.399609,43.567578,0 19.45127,43.562061,0 19.47998,43.595166,0 19.495117,43.642871,0 19.488184,43.703564,0 19.364063,43.844775,0 19.257227,43.943311,0 19.24502,43.965039,0 19.268066,43.983447,0 19.305273,43.993359,0 19.345215,43.985107,0 19.449414,43.978027,0 19.549512,43.987109,0 19.583691,44.011084,0 19.583789,44.043457,0 19.547168,44.073486,0 19.430176,44.154492,0 19.338867,44.22583,0 19.231543,44.280566,0 19.151855,44.302539,0 19.12832,44.330273,0 19.118457,44.359961,0 19.127344,44.414551,0 19.132422,44.483789,0 19.151367,44.527344,0 19.223145,44.60957,0 19.291895,44.696777,0 19.334473,44.780664,0 19.356836,44.858545,0 19.348633,44.880908,0 19.312695,44.897461,0 19.236816,44.914258,0 19.131543,44.899609,0 19.04209,44.871338,0 19.007129,44.869189,0 18.995508,44.904004,0 19.00957,44.919385,0 19.037598,44.917529,0 19.060547,44.910986,0 19.085254,44.926758,0 19.1,44.973779,0 19.062891,45.137207,0 19.129688,45.151709,0 19.130762,45.175488,0 19.136914,45.19624,0 19.205957,45.167773,0 19.303027,45.167285,0 19.388086,45.172998,0 19.400977,45.189062,0 19.4,45.2125,0 19.382324,45.230615,0 19.352246,45.24541,0 19.330273,45.268066,0 19.272852,45.277979,0 19.093066,45.336914,0 19.004688,45.399512,0 19.007617,45.46582,0 19.033301,45.502197,0 19.064258,45.51499,0 19.055078,45.527246,0 18.953711,45.558008,0 18.917871,45.60083,0 18.947266,45.655811,0 18.894531,45.76709,0 18.839063,45.835742,0 18.893555,45.865527,0 18.901074,45.907617,0 18.905371,45.931738,0 18.927832,45.931396,0 19.015723,45.959717,0 19.047656,45.982666,0 19.066211,46.009521,0 19.087305,46.016162,0 19.146289,45.987012,0 19.208398,45.984424,0 19.278125,46.002881,0 19.330273,46.028516,0 19.392871,46.049805,0 19.421289,46.064453,0 19.45752,46.087354,0 19.530762,46.155176,0 19.613477,46.169189,0 19.724512,46.151904,0 19.844434,46.145898,0 19.934082,46.161475,0 20.161426,46.141895,0 20.210156,46.126025,0 20.241797,46.108594,0 20.301367,46.050684,0 20.358594,45.975488,0 20.437988,45.940771,0 20.532617,45.899512,0 20.581152,45.869482,0 20.652734,45.779395,0 20.709277,45.735254,0 20.727832,45.737402,0 20.746875,45.748975,0 20.760156,45.758105,0 20.775,45.749805,0 20.775781,45.72251,0 20.779297,45.662012,0 20.76582,45.597461,0 20.786035,45.536475,0 20.786523,45.51748,0 20.772461,45.500098,0 20.774219,45.484424,0 20.794043,45.467871,0 20.870801,45.427539,0 20.941797,45.365332,0 21.023828,45.321533,0 21.099902,45.293555,0 21.147852,45.291748,0 21.226465,45.241309,0 21.381738,45.205078,0 21.431445,45.192529,0 21.46543,45.171875,0 21.490234,45.1479,0 21.491797,45.122266,0 21.467871,45.109863,0 21.434473,45.075146,0 21.420703,45.032959,0 21.395898,45.022217,0 21.371094,45.021387,0 21.35293,45.008984,0 21.357031,44.990771,0 21.377734,44.973437,0 21.409961,44.957715,0 21.471973,44.941992,0 21.533203,44.918848,0 21.532324,44.900684,0 21.519922,44.880811,0 21.442188,44.873389,0 21.384375,44.870068,0 21.35791,44.861816,0 21.360059,44.82666,0</coordinates>
        </LinearRing>
      </outerBoundaryIs>
    </Polygon>
  </Placemark>
    <Placemark><name>San Marino</name><styleUrl>#country_border</styleUrl><Polygon>
      <outerBoundaryIs>
        <LinearRing>
          <coordinates>12.485254,43.901416,0 12.426367,43.894092,0 12.396875,43.93457,0 12.441113,43.982422,0 12.503711,43.989746,0 12.514648,43.952979,0 12.485254,43.901416,0</coordinates>
        </LinearRing>
      </outerBoundaryIs>
    </Polygon>
  </Placemark>
    <Placemark><name>Russia</name><styleUrl>#country_border</styleUrl><MultiGeometry>
    <Polygon>
      <outerBoundaryIs>
        <LinearRing>
          <coordinates>145.881543,43.459521,0 145.895605,43.454541,0 145.913867,43.455371,0 145.931152,43.457031,0 145.941113,43.445459,0 145.943555,43.426465,0 145.931152,43.425635,0 145.907227,43.422314,0 145.893945,43.419824,0 145.886523,43.433057,0 145.881543,43.443799,0 145.869141,43.450439,0 145.869141,43.457861,0 145.881543,43.459521,0</coordinates>
        </LinearRing>
      </outerBoundaryIs>
    </Polygon>
    <Polygon>
      <outerBoundaryIs>
        <LinearRing>
          <coordinates>146.358789,43.625391,0 146.332324,43.619922,0 146.288184,43.625391,0 146.273828,43.629834,0 146.283691,43.638623,0 146.310156,43.651855,0 146.333301,43.647461,0 146.349805,43.644141,0 146.358789,43.625391,0</coordinates>
        </LinearRing>
      </outerBoundaryIs>
    </Polygon>
    <Polygon>
      <outerBoundaryIs>
        <LinearRing>
          <coordinates>146.045605,43.409326,0 146.032324,43.407129,0 146.028027,43.420361,0 146.048926,43.433594,0 146.088574,43.449023,0 146.100781,43.440186,0 146.086328,43.429199,0 146.069922,43.421484,0 146.045605,43.409326,0</coordinates>
        </LinearRing>
      </outerBoundaryIs>
    </Polygon>
    <Polygon>
      <outerBoundaryIs>
        <LinearRing>
          <coordinates>137.178613,55.100439,0 137.055273,54.926758,0 136.969434,54.923975,0 136.902734,54.960645,0 136.765137,54.946045,0 136.714648,54.956152,0 136.795313,55.009375,0 136.995703,55.092725,0 137.077539,55.091748,0 137.156055,55.107813,0 137.178613,55.100439,0</coordinates>
        </LinearRing>
      </outerBoundaryIs>
    </Polygon>
    <Polygon>
      <outerBoundaryIs>
        <LinearRing>
          <coordinates>150.589941,59.01875,0 150.511133,59.007422,0 150.471777,59.034766,0 150.470215,59.054053,0 150.59248,59.097217,0 150.666211,59.160156,0 150.712695,59.122461,0 150.727734,59.095215,0 150.589941,59.01875,0</coordinates>
        </LinearRing>
      </outerBoundaryIs>
    </Polygon>
    <Polygon>
      <outerBoundaryIs>
        <LinearRing>
          <coordinates>120.261328,73.089844,0 120.00791,73.044873,0 119.79209,73.04541,0 119.64043,73.124316,0 119.761914,73.155469,0 119.964453,73.167676,0 120.078516,73.156738,0 120.236816,73.107275,0 120.261328,73.089844,0</coordinates>
        </LinearRing>
      </outerBoundaryIs>
    </Polygon>
    <Polygon>
      <outerBoundaryIs>
        <LinearRing>
          <coordinates>124.542969,73.850098,0 124.481738,73.8479,0 124.366406,73.874609,0 124.335742,73.910303,0 124.336523,73.928369,0 124.429688,73.943018,0 124.547656,73.933838,0 124.636914,73.900391,0 124.65293,73.888037,0 124.542969,73.850098,0</coordinates>
        </LinearRing>
      </outerBoundaryIs>
    </Polygon>
    <Polygon>
      <outerBoundaryIs>
        <LinearRing>
          <coordinates>106.27041,78.206201,0 106.151074,78.198633,0 106.023633,78.220117,0 106.058398,78.264648,0 106.350586,78.272607,0 106.456836,78.340039,0 106.64043,78.33623,0 106.691211,78.31665,0 106.719629,78.294189,0 106.718945,78.26499,0 106.679102,78.26499,0 106.504687,78.26167,0 106.472461,78.24502,0 106.27041,78.206201,0</coordinates>
        </LinearRing>
      </outerBoundaryIs>
    </Polygon>
    <Polygon>
      <outerBoundaryIs>
        <LinearRing>
          <coordinates>107.414746,77.242676,0 107.302246,77.241504,0 107.269531,77.289014,0 107.366406,77.346631,0 107.486426,77.347119,0 107.593652,77.330029,0 107.629297,77.319678,0 107.664551,77.299805,0 107.679492,77.268262,0 107.414746,77.242676,0</coordinates>
        </LinearRing>
      </outerBoundaryIs>
    </Polygon>
    <Polygon>
      <outerBoundaryIs>
        <LinearRing>
          <coordinates>97.588379,76.599365,0 97.535254,76.584424,0 97.430371,76.590723,0 97.341699,76.628857,0 97.310352,76.6896,0 97.381641,76.706689,0 97.588379,76.599365,0</coordinates>
        </LinearRing>
      </outerBoundaryIs>
    </Polygon>
    <Polygon>
      <outerBoundaryIs>
        <LinearRing>
          <coordinates>96.853906,76.19917,0 96.797852,76.188428,0 96.754492,76.195752,0 96.739355,76.206934,0 96.740234,76.257861,0 96.83291,76.32417,0 96.835254,76.344824,0 96.87793,76.355225,0 96.990234,76.343408,0 97.045313,76.315381,0 97.053027,76.302588,0 96.974219,76.236523,0 96.853906,76.19917,0</coordinates>
        </LinearRing>
      </outerBoundaryIs>
    </Polygon>
    <Polygon>
      <outerBoundaryIs>
        <LinearRing>
          <coordinates>100.135938,79.614209,0 99.91543,79.601611,0 99.942285,79.671436,0 99.955762,79.690332,0 100.068359,79.701025,0 100.141504,79.683691,0 100.300293,79.670264,0 100.135938,79.614209,0</coordinates>
        </LinearRing>
      </outerBoundaryIs>
    </Polygon>
    <Polygon>
      <outerBoundaryIs>
        <LinearRing>
          <coordinates>76.756055,73.445801,0 76.659375,73.439502,0 76.234473,73.476221,0 76.083105,73.523486,0 76.139551,73.554297,0 76.250684,73.555273,0 76.756055,73.445801,0</coordinates>
        </LinearRing>
      </outerBoundaryIs>
    </Polygon>
    <Polygon>
      <outerBoundaryIs>
        <LinearRing>
          <coordinates>82.709961,74.090869,0 82.612793,74.056445,0 82.478125,74.075781,0 82.381543,74.099219,0 82.329395,74.131104,0 82.382422,74.149268,0 82.525586,74.161426,0 82.611035,74.148535,0 82.688965,74.11123,0 82.709961,74.090869,0</coordinates>
        </LinearRing>
      </outerBoundaryIs>
    </Polygon>
    <Polygon>
      <outerBoundaryIs>
        <LinearRing>
          <coordinates>84.758984,74.459424,0 84.710449,74.399805,0 84.428906,74.430322,0 84.389453,74.454443,0 84.540332,74.49043,0 84.679883,74.512354,0 84.872852,74.515527,0 84.758984,74.459424,0</coordinates>
        </LinearRing>
      </outerBoundaryIs>
    </Polygon>
    <Polygon>
      <outerBoundaryIs>
        <LinearRing>
          <coordinates>86.653125,74.981299,0 86.737109,74.962988,0 87.000586,74.991943,0 87.052148,74.982568,0 87.124316,74.939893,0 87.011719,74.861914,0 86.927148,74.830762,0 86.691992,74.848291,0 86.390527,74.850879,0 86.258594,74.893506,0 86.330664,74.938965,0 86.504492,74.965967,0 86.605469,74.992822,0 86.653125,74.981299,0</coordinates>
        </LinearRing>
      </outerBoundaryIs>
    </Polygon>
    <Polygon>
      <outerBoundaryIs>
        <LinearRing>
          <coordinates>59.313086,81.305225,0 59.096973,81.292285,0 58.719043,81.313525,0 58.610156,81.337256,0 58.634473,81.360352,0 58.880566,81.391846,0 59.075,81.397705,0 59.280859,81.366113,0 59.374609,81.325049,0 59.313086,81.305225,0</coordinates>
        </LinearRing>
      </outerBoundaryIs>
    </Polygon>
    <Polygon>
      <outerBoundaryIs>
        <LinearRing>
          <coordinates>-179.798535,68.94043,0 -179.59541,68.906494,0 -179.514502,68.917139,0 -179.47085,68.912402,0 -179.355957,68.852979,0 -179.279297,68.825195,0 -178.873877,68.754102,0 -178.689307,68.675146,0 -178.538525,68.585645,0 -178.613672,68.603076,0 -178.751465,68.660449,0 -178.736523,68.593018,0 -178.692627,68.545996,0 -178.473926,68.501758,0 -178.244482,68.46665,0 -178.097461,68.424805,0 -178.048682,68.388428,0 -178.018701,68.322754,0 -178.055811,68.264893,0 -177.922412,68.286523,0 -177.796777,68.337988,0 -177.861816,68.378223,0 -178.284521,68.518555,0 -178.373047,68.565674,0 -178.249854,68.541406,0 -177.683203,68.362793,0 -177.527246,68.294385,0 -177.593213,68.281152,0 -177.639355,68.241211,0 -177.589209,68.224219,0 -177.520898,68.236865,0 -177.40752,68.245166,0 -177.297412,68.22251,0 -177.171826,68.174658,0 -176.907275,68.119141,0 -175.345215,67.678076,0 -175.309863,67.602051,0 -175.265918,67.566504,0 -175.239551,67.521094,0 -175.23252,67.44668,0 -175.374707,67.357373,0 -175.155078,67.365381,0 -175.122803,67.376953,0 -175.065625,67.413428,0 -175.002686,67.4375,0 -174.918066,67.407568,0 -174.849854,67.348877,0 -174.869922,67.268506,0 -174.93042,67.203467,0 -174.938135,67.093018,0 -174.885059,67.000244,0 -174.828711,66.961377,0 -174.783643,66.916797,0 -174.771191,66.784326,0 -174.870117,66.724902,0 -174.924902,66.623145,0 -174.864258,66.613135,0 -174.674658,66.603418,0 -174.612451,66.5854,0 -174.50376,66.537939,0 -174.477734,66.492188,0 -174.45376,66.429883,0 -174.418701,66.371973,0 -174.394092,66.344238,0 -174.366064,66.34834,0 -174.256982,66.428467,0 -174.206006,66.452344,0 -174.084766,66.473096,0 -174.017725,66.38252,0 -174.065039,66.22959,0 -174.025439,66.229687,0 -173.994482,66.245801,0 -173.955469,66.286768,0 -173.899951,66.310498,0 -173.832031,66.366064,0 -173.773975,66.434668,0 -173.842529,66.488281,0 -173.920947,66.521777,0 -174.101855,66.540625,0 -174.196338,66.580713,0 -174.231592,66.631885,0 -174.1396,66.652637,0 -174.060596,66.689795,0 -174.005518,66.778613,0 -174.018848,66.827393,0 -174.041016,66.875488,0 -174.086426,66.942871,0 -174.154346,66.982031,0 -174.283545,67.001563,0 -174.341846,67.039746,0 -174.430908,67.037646,0 -174.518945,67.049072,0 -174.554492,67.063037,0 -174.550098,67.090625,0 -174.447607,67.103125,0 -173.884033,67.106445,0 -173.679688,67.144775,0 -173.586572,67.132764,0 -173.493994,67.105176,0 -173.157813,67.069092,0 -173.167627,67.052246,0 -173.22417,67.035107,0 -173.323535,66.954834,0 -173.343066,66.909229,0 -173.347363,66.851367,0 -173.258936,66.840088,0 -173.175391,66.8646,0 -173.216162,66.91123,0 -173.228271,66.968555,0 -173.193018,66.993604,0 -173.146826,66.998975,0 -173.058496,66.955859,0 -172.962598,66.942139,0 -172.640576,66.925,0 -172.549365,66.930518,0 -172.520117,66.95249,0 -172.582959,66.977832,0 -173.001904,67.033984,0 -173.00752,67.064893,0 -172.621045,67.026807,0 -172.447314,66.991748,0 -172.273926,66.965576,0 -172.031494,66.973291,0 -171.795557,66.931738,0 -171.56958,66.818701,0 -171.360498,66.676758,0 -171.149268,66.592725,0 -170.92666,66.529736,0 -170.555664,66.357227,0 -170.509521,66.343652,0 -170.473096,66.320264,0 -170.542822,66.291064,0 -170.604443,66.248926,0 -170.483301,66.278076,0 -170.361133,66.2979,0 -170.301221,66.294043,0 -170.246973,66.271875,0 -170.211621,66.236426,0 -170.191943,66.20127,0 -170.243945,66.169287,0 -169.888818,66.163477,0 -169.777881,66.143115,0 -169.72915,66.058105,0 -169.831689,65.998926,0 -169.891699,66.006104,0 -169.949316,66.031006,0 -170.003809,66.033496,0 -170.159424,66.008057,0 -170.401025,65.928516,0 -170.540674,65.86543,0 -170.563037,65.823584,0 -170.541406,65.710254,0 -170.560986,65.65625,0 -170.666309,65.621533,0 -170.896875,65.642627,0 -171.001465,65.664893,0 -171.118994,65.69502,0 -171.232031,65.736865,0 -171.376855,65.803955,0 -171.421533,65.810352,0 -171.451172,65.794238,0 -171.401709,65.751758,0 -171.303223,65.698486,0 -171.134424,65.628076,0 -171.054248,65.549951,0 -171.105859,65.511035,0 -171.169971,65.5021,0 -171.216016,65.502783,0 -171.36377,65.527197,0 -171.46626,65.533105,0 -171.790381,65.510449,0 -171.907129,65.495947,0 -171.947168,65.507959,0 -171.957178,65.54209,0 -172.131494,65.566943,0 -172.233887,65.570459,0 -172.282275,65.582324,0 -172.322266,65.617529,0 -172.435693,65.669629,0 -172.607715,65.690039,0 -172.719189,65.692432,0 -172.783301,65.681055,0 -172.556543,65.612012,0 -172.353955,65.495996,0 -172.391992,65.474561,0 -172.417773,65.449561,0 -172.305713,65.447803,0 -172.232812,65.455713,0 -172.211572,65.425195,0 -172.269873,65.302734,0 -172.309277,65.275635,0 -172.661914,65.248535,0 -172.573145,65.228223,0 -172.48208,65.221875,0 -172.378711,65.226709,0 -172.286035,65.205713,0 -172.223682,65.128711,0 -172.213184,65.048145,0 -172.304346,65.002148,0 -172.39873,64.964746,0 -172.592822,64.907959,0 -172.79248,64.88291,0 -172.897363,64.889209,0 -172.999121,64.876611,0 -173.066211,64.847168,0 -173.085791,64.817334,0 -172.998047,64.837109,0 -172.896875,64.826074,0 -172.801074,64.790527,0 -172.811572,64.761182,0 -172.902588,64.729199,0 -172.924023,64.704932,0 -172.889062,64.664014,0 -172.900879,64.628857,0 -172.85415,64.609912,0 -172.746875,64.603271,0 -172.616113,64.577881,0 -172.487402,64.544189,0 -172.436621,64.515332,0 -172.393848,64.474658,0 -172.37876,64.431543,0 -172.401465,64.413916,0 -172.694678,64.40708,0 -172.73916,64.412256,0 -172.755957,64.459961,0 -172.791504,64.498926,0 -172.903174,64.526074,0 -172.949023,64.507373,0 -172.915869,64.369434,0 -172.960059,64.327686,0 -173.009131,64.297461,0 -173.157422,64.279736,0 -173.275488,64.289648,0 -173.375684,64.354883,0 -173.375537,64.4104,0 -173.309229,64.442676,0 -173.309326,64.487451,0 -173.32749,64.539551,0 -173.395654,64.479004,0 -173.474951,64.428613,0 -173.603613,64.365479,0 -173.665967,64.357324,0 -173.729736,64.364502,0 -173.897852,64.409717,0 -174.001367,64.448975,0 -174.204834,64.577783,0 -174.318018,64.637646,0 -174.570557,64.717773,0 -174.830469,64.775977,0 -175.036035,64.813672,0 -175.14585,64.809277,0 -175.255908,64.793994,0 -175.395117,64.802393,0 -175.442139,64.816699,0 -175.483203,64.848584,0 -175.520654,64.86709,0 -175.715869,64.946094,0 -175.853857,65.01084,0 -175.859473,65.054199,0 -175.830225,65.105518,0 -175.856152,65.232812,0 -175.922949,65.35249,0 -176.093262,65.471045,0 -176.547461,65.547559,0 -176.922119,65.601367,0 -177.05625,65.613623,0 -177.175244,65.60166,0 -177.48877,65.503711,0 -177.698633,65.489697,0 -178.310205,65.484863,0 -178.4125,65.495557,0 -178.504639,65.537207,0 -178.525928,65.593018,0 -178.499316,65.696631,0 -178.502344,65.74043,0 -178.526221,65.755225,0 -178.558545,65.754004,0 -178.67915,65.795361,0 -178.791064,65.864746,0 -178.879346,65.936475,0 -178.939063,66.032764,0 -178.858252,66.037549,0 -178.746729,66.013672,0 -178.730566,66.037256,0 -178.693799,66.124219,0 -178.61626,66.166016,0 -178.586523,66.198437,0 -178.534131,66.316553,0 -178.526563,66.401562,0 -178.615771,66.355176,0 -178.752783,66.237256,0 -178.82085,66.202686,0 -178.868115,66.187061,0 -178.915527,66.179932,0 -179.026123,66.203516,0 -179.105078,66.231934,0 -179.106885,66.346094,0 -179.143408,66.375049,0 -179.178369,66.35332,0 -179.192676,66.312549,0 -179.293164,66.305078,0 -179.340137,66.2875,0 -179.316211,66.219824,0 -179.327197,66.162598,0 -179.422656,66.141064,0 -179.616162,66.127881,0 -179.683301,66.184131,0 -179.740869,66.105762,0 -179.783643,66.017969,0 -179.789697,65.900879,0 -179.72832,65.803809,0 -179.640625,65.757568,0 -179.449072,65.687842,0 -179.365967,65.638623,0 -179.344385,65.575244,0 -179.3521,65.516748,0 -179.45166,65.445312,0 -179.519336,65.386279,0 -179.635156,65.244141,0 -179.70459,65.187207,0 -180,65.067236,0 -180,65.311963,0 -180,65.556787,0 -180,65.801563,0 -180,66.046289,0 -180,66.291064,0 -180,66.53584,0 -180,66.780566,0 -180,67.025342,0 -180,67.270117,0 -180,67.514844,0 -180,67.759619,0 -180,68.004395,0 -180,68.249121,0 -180,68.493896,0 -180,68.738672,0 -179.999951,68.983447,0 -179.798535,68.94043,0</coordinates>
        </LinearRing>
      </outerBoundaryIs>
    </Polygon>
    <Polygon>
      <outerBoundaryIs>
        <LinearRing>
          <coordinates>130.687305,42.302539,0 130.658008,42.327783,0 130.651563,42.37251,0 130.617969,42.415625,0 130.554102,42.474707,0 130.526953,42.5354,0 130.584473,42.567334,0 130.576563,42.623242,0 130.520605,42.674316,0 130.439258,42.685547,0 130.419922,42.699854,0 130.424805,42.727051,0 130.452734,42.75542,0 130.492969,42.779102,0 130.577246,42.811621,0 130.722461,42.83584,0 130.80332,42.856836,0 130.868555,42.86333,0 130.942871,42.851758,0 131.005566,42.883105,0 131.068555,42.902246,0 131.083496,42.956299,0 131.086133,43.038086,0 131.108984,43.062451,0 131.135547,43.097607,0 131.175586,43.142187,0 131.211914,43.257764,0 131.239355,43.337646,0 131.257324,43.378076,0 131.261816,43.433057,0 131.243945,43.469043,0 131.20918,43.49043,0 131.182422,43.505566,0 131.180078,43.56709,0 131.183594,43.650879,0 131.174219,43.704736,0 131.213281,44.00293,0 131.255273,44.071582,0 131.125781,44.469189,0 131.086914,44.595654,0 131.060645,44.659668,0 131.003906,44.753223,0 130.967773,44.799951,0 130.981641,44.844336,0 131.033008,44.888867,0 131.082324,44.91001,0 131.22793,44.920166,0 131.268262,44.936133,0 131.446875,44.984033,0 131.4875,45.013135,0 131.578711,45.083643,0 131.613965,45.136572,0 131.654004,45.205371,0 131.74209,45.242627,0 131.794922,45.305273,0 131.851855,45.326855,0 131.909277,45.27373,0 131.977539,45.243994,0 132.067383,45.225977,0 132.181348,45.203271,0 132.362988,45.159961,0 132.549023,45.122803,0 132.665625,45.093701,0 132.723145,45.080566,0 132.838672,45.061133,0 132.88877,45.046045,0 132.936035,45.029932,0 133.011719,45.074561,0 133.113477,45.130713,0 133.096875,45.220459,0 133.113379,45.321436,0 133.186035,45.494824,0 133.266992,45.545264,0 133.30957,45.553076,0 133.355469,45.572217,0 133.436426,45.604687,0 133.465625,45.651221,0 133.449121,45.705078,0 133.475781,45.757666,0 133.484668,45.810449,0 133.513086,45.878809,0 133.551172,45.897803,0 133.608008,45.920312,0 133.647852,45.955225,0 133.685742,46.008936,0 133.711133,46.069629,0 133.700684,46.139746,0 133.750195,46.185937,0 133.832813,46.224268,0 133.861328,46.247754,0 133.874805,46.309082,0 133.880273,46.336035,0 133.902734,46.366943,0 133.886719,46.430566,0 133.866602,46.499121,0 133.95752,46.614258,0 134.022656,46.713184,0 134.038574,46.858154,0 134.045996,46.881982,0 134.071387,46.950781,0 134.086426,46.978125,0 134.136914,47.068994,0 134.202148,47.128076,0 134.189258,47.194238,0 134.162988,47.25874,0 134.167676,47.302197,0 134.225195,47.352637,0 134.260059,47.377734,0 134.29082,47.413574,0 134.339453,47.429492,0 134.38252,47.438232,0 134.483496,47.447363,0 134.541895,47.485156,0 134.596191,47.523877,0 134.695801,47.624854,0 134.728125,47.684473,0 134.752344,47.71543,0 134.698633,47.801416,0 134.650293,47.874268,0 134.591309,47.975195,0 134.566016,48.02251,0 134.605371,48.08291,0 134.647266,48.120166,0 134.669336,48.15332,0 134.680859,48.210449,0 134.665234,48.253906,0 134.563574,48.321729,0 134.456152,48.355322,0 134.334961,48.368848,0 134.293359,48.373437,0 134.205859,48.359912,0 133.842188,48.27373,0 133.671777,48.207715,0 133.573242,48.133008,0 133.468359,48.097168,0 133.301172,48.101514,0 133.144043,48.105664,0 133.020117,48.064404,0 132.877148,47.979102,0 132.772852,47.940088,0 132.707227,47.947266,0 132.636914,47.890088,0 132.561914,47.768506,0 132.47627,47.71499,0 132.380176,47.729492,0 132.149805,47.717969,0 131.785254,47.680518,0 131.556738,47.682031,0 131.464258,47.722607,0 131.319336,47.727832,0 131.121875,47.697656,0 131.002734,47.691455,0 130.961914,47.709326,0 130.932813,47.759814,0 130.91543,47.84292,0 130.848633,47.929443,0 130.732617,48.019238,0 130.712109,48.127637,0 130.787207,48.25459,0 130.804297,48.341504,0 130.763477,48.388428,0 130.746875,48.430371,0 130.65918,48.483398,0 130.597266,48.574658,0 130.552148,48.60249,0 130.565625,48.680127,0 130.617188,48.773193,0 130.553125,48.861182,0 130.355273,48.866357,0 130.195996,48.89165,0 130.037109,48.972266,0 129.792578,49.198877,0 129.671094,49.278516,0 129.591406,49.28667,0 129.533691,49.323437,0 129.498145,49.388818,0 129.440723,49.389453,0 129.384668,49.389453,0 129.350098,49.362354,0 129.309863,49.353857,0 129.248438,49.378662,0 129.185156,49.381396,0 129.120117,49.362061,0 129.065137,49.374658,0 129.020313,49.419238,0 128.938281,49.448926,0 128.819336,49.46377,0 128.770313,49.494727,0 128.791016,49.541846,0 128.769043,49.576953,0 128.704004,49.600146,0 128.526758,49.594238,0 128.237109,49.559277,0 127.999609,49.568604,0 127.814258,49.622119,0 127.711133,49.671533,0 127.690137,49.716748,0 127.636719,49.760205,0 127.550781,49.801807,0 127.502441,49.873437,0 127.491797,49.975049,0 127.512305,50.07168,0 127.590234,50.208984,0 127.395313,50.298584,0 127.337207,50.350146,0 127.351172,50.393604,0 127.34082,50.428076,0 127.306055,50.453516,0 127.308203,50.494189,0 127.347168,50.550098,0 127.346875,50.621338,0 127.307031,50.707959,0 127.198242,50.829443,0 127.02041,50.985889,0 126.924805,51.100146,0 126.911523,51.172314,0 126.887695,51.230127,0 126.854395,51.261377,0 126.833789,51.314893,0 126.847754,51.37417,0 126.827344,51.412256,0 126.801758,51.448047,0 126.805469,51.505664,0 126.774512,51.545068,0 126.70918,51.566309,0 126.688672,51.609912,0 126.700781,51.703027,0 126.653711,51.781299,0 126.510547,51.92583,0 126.468066,52.031299,0 126.455566,52.126465,0 126.394824,52.172998,0 126.391504,52.214502,0 126.383496,52.286523,0 126.346289,52.30625,0 126.324219,52.331641,0 126.341699,52.362012,0 126.312891,52.399756,0 126.237598,52.444824,0 126.20293,52.483838,0 126.194434,52.519141,0 126.156641,52.546631,0 126.045898,52.57334,0 126.016016,52.610205,0 126.023242,52.643018,0 126.04707,52.673486,0 126.060156,52.691992,0 126.056055,52.715869,0 126.048145,52.739453,0 126.004297,52.767871,0 125.941602,52.800684,0 125.871875,52.871533,0 125.782813,52.890723,0 125.728125,52.890723,0 125.680762,52.930811,0 125.695312,52.956299,0 125.691699,53.003711,0 125.649023,53.042285,0 125.595996,53.057471,0 125.545996,53.047607,0 125.422461,53.08374,0 125.225586,53.16582,0 125.075,53.203662,0 124.970898,53.197314,0 124.906641,53.172656,0 124.882129,53.129736,0 124.812305,53.133838,0 124.639844,53.210645,0 124.465918,53.229639,0 124.369141,53.270947,0 124.291406,53.340869,0 124.219922,53.370117,0 124.154297,53.358691,0 123.994727,53.405615,0 123.740918,53.510986,0 123.607813,53.546533,0 123.559766,53.52666,0 123.534766,53.526465,0 123.489453,53.529443,0 123.424023,53.530762,0 123.30957,53.555615,0 123.154102,53.54458,0 122.957617,53.497705,0 122.744727,53.468506,0 122.51582,53.456982,0 122.380176,53.4625,0 122.337793,53.48501,0 122.088867,53.451465,0 121.743945,53.383594,0 121.405469,53.317041,0 120.985449,53.28457,0 120.704102,53.171826,0 120.421289,52.968066,0 120.218164,52.839893,0 120.094531,52.787207,0 120.044336,52.718213,0 120.067578,52.63291,0 120.172754,52.60249,0 120.360059,52.627002,0 120.521094,52.615039,0 120.656152,52.56665,0 120.699219,52.493604,0 120.650391,52.395898,0 120.66543,52.299902,0 120.744531,52.205469,0 120.749805,52.096533,0 120.681445,51.973047,0 120.510547,51.848535,0 120.237012,51.722998,0 120.066895,51.600684,0 119.966992,51.422119,0 119.813184,51.267041,0 119.756641,51.179492,0 119.745996,51.107715,0 119.684961,51.030127,0 119.573438,50.946777,0 119.512305,50.863135,0 119.501758,50.779248,0 119.445703,50.702832,0 119.344043,50.633887,0 119.280664,50.560986,0 119.255859,50.48418,0 119.216699,50.43252,0 119.163672,50.406006,0 119.191895,50.379834,0 119.301562,50.353906,0 119.346289,50.278955,0 119.326074,50.154932,0 119.259863,50.066406,0 119.147461,50.013379,0 118.979492,49.978857,0 118.755957,49.962842,0 118.451563,49.844482,0 118.186621,49.692773,0 117.873438,49.513477,0 117.812598,49.513525,0 117.698438,49.53584,0 117.477148,49.609424,0 117.245605,49.624854,0 117.02168,49.692969,0 116.888965,49.737793,0 116.683301,49.823779,0 116.631543,49.877051,0 116.551172,49.920312,0 116.351172,49.978076,0 116.216797,50.009277,0 116.13457,50.010791,0 115.925977,49.952148,0 115.795215,49.905908,0 115.717773,49.880615,0 115.587988,49.886035,0 115.429199,49.896484,0 115.365039,49.911768,0 115.274512,49.948877,0 115.098047,50.059424,0 115.00332,50.138574,0 114.87959,50.183057,0 114.743164,50.233691,0 114.674902,50.245703,0 114.554004,50.241455,0 114.386328,50.255469,0 114.29707,50.274414,0 114.221777,50.257275,0 114.070703,50.204736,0 113.881152,50.101123,0 113.732422,50.061523,0 113.574219,50.007031,0 113.445508,49.941602,0 113.319043,49.874316,0 113.16416,49.797168,0 113.09209,49.692529,0 113.055566,49.61626,0 112.914844,49.569238,0 112.806445,49.523584,0 112.697363,49.507275,0 112.494922,49.532324,0 112.375195,49.5146,0 112.079688,49.424219,0 111.934473,49.416016,0 111.833398,49.403613,0 111.735547,49.397754,0 111.574805,49.376416,0 111.511914,49.360937,0 111.429297,49.342627,0 111.336621,49.355859,0 111.204199,49.304297,0 110.82793,49.166162,0 110.709766,49.142969,0 110.631055,49.137598,0 110.52959,49.187061,0 110.427832,49.219971,0 110.321387,49.215869,0 110.199902,49.17041,0 109.994531,49.205615,0 109.750391,49.239307,0 109.528711,49.269873,0 109.453711,49.296338,0 109.236719,49.334912,0 108.919922,49.335352,0 108.733008,49.335645,0 108.613672,49.322803,0 108.522461,49.341504,0 108.406934,49.396387,0 108.213086,49.524805,0 108.098047,49.562646,0 108.033789,49.593994,0 108.00957,49.646875,0 107.96543,49.653516,0 107.936719,49.691016,0 107.93877,49.740723,0 107.934863,49.849023,0 107.947852,49.924707,0 107.916602,49.947803,0 107.786816,49.96001,0 107.630957,49.983105,0 107.34707,49.98667,0 107.233301,49.989404,0 107.143066,50.033008,0 107.040234,50.086475,0 106.941309,50.19668,0 106.853711,50.248291,0 106.711133,50.312598,0 106.574414,50.328809,0 106.368457,50.317578,0 106.217871,50.30459,0 106.08252,50.332568,0 105.996484,50.36792,0 105.875195,50.405371,0 105.692578,50.41416,0 105.541602,50.44126,0 105.383594,50.47373,0 105.266699,50.460498,0 105.185938,50.42959,0 105.094727,50.389941,0 104.976953,50.38291,0 104.685352,50.341846,0 104.596387,50.317187,0 104.466309,50.306152,0 104.353906,50.275293,0 104.259961,50.214453,0 104.179688,50.169434,0 104.078711,50.154248,0 103.958496,50.157275,0 103.856152,50.171826,0 103.802637,50.176074,0 103.723242,50.153857,0 103.63291,50.138574,0 103.496289,50.164941,0 103.421191,50.187061,0 103.304395,50.200293,0 103.233789,50.264258,0 103.161719,50.290723,0 103.039453,50.300635,0 102.859668,50.333252,0 102.76543,50.366553,0 102.683301,50.387158,0 102.546289,50.461328,0 102.469434,50.525684,0 102.406836,50.536182,0 102.336426,50.544238,0 102.288379,50.585107,0 102.285742,50.634668,0 102.30332,50.665527,0 102.316602,50.718457,0 102.276563,50.768701,0 102.235059,50.791211,0 102.215039,50.829443,0 102.226172,50.901465,0 102.210254,50.974316,0 102.194531,51.050684,0 102.151953,51.10752,0 102.142383,51.216064,0 102.160059,51.26084,0 102.155664,51.31377,0 102.111523,51.353467,0 101.979199,51.382227,0 101.821191,51.421045,0 101.570898,51.467187,0 101.464355,51.471484,0 101.38125,51.452637,0 101.304492,51.474756,0 101.223242,51.513281,0 101.085352,51.553027,0 100.903613,51.604248,0 100.710742,51.661572,0 100.53623,51.713477,0 100.468945,51.726074,0 100.230371,51.729834,0 100.03457,51.737109,0 99.92168,51.755518,0 99.787891,51.827539,0 99.719238,51.871631,0 99.612891,51.892529,0 99.532324,51.899902,0 99.407031,51.923535,0 99.176172,51.998877,0 99.091406,52.034863,0 99.034277,52.0354,0 98.958105,52.101709,0 98.893164,52.117285,0 98.848633,52.070068,0 98.802539,51.957471,0 98.760156,51.905078,0 98.640527,51.801172,0 98.352734,51.717627,0 98.303125,51.674268,0 98.276855,51.63457,0 98.2375,51.578418,0 98.219922,51.505615,0 98.184668,51.485742,0 98.103125,51.483545,0 98.037598,51.449951,0 97.98916,51.377051,0 97.946875,51.348437,0 97.923242,51.280469,0 97.927344,51.250732,0 97.917871,51.217871,0 97.91084,51.165186,0 97.835742,51.05166,0 97.825293,50.985254,0 97.856152,50.943359,0 97.919824,50.887158,0 97.953125,50.855176,0 97.96416,50.817676,0 97.961914,50.769141,0 98.001172,50.702051,0 98.029785,50.644629,0 98.078906,50.603809,0 98.14502,50.568555,0 98.220508,50.557178,0 98.279492,50.533252,0 98.292676,50.486963,0 98.277344,50.422998,0 98.250293,50.302441,0 98.2,50.227686,0 98.170117,50.180566,0 98.121973,50.106592,0 98.103418,50.077832,0 98.003906,50.014258,0 97.936621,49.996777,0 97.853906,49.946777,0 97.785547,49.944531,0 97.720703,49.944629,0 97.650977,49.933594,0 97.589355,49.911475,0 97.54082,49.843115,0 97.418359,49.773047,0 97.359766,49.741455,0 97.208594,49.730811,0 97.136914,49.761719,0 97.097656,49.805029,0 97.049121,49.829883,0 96.985742,49.882812,0 96.711719,49.911572,0 96.640234,49.897852,0 96.598437,49.878418,0 96.543262,49.892529,0 96.505762,49.918701,0 96.466406,49.911523,0 96.381152,49.896045,0 96.315039,49.901123,0 96.229688,49.954102,0 96.111719,49.982471,0 96.065527,49.99873,0 96.018555,49.998779,0 95.989551,49.973584,0 95.935742,49.96001,0 95.899414,49.990576,0 95.851953,50.012939,0 95.789355,50.0125,0 95.707812,49.966016,0 95.567187,49.943848,0 95.522656,49.91123,0 95.441797,49.915527,0 95.385645,49.941211,0 95.329492,49.944141,0 95.166211,49.943848,0 95.111426,49.935449,0 95.044336,49.961572,0 95.012891,50.008252,0 94.930273,50.04375,0 94.81123,50.048193,0 94.718066,50.043262,0 94.675488,50.028076,0 94.614746,50.02373,0 94.564648,50.087939,0 94.496875,50.132812,0 94.458496,50.165723,0 94.400195,50.179639,0 94.354688,50.221826,0 94.346875,50.303418,0 94.319336,50.404883,0 94.287012,50.511377,0 94.251074,50.556396,0 94.075781,50.572852,0 93.989844,50.568848,0 93.79541,50.577637,0 93.662012,50.583691,0 93.625586,50.585547,0 93.501074,50.597461,0 93.386816,50.608496,0 93.270508,50.615576,0 93.222559,50.606543,0 93.103125,50.603906,0 93.009863,50.654541,0 92.970703,50.7125,0 92.963574,50.744922,0 92.941309,50.778223,0 92.856445,50.789111,0 92.779297,50.778662,0 92.738672,50.710938,0 92.681348,50.683203,0 92.62666,50.688281,0 92.578906,50.725439,0 92.486426,50.765088,0 92.426367,50.803076,0 92.354785,50.86416,0 92.295801,50.849805,0 92.279004,50.812207,0 92.265332,50.775195,0 92.192383,50.700586,0 92.104004,50.691992,0 91.956543,50.697607,0 91.804297,50.693604,0 91.706348,50.665527,0 91.63418,50.615137,0 91.596875,50.575537,0 91.52168,50.562012,0 91.446484,50.522168,0 91.415039,50.468018,0 91.34082,50.470068,0 91.300586,50.463379,0 91.233789,50.452393,0 91.062793,50.422607,0 91.021582,50.415479,0 90.917188,50.36416,0 90.838086,50.32373,0 90.760742,50.305957,0 90.714355,50.259424,0 90.655078,50.222363,0 90.516895,50.21333,0 90.364844,50.166895,0 90.311328,50.151172,0 90.224512,50.116699,0 90.103711,50.10332,0 90.053711,50.09375,0 90.00498,50.069287,0 89.977344,49.984326,0 89.878027,49.953516,0 89.744238,49.948096,0 89.643848,49.903027,0 89.634277,49.823291,0 89.669531,49.750488,0 89.654102,49.71748,0 89.579199,49.699707,0 89.475,49.660547,0 89.395605,49.611523,0 89.299219,49.611133,0 89.243945,49.627051,0 89.20293,49.595703,0 89.17998,49.532227,0 89.109473,49.501367,0 89.008398,49.472803,0 88.970605,49.48374,0 88.94541,49.507666,0 88.900195,49.539697,0 88.863867,49.527637,0 88.860352,49.481543,0 88.831641,49.448437,0 88.747852,49.44624,0 88.682715,49.464551,0 88.633203,49.486133,0 88.544336,49.482568,0 88.452441,49.472705,0 88.393359,49.482861,0 88.337793,49.472559,0 88.192578,49.451709,0 88.135547,49.381494,0 88.134277,49.298437,0 88.115723,49.256299,0 88.028516,49.219775,0 87.988086,49.186914,0 87.934766,49.164551,0 87.818262,49.162109,0 87.814258,49.162305,0 87.7625,49.16582,0 87.668359,49.147217,0 87.576563,49.132373,0 87.51582,49.122412,0 87.476172,49.091455,0 87.416699,49.076611,0 87.322852,49.085791,0 87.296875,49.147656,0 87.233691,49.216162,0 87.148047,49.239795,0 87.070605,49.25459,0 87.000977,49.287305,0 86.95293,49.32207,0 86.812109,49.487891,0 86.714355,49.558594,0 86.626465,49.562695,0 86.614258,49.609717,0 86.665332,49.656689,0 86.730664,49.695557,0 86.728711,49.748682,0 86.675488,49.777295,0 86.610156,49.769141,0 86.522266,49.707764,0 86.417969,49.638477,0 86.292383,49.5875,0 86.242188,49.546338,0 86.180859,49.499316,0 86.092969,49.505469,0 86.02959,49.503418,0 85.974414,49.499316,0 85.933594,49.550439,0 85.880469,49.556543,0 85.498438,49.605371,0 85.371582,49.623926,0 85.291895,49.599463,0 85.232617,49.61582,0 85.210156,49.664844,0 85.136523,49.750732,0 85.076465,49.821631,0 85.000781,49.894141,0 84.975195,49.951074,0 84.999707,50.010303,0 84.989453,50.061426,0 84.924023,50.087988,0 84.838965,50.091309,0 84.607324,50.202393,0 84.499023,50.21875,0 84.400977,50.23916,0 84.323242,50.23916,0 84.257812,50.288232,0 84.194531,50.437451,0 84.175977,50.520557,0 84.099316,50.604736,0 84.002344,50.676855,0 83.945117,50.774658,0 83.859766,50.818018,0 83.717773,50.887158,0 83.581445,50.935742,0 83.357324,50.99458,0 83.27373,50.99458,0 83.160254,50.989209,0 83.092773,50.960596,0 83.019238,50.897266,0 82.919043,50.893115,0 82.76084,50.893359,0 82.718555,50.869482,0 82.692969,50.826318,0 82.611719,50.771484,0 82.493945,50.727588,0 82.326367,50.741895,0 82.211914,50.719434,0 82.098047,50.71084,0 81.933691,50.766357,0 81.752051,50.764404,0 81.633887,50.739111,0 81.465918,50.739844,0 81.431445,50.771143,0 81.451563,50.823682,0 81.437695,50.871045,0 81.410156,50.909766,0 81.388281,50.956494,0 81.319141,50.966406,0 81.124609,50.946289,0 81.071484,50.96875,0 81.077539,51.014941,0 81.112402,51.072363,0 81.141016,51.146582,0 81.127246,51.191064,0 81.026758,51.185693,0 80.965625,51.189795,0 80.934082,51.242773,0 80.877344,51.281445,0 80.813086,51.283496,0 80.735254,51.293408,0 80.650488,51.277344,0 80.605469,51.224219,0 80.550684,51.216602,0 80.491016,51.201758,0 80.448047,51.18335,0 80.421484,51.136377,0 80.433594,51.092627,0 80.452246,50.997607,0 80.423633,50.946289,0 80.345215,50.919092,0 80.27041,50.924609,0 80.220215,50.911768,0 80.127246,50.85835,0 80.086328,50.83999,0 80.07207,50.807275,0 80.065918,50.758203,0 79.98623,50.774561,0 79.859668,50.955469,0 79.716406,51.16001,0 79.554297,51.377979,0 79.468848,51.493115,0 79.14873,51.868115,0 78.99209,52.047412,0 78.721484,52.357031,0 78.475488,52.638428,0 78.198047,52.929688,0 78.033496,53.094971,0 77.859961,53.269189,0 77.799414,53.317432,0 77.704395,53.37915,0 77.469238,53.498779,0 77.132422,53.670117,0 76.820703,53.822656,0 76.575684,53.942529,0 76.513086,53.993213,0 76.484766,54.022559,0 76.458594,54.055273,0 76.42207,54.113525,0 76.42168,54.151514,0 76.65459,54.145264,0 76.703027,54.182471,0 76.788965,54.321875,0 76.837305,54.442383,0 76.759375,54.436865,0 76.615527,54.387109,0 76.53916,54.351074,0 76.496484,54.335693,0 76.266602,54.311963,0 76.140527,54.258545,0 75.880664,54.167969,0 75.692871,54.114795,0 75.656836,54.106006,0 75.437207,54.089648,0 75.398145,54.068506,0 75.392383,54.021729,0 75.377051,53.970117,0 75.220215,53.893799,0 75.052148,53.826709,0 74.988965,53.819238,0 74.886816,53.834033,0 74.83418,53.825684,0 74.681445,53.754395,0 74.451953,53.647266,0 74.430469,53.603711,0 74.429297,53.550732,0 74.402734,53.504443,0 74.351562,53.487646,0 74.277344,53.527734,0 74.209961,53.576465,0 74.068652,53.611426,0 73.858984,53.619727,0 73.731152,53.602783,0 73.642969,53.57627,0 73.469922,53.468896,0 73.406934,53.447559,0 73.371875,53.454395,0 73.361914,53.506201,0 73.326855,53.543164,0 73.285742,53.598389,0 73.305664,53.707227,0 73.399414,53.811475,0 73.554199,53.868311,0 73.678906,53.929443,0 73.715527,53.996191,0 73.712402,54.042383,0 73.666406,54.063477,0 73.617969,54.067383,0 73.589941,54.044971,0 73.505664,53.999316,0 73.380664,53.962842,0 73.276563,53.955615,0 73.229883,53.957812,0 73.119336,53.980762,0 72.914062,54.107324,0 72.741016,54.124512,0 72.622266,54.134326,0 72.582715,54.121582,0 72.564258,54.09043,0 72.575586,54.056494,0 72.599219,54.023047,0 72.585938,53.995947,0 72.530273,53.975781,0 72.446777,53.941846,0 72.404297,53.964453,0 72.383008,54.053662,0 72.387305,54.123047,0 72.329492,54.181445,0 72.269141,54.272119,0 72.186035,54.325635,0 72.105371,54.308447,0 72.065625,54.231641,0 72.004492,54.205664,0 71.887402,54.221484,0 71.677148,54.178027,0 71.336426,54.15835,0 71.093164,54.212207,0 71.052734,54.260498,0 71.152148,54.364062,0 71.159766,54.45542,0 71.15918,54.538623,0 71.185547,54.599316,0 71.12627,54.715039,0 70.991797,54.950488,0 70.910156,55.127979,0 70.790332,55.261133,0 70.738086,55.305176,0 70.486328,55.282373,0 70.417188,55.253174,0 70.371484,55.212256,0 70.293359,55.183594,0 70.182422,55.162451,0 70.087402,55.176758,0 69.981738,55.199072,0 69.870215,55.245654,0 69.740234,55.307373,0 69.493262,55.356885,0 69.246973,55.37251,0 68.977246,55.3896,0 68.842969,55.35835,0 68.712891,55.308496,0 68.524805,55.204834,0 68.438477,55.194434,0 68.301953,55.186523,0 68.20625,55.160937,0 68.225293,55.115234,0 68.244043,55.052441,0 68.209375,55.003027,0 68.155859,54.976709,0 68.073828,54.95957,0 67.939941,54.953711,0 67.829883,54.943555,0 67.693359,54.872412,0 67.484668,54.854492,0 67.257324,54.828809,0 67.09834,54.788184,0 66.754492,54.737891,0 66.555371,54.71543,0 66.222656,54.667383,0 65.954688,54.659521,0 65.914258,54.693311,0 65.707813,54.618701,0 65.476953,54.623291,0 65.434375,54.593311,0 65.378125,54.564453,0 65.315918,54.551562,0 65.237402,54.516064,0 65.192188,54.441113,0 65.157813,54.364404,0 65.088379,54.340186,0 64.99541,54.36875,0 64.926758,54.396631,0 64.809277,54.368555,0 64.649902,54.352246,0 64.525098,54.362158,0 64.46123,54.38418,0 64.199414,54.347412,0 64.062891,54.30293,0 64.037402,54.279736,0 64.003906,54.26709,0 63.84707,54.236475,0 63.721191,54.24502,0 63.701367,54.243213,0 63.582031,54.221924,0 63.413672,54.183203,0 63.292676,54.170459,0 63.191309,54.171045,0 63.126563,54.139258,0 63.073926,54.105225,0 62.632715,54.069287,0 62.588281,54.044434,0 62.499023,54.013184,0 62.040234,54.002637,0 62.002344,53.979932,0 61.985645,53.954395,0 61.928711,53.946484,0 61.598145,53.994922,0 61.333691,54.049268,0 61.231055,54.019482,0 61.14375,53.963818,0 61.113184,53.882471,0 61.113184,53.812988,0 61.113184,53.753467,0 61.073535,53.710449,0 60.985547,53.657422,0 60.979492,53.621729,0 61.098535,53.583105,0 61.247949,53.550977,0 61.336133,53.565186,0 61.409961,53.587061,0 61.474121,53.580273,0 61.519141,53.554492,0 61.534961,53.523291,0 61.526563,53.501562,0 61.498535,53.484668,0 61.400977,53.455811,0 61.311621,53.465723,0 61.228906,53.445898,0 61.185938,53.406201,0 61.162793,53.336768,0 61.199219,53.287158,0 61.310938,53.275195,0 61.436816,53.239404,0 61.576172,53.222461,0 61.659863,53.228467,0 61.766211,53.173926,0 62.014648,53.107861,0 62.081055,53.057422,0 62.082715,53.00542,0 62.037109,52.966113,0 61.974219,52.94375,0 61.888574,52.955908,0 61.719336,52.969385,0 61.533594,52.978516,0 61.400781,52.995996,0 61.206934,52.989062,0 61.047461,52.972461,0 61.006543,52.93335,0 60.944727,52.860156,0 60.893262,52.819434,0 60.802344,52.744727,0 60.774414,52.675781,0 60.821289,52.569824,0 60.979492,52.394775,0 60.994531,52.336865,0 60.937598,52.280566,0 60.828418,52.233398,0 60.670313,52.15083,0 60.499316,52.146338,0 60.425488,52.125586,0 60.233691,52.024512,0 60.065527,51.976465,0 60.030273,51.933252,0 60.06748,51.890625,0 60.280371,51.834619,0 60.3875,51.772998,0 60.418359,51.703906,0 60.464746,51.651172,0 60.630371,51.616943,0 60.973535,51.537061,0 60.993359,51.528711,0 61.014844,51.492383,0 61.363086,51.441895,0 61.411328,51.414746,0 61.554688,51.324609,0 61.585059,51.229687,0 61.512207,51.137012,0 61.465039,50.990234,0 61.389453,50.861035,0 61.226855,50.774805,0 60.942285,50.695508,0 60.637988,50.663721,0 60.508496,50.669189,0 60.424805,50.67915,0 60.288086,50.70415,0 60.186719,50.769775,0 60.112109,50.83418,0 60.058594,50.850293,0 60.005273,50.839697,0 59.955176,50.799268,0 59.887793,50.690186,0 59.812402,50.582031,0 59.751172,50.543945,0 59.523047,50.492871,0 59.497852,50.511084,0 59.523926,50.582812,0 59.495117,50.604297,0 59.452344,50.62041,0 59.170898,50.6479,0 59.064355,50.668213,0 58.984863,50.676123,0 58.883691,50.694434,0 58.814063,50.737207,0 58.664551,50.868311,0 58.547461,50.971045,0 58.35918,51.063818,0 58.188477,51.081738,0 58.174707,51.072266,0 58.045117,51.068848,0 57.838867,51.09165,0 57.828906,51.089014,0 57.764844,51.046875,0 57.716992,50.980957,0 57.653809,50.925146,0 57.557813,50.895557,0 57.442188,50.888867,0 57.3125,50.946533,0 57.179004,51.036035,0 57.011719,51.065186,0 56.849609,51.045557,0 56.790332,51.031592,0 56.620215,50.980859,0 56.566895,51.004492,0 56.491406,51.019531,0 56.325586,50.936084,0 56.143945,50.844629,0 56.104492,50.77627,0 56.049707,50.713525,0 55.929199,50.65376,0 55.797656,50.602051,0 55.68623,50.582861,0 55.542285,50.601807,0 55.361133,50.665283,0 55.195215,50.744727,0 55.014844,50.869775,0 54.867969,50.941357,0 54.727148,50.998096,0 54.641602,51.011572,0 54.572949,50.990234,0 54.546094,50.946045,0 54.565625,50.911279,0 54.60625,50.879883,0 54.637891,50.781055,0 54.65,50.660156,0 54.636133,50.591602,0 54.596191,50.550684,0 54.555273,50.535791,0 54.517383,50.541162,0 54.471484,50.583789,0 54.443359,50.673926,0 54.421484,50.780322,0 54.297852,50.914062,0 54.191113,50.995703,0 54.139746,51.040771,0 54.041504,51.115186,0 53.956836,51.161182,0 53.776465,51.213721,0 53.688086,51.251807,0 53.534668,51.399561,0 53.448633,51.444531,0 53.338086,51.482373,0 53.247266,51.493604,0 53.227344,51.484961,0 53.038379,51.463721,0 52.902637,51.466943,0 52.820508,51.49458,0 52.735059,51.4979,0 52.728125,51.498145,0 52.635156,51.479541,0 52.617773,51.480762,0 52.571191,51.481641,0 52.496191,51.512158,0 52.423047,51.594238,0 52.331055,51.681299,0 52.219141,51.709375,0 52.007129,51.672705,0 51.775391,51.554248,0 51.609082,51.483984,0 51.473438,51.482031,0 51.395996,51.471289,0 51.344531,51.475342,0 51.301074,51.497412,0 51.290723,51.540186,0 51.269922,51.594482,0 51.163477,51.647461,0 51.017871,51.681641,0 50.882422,51.719189,0 50.793945,51.729199,0 50.756152,51.675146,0 50.643945,51.58916,0 50.516309,51.505615,0 50.353711,51.369727,0 50.309277,51.321582,0 50.246875,51.289502,0 50.104883,51.25459,0 49.932324,51.197168,0 49.822266,51.131885,0 49.666309,51.102295,0 49.498047,51.083594,0 49.424609,51.027002,0 49.379492,50.934668,0 49.323438,50.851709,0 49.058691,50.726074,0 48.91377,50.64458,0 48.808398,50.601318,0 48.734766,50.606885,0 48.655176,50.619873,0 48.625098,50.612695,0 48.666016,50.550342,0 48.700488,50.35376,0 48.749414,50.228467,0 48.784766,50.156445,0 48.817969,50.099854,0 48.843262,50.013135,0 48.810254,49.962402,0 48.758984,49.92832,0 48.6,49.874707,0 48.434277,49.828516,0 48.334961,49.858252,0 48.224805,49.931934,0 48.181348,49.97002,0 48.060742,50.093604,0 47.849609,50.282324,0 47.705762,50.377979,0 47.599609,50.413574,0 47.503613,50.402734,0 47.429199,50.357959,0 47.376367,50.318115,0 47.326465,50.273535,0 47.294727,50.21748,0 47.297656,50.140234,0 47.295215,50.058496,0 47.24834,50.000879,0 47.12959,49.939062,0 46.991992,49.852734,0 46.889551,49.696973,0 46.823145,49.502246,0 46.802051,49.36709,0 46.85293,49.303857,0 46.953418,49.252588,0 47.018164,49.199902,0 47.031348,49.150293,0 47.014258,49.09834,0 46.962207,49.03833,0 46.85293,48.969629,0 46.702637,48.805566,0 46.60918,48.573877,0 46.660938,48.412256,0 46.853125,48.323584,0 47.004297,48.284473,0 47.064648,48.232471,0 47.119043,48.127002,0 47.111523,48.020117,0 47.093262,47.947705,0 47.130762,47.876758,0 47.202051,47.79248,0 47.292383,47.740918,0 47.387305,47.768652,0 47.481934,47.803906,0 47.600195,47.78999,0 47.934668,47.760693,0 48.109961,47.74541,0 48.166992,47.708789,0 48.275684,47.589941,0 48.413086,47.456494,0 48.552539,47.320996,0 48.600684,47.262305,0 48.714355,47.100488,0 48.831836,46.954932,0 48.959375,46.774609,0 48.950293,46.725781,0 48.883594,46.70542,0 48.776367,46.710352,0 48.693555,46.736816,0 48.64707,46.758691,0 48.605273,46.765918,0 48.558398,46.757129,0 48.518555,46.734326,0 48.502344,46.698633,0 48.50918,46.649951,0 48.541211,46.605615,0 48.586035,46.5771,0 48.610156,46.566455,0 48.774316,46.507959,0 48.958984,46.442139,0 49.184277,46.348828,0 49.232227,46.337158,0 49.245898,46.291602,0 49.125488,46.281738,0 49.110645,46.228467,0 49.07959,46.189209,0 48.809961,46.100488,0 48.742578,46.100732,0 48.683691,46.086182,0 48.687305,46.02876,0 48.703418,45.976221,0 48.749609,45.920557,0 48.72959,45.896826,0 48.689648,45.888867,0 48.637402,45.905762,0 48.589063,45.934863,0 48.537305,45.942139,0 48.487012,45.934863,0 48.257617,45.777783,0 48.15918,45.737012,0 48.052832,45.720996,0 47.830176,45.663037,0 47.763965,45.665967,0 47.701074,45.686182,0 47.649805,45.656738,0 47.633301,45.584033,0 47.574023,45.634277,0 47.508398,45.67417,0 47.479395,45.687598,0 47.463281,45.679688,0 47.524219,45.601709,0 47.529492,45.530225,0 47.514551,45.490918,0 47.488672,45.455078,0 47.454492,45.433057,0 47.413086,45.421045,0 47.391113,45.294775,0 47.35127,45.217725,0 47.296191,45.149463,0 47.221484,45.024268,0 47.161523,44.969629,0 47.114746,44.905957,0 47.083789,44.816992,0 47.039258,44.837891,0 47.00293,44.876074,0 46.983691,44.825586,0 46.957422,44.782568,0 46.841211,44.718262,0 46.755273,44.656543,0 46.716113,44.560693,0 46.707227,44.50332,0 46.720898,44.45166,0 46.753027,44.420654,0 46.915723,44.387158,0 47.023633,44.343262,0 47.122656,44.26167,0 47.229883,44.192383,0 47.307031,44.103125,0 47.361523,43.993359,0 47.429199,43.779883,0 47.462793,43.555029,0 47.562598,43.834668,0 47.646484,43.884619,0 47.627832,43.805957,0 47.567969,43.684961,0 47.508984,43.509717,0 47.489844,43.381689,0 47.511621,43.270752,0 47.512891,43.21875,0 47.463184,43.035059,0 47.488867,42.999756,0 47.529004,42.967139,0 47.634863,42.903467,0 47.709082,42.810937,0 47.727734,42.680713,0 47.769727,42.644775,0 47.822363,42.613477,0 48.080176,42.353711,0 48.228613,42.180957,0 48.303027,42.080225,0 48.383789,41.953418,0 48.426367,41.923975,0 48.476758,41.905127,0 48.572852,41.844482,0 48.518652,41.779346,0 48.430664,41.66333,0 48.391406,41.601904,0 48.298145,41.54502,0 48.142285,41.484766,0 48.056055,41.458691,0 47.963672,41.333984,0 47.861133,41.212744,0 47.791016,41.199268,0 47.591797,41.218115,0 47.520605,41.229053,0 47.317676,41.282422,0 47.261133,41.315088,0 47.205273,41.455615,0 47.142578,41.516064,0 47.063965,41.554688,0 47.010156,41.5875,0 46.987793,41.621387,0 46.930859,41.67041,0 46.825586,41.743408,0 46.749316,41.812598,0 46.690332,41.831348,0 46.616016,41.806934,0 46.571289,41.800098,0 46.552148,41.812305,0 46.537695,41.87041,0 46.429883,41.890967,0 46.411523,41.904639,0 46.267773,41.960352,0 46.212695,41.989893,0 46.159766,41.992041,0 46.048438,42.00874,0 45.954004,42.0354,0 45.910352,42.070703,0 45.845996,42.109961,0 45.726562,42.158887,0 45.638574,42.205078,0 45.634277,42.234717,0 45.688379,42.357373,0 45.727539,42.475049,0 45.705273,42.498096,0 45.655566,42.517676,0 45.562891,42.535742,0 45.34375,42.529785,0 45.208203,42.648242,0 45.160254,42.675,0 45.071582,42.694141,0 44.943359,42.730273,0 44.870996,42.756396,0 44.850488,42.746826,0 44.771094,42.616797,0 44.691797,42.709619,0 44.644336,42.734717,0 44.576465,42.748486,0 44.505859,42.748633,0 44.329492,42.703516,0 44.199707,42.653613,0 44.102734,42.616357,0 44.004688,42.595605,0 43.957422,42.566553,0 43.825977,42.571533,0 43.759863,42.593848,0 43.738379,42.616992,0 43.749902,42.65752,0 43.79541,42.702979,0 43.79873,42.727783,0 43.782617,42.747021,0 43.623047,42.807715,0 43.557813,42.844482,0 43.347949,42.89668,0 43.08916,42.989062,0 43.000195,43.049658,0 42.991602,43.091504,0 42.890039,43.132617,0 42.760645,43.16958,0 42.660254,43.159082,0 42.566016,43.155127,0 42.419043,43.224219,0 42.279688,43.228076,0 42.122266,43.207324,0 42.087793,43.199121,0 42.05,43.190137,0 41.580566,43.219238,0 41.460742,43.276318,0 41.358203,43.333398,0 41.083105,43.374463,0 40.941992,43.418066,0 40.80166,43.479932,0 40.648047,43.533887,0 40.518945,43.512012,0 40.342285,43.542725,0 40.150195,43.569775,0 40.08457,43.553125,0 40.02373,43.484863,0 39.97832,43.419824,0 39.873633,43.472803,0 39.516699,43.727881,0 39.329395,43.897266,0 38.717285,44.288086,0 38.63584,44.318018,0 38.311816,44.374463,0 38.18125,44.419678,0 37.851465,44.698828,0 37.704883,44.661377,0 37.572461,44.67085,0 37.495117,44.695264,0 37.411328,44.735352,0 37.352344,44.788379,0 37.284082,44.905029,0 37.204785,44.971973,0 36.944434,45.06958,0 36.650781,45.126465,0 36.627637,45.151318,0 36.619141,45.185498,0 36.873047,45.251758,0 36.941211,45.289697,0 36.811035,45.340039,0 36.761621,45.34834,0 36.72041,45.371875,0 36.79375,45.409717,0 36.865918,45.427051,0 36.977832,45.383594,0 37.103516,45.302881,0 37.213574,45.272314,0 37.264258,45.310937,0 37.647168,45.377197,0 37.672949,45.429736,0 37.671875,45.488379,0 37.634375,45.486328,0 37.609961,45.499512,0 37.612402,45.564697,0 37.669238,45.654053,0 37.840918,45.799561,0 37.933105,46.001709,0 38.014258,46.047754,0 38.073828,46.01709,0 38.069727,45.969873,0 38.07959,45.934814,0 38.132812,46.002832,0 38.183594,46.094824,0 38.311816,46.095361,0 38.400391,46.080029,0 38.492285,46.090527,0 38.315234,46.241943,0 38.077734,46.394336,0 37.977539,46.382861,0 37.913867,46.406494,0 37.80957,46.53208,0 37.766504,46.636133,0 37.867383,46.633789,0 37.967969,46.618018,0 38.159473,46.690674,0 38.22998,46.70127,0 38.343457,46.67832,0 38.500977,46.663672,0 38.487988,46.732178,0 38.438672,46.813086,0 38.630762,46.873047,0 38.801074,46.906152,0 39.126758,47.023438,0 39.270703,47.044141,0 39.289062,47.070898,0 39.293457,47.105762,0 39.244531,47.199512,0 39.195703,47.268848,0 39.02373,47.272217,0 38.92832,47.175684,0 38.668164,47.143945,0 38.552441,47.150342,0 38.644336,47.212207,0 38.736035,47.23584,0 38.761914,47.261621,0 38.577246,47.239111,0 38.484766,47.175537,0 38.214355,47.091455,0 38.205859,47.135596,0 38.201367,47.175244,0 38.221191,47.212744,0 38.265332,47.236963,0 38.280762,47.259033,0 38.280762,47.27666,0 38.241016,47.287695,0 38.208008,47.296533,0 38.201367,47.320801,0 38.212402,47.342773,0 38.243262,47.373682,0 38.256543,47.408936,0 38.258789,47.479541,0 38.287402,47.55918,0 38.368848,47.609961,0 38.510938,47.622412,0 38.640625,47.665918,0 38.718945,47.714111,0 38.822266,47.837012,0 38.900293,47.855127,0 39.057813,47.848486,0 39.158496,47.837402,0 39.391016,47.83374,0 39.658496,47.841211,0 39.735938,47.844824,0 39.778711,47.887549,0 39.775781,47.964453,0 39.813965,48.035303,0 39.885059,48.168359,0 39.961035,48.237939,0 39.95791,48.268896,0 39.918164,48.281934,0 39.866309,48.288428,0 39.847461,48.302783,0 39.849902,48.331934,0 39.889844,48.360449,0 39.882617,48.419092,0 39.85752,48.484229,0 39.835645,48.542773,0 39.76543,48.571875,0 39.644727,48.591211,0 39.67041,48.662451,0 39.70459,48.739355,0 39.755859,48.78208,0 39.792871,48.807715,0 39.904102,48.79375,0 39.984473,48.807373,0 40.003613,48.82207,0 39.98916,48.851416,0 39.86377,48.877979,0 39.75332,48.914453,0 39.705664,48.95957,0 39.686523,49.00791,0 39.759473,49.036572,0 39.889746,49.064062,0 39.976367,49.129834,0 40.07002,49.200293,0 40.108789,49.251562,0 40.12832,49.307227,0 40.126172,49.368848,0 40.057813,49.431543,0 40.057813,49.49707,0 40.094922,49.542676,0 40.080664,49.576855,0 40.030664,49.596729,0 39.958496,49.590771,0 39.876855,49.567676,0 39.780566,49.572021,0 39.626563,49.650684,0 39.462793,49.728027,0 39.368457,49.730664,0 39.30293,49.742041,0 39.245996,49.781934,0 39.211816,49.833203,0 39.174805,49.855957,0 39.114941,49.841748,0 39.027734,49.818408,0 38.918359,49.824707,0 38.77666,49.884326,0 38.647754,49.952881,0 38.551953,49.95459,0 38.451172,49.964062,0 38.258594,50.052344,0 38.208691,50.051465,0 38.177539,50.025391,0 38.162695,49.954541,0 38.146777,49.939404,0 38.1125,49.927832,0 38.046875,49.92002,0 37.950293,49.964209,0 37.704199,50.109082,0 37.605078,50.214941,0 37.582324,50.291846,0 37.501367,50.340723,0 37.422852,50.411475,0 37.343164,50.417627,0 37.254883,50.394971,0 37.171094,50.360889,0 37.13125,50.351514,0 36.988477,50.339551,0 36.759082,50.291846,0 36.696387,50.24624,0 36.619434,50.209229,0 36.559668,50.234863,0 36.499805,50.280469,0 36.368848,50.296826,0 36.306055,50.280469,0 36.243359,50.311768,0 36.189453,50.367822,0 36.116406,50.408545,0 36.007812,50.419678,0 35.890234,50.437109,0 35.796191,50.405762,0 35.67373,50.345996,0 35.591113,50.36875,0 35.545508,50.43999,0 35.488477,50.459912,0 35.411621,50.539697,0 35.391699,50.610937,0 35.411621,50.642236,0 35.440137,50.68208,0 35.440137,50.727686,0 35.417383,50.767578,0 35.383203,50.798926,0 35.346094,50.904297,0 35.314746,50.949902,0 35.309082,50.986914,0 35.334766,51.021143,0 35.311914,51.043896,0 35.269141,51.046777,0 35.198047,51.043896,0 35.158105,51.060986,0 35.115332,51.12085,0 35.092578,51.180664,0 35.064063,51.203418,0 34.990234,51.201758,0 34.868555,51.189209,0 34.760352,51.169336,0 34.712305,51.172217,0 34.616797,51.203125,0 34.491016,51.237061,0 34.23418,51.243799,0 34.213867,51.255371,0 34.228418,51.276855,0 34.280664,51.31167,0 34.275,51.340186,0 34.229883,51.363232,0 34.206543,51.419922,0 34.209277,51.484082,0 34.200879,51.553809,0 34.146777,51.607959,0 34.11543,51.644971,0 34.121094,51.67915,0 34.23916,51.692236,0 34.379297,51.716504,0 34.402734,51.741504,0 34.397852,51.78042,0 34.113086,51.979639,0 34.015332,52.155957,0 33.92207,52.251465,0 33.818848,52.315625,0 33.735254,52.344775,0 33.613379,52.332617,0 33.451855,52.333789,0 33.287109,52.353564,0 33.148438,52.34043,0 32.899707,52.256348,0 32.806445,52.252637,0 32.64541,52.279102,0 32.50791,52.308545,0 32.435449,52.307227,0 32.391309,52.294824,0 32.362988,52.272119,0 32.282813,52.114014,0 32.216797,52.082959,0 32.122266,52.050586,0 32.041602,52.04502,0 31.973828,52.046631,0 31.875586,52.070898,0 31.782422,52.099414,0 31.763379,52.101074,0 31.758594,52.12583,0 31.690625,52.220654,0 31.649902,52.262207,0 31.601562,52.284814,0 31.577344,52.312305,0 31.576563,52.426025,0 31.585547,52.532471,0 31.615918,52.546191,0 31.526172,52.633008,0 31.519434,52.69873,0 31.563477,52.731445,0 31.564844,52.759229,0 31.535156,52.798242,0 31.442773,52.861816,0 31.353027,52.933447,0 31.295117,52.989795,0 31.258789,53.016699,0 31.30293,53.060889,0 31.364551,53.138965,0 31.388379,53.184814,0 31.417871,53.196045,0 31.562988,53.20249,0 31.668262,53.200928,0 31.747461,53.18418,0 31.777441,53.146875,0 31.849707,53.106201,0 32.055469,53.089453,0 32.141992,53.091162,0 32.250684,53.128369,0 32.42627,53.210596,0 32.469336,53.270312,0 32.578027,53.312402,0 32.644434,53.328906,0 32.704297,53.336328,0 32.710254,53.371436,0 32.706445,53.419434,0 32.685742,53.448145,0 32.469629,53.546973,0 32.442383,53.579248,0 32.425195,53.617285,0 32.450977,53.65332,0 32.450195,53.69292,0 32.200391,53.78125,0 31.992188,53.796875,0 31.820801,53.791943,0 31.754199,53.810449,0 31.783008,53.85498,0 31.825293,53.93501,0 31.837793,54.000781,0 31.825977,54.030713,0 31.791992,54.055908,0 31.628418,54.111182,0 31.403613,54.195947,0 31.299121,54.291699,0 31.245508,54.39165,0 31.184766,54.452979,0 31.074805,54.491797,0 31.081934,54.51709,0 31.154883,54.610937,0 31.152148,54.625342,0 31.121289,54.648486,0 30.98418,54.695898,0 30.798828,54.783252,0 30.791016,54.806006,0 30.804492,54.860937,0 30.829883,54.91499,0 30.866797,54.940723,0 30.977734,55.050488,0 30.977734,55.087793,0 30.958887,55.137598,0 30.877441,55.223437,0 30.814453,55.278711,0 30.810547,55.306982,0 30.820996,55.330273,0 30.861816,55.3604,0 30.900586,55.397412,0 30.908789,55.525342,0 30.906836,55.57002,0 30.882227,55.596387,0 30.855957,55.60752,0 30.800781,55.601123,0 30.72168,55.622119,0 30.662305,55.655469,0 30.625586,55.66626,0 30.586719,55.700293,0 30.475391,55.768799,0 30.45625,55.786816,0 30.233594,55.845215,0 30.042676,55.836426,0 29.937012,55.845264,0 29.881641,55.832324,0 29.823926,55.795117,0 29.744141,55.77041,0 29.68457,55.769727,0 29.630078,55.751172,0 29.482227,55.68457,0 29.412988,55.724854,0 29.353418,55.784375,0 29.373145,55.834717,0 29.397949,55.881055,0 29.396094,55.912207,0 29.375,55.938721,0 29.283008,55.967871,0 29.087402,56.021143,0 29.031738,56.021777,0 28.947461,56.0021,0 28.794727,55.942578,0 28.74082,55.955371,0 28.69082,56.002637,0 28.636914,56.061768,0 28.563965,56.091992,0 28.407031,56.089014,0 28.39209,56.086719,0 28.316309,56.052539,0 28.284277,56.055908,0 28.147949,56.14292,0 28.17334,56.190332,0 28.202051,56.2604,0 28.191699,56.315576,0 28.169238,56.386865,0 28.11084,56.510693,0 28.103125,56.545703,0 28.00752,56.599854,0 27.991602,56.645312,0 27.941406,56.703711,0 27.89209,56.741064,0 27.881543,56.82417,0 27.848633,56.853418,0 27.806055,56.86709,0 27.655664,56.843213,0 27.639453,56.845654,0 27.711133,56.978076,0 27.717383,57.054639,0 27.762793,57.135107,0 27.814551,57.166895,0 27.830273,57.194482,0 27.838281,57.247705,0 27.828613,57.293311,0 27.796875,57.316943,0 27.672754,57.368115,0 27.538672,57.429785,0 27.511133,57.508154,0 27.469727,57.524023,0 27.351953,57.528125,0 27.354297,57.550293,0 27.371777,57.612549,0 27.4,57.666797,0 27.491992,57.724951,0 27.514746,57.764209,0 27.54209,57.799414,0 27.752832,57.841016,0 27.776953,57.856738,0 27.778516,57.870703,0 27.76875,57.884131,0 27.721973,57.905469,0 27.673438,57.934619,0 27.644141,58.013916,0 27.571094,58.138086,0 27.502441,58.221338,0 27.487793,58.270068,0 27.505566,58.32627,0 27.530078,58.381494,0 27.531348,58.435254,0 27.427051,58.733057,0 27.43418,58.787256,0 27.464453,58.841309,0 27.513086,58.886279,0 27.621777,58.944971,0 27.757617,59.052002,0 27.849512,59.192676,0 27.897656,59.277637,0 27.938184,59.297021,0 28.016406,59.301709,0 28.046094,59.327832,0 28.061328,59.343262,0 28.12832,59.357568,0 28.151074,59.374414,0 28.133008,59.403076,0 28.06582,59.453174,0 28.0125,59.484277,0 28.063965,59.554004,0 28.046289,59.647168,0 28.013965,59.724756,0 28.058008,59.781543,0 28.131152,59.786523,0 28.2125,59.724658,0 28.33457,59.692529,0 28.42373,59.734082,0 28.453906,59.814258,0 28.518164,59.849561,0 28.603906,59.818066,0 28.747656,59.806689,0 28.866895,59.811914,0 28.947266,59.82876,0 28.981543,59.854785,0 29.013379,59.901562,0 29.079102,59.960986,0 29.147266,59.999756,0 29.669727,59.955664,0 30.122559,59.873584,0 30.156836,59.904297,0 30.172656,59.957129,0 30.059961,60.002588,0 29.976758,60.026367,0 29.872266,60.12085,0 29.721191,60.195312,0 29.569336,60.201855,0 29.37041,60.175928,0 29.069141,60.191455,0 28.812695,60.331543,0 28.643164,60.375293,0 28.522266,60.482959,0 28.491602,60.540137,0 28.622461,60.491602,0 28.640332,60.542871,0 28.650586,60.610986,0 28.577832,60.652539,0 28.512793,60.677295,0 28.179297,60.570996,0 27.797656,60.536133,0 28.151953,60.74585,0 28.407422,60.896924,0 28.455078,60.919629,0 28.568164,60.960205,0 28.662891,61.002832,0 28.739063,61.05874,0 28.992969,61.169043,0 29.25166,61.287793,0 29.492383,61.444238,0 29.579395,61.493457,0 29.690137,61.546094,0 29.933203,61.711572,0 30.009961,61.757373,0 30.306445,61.964844,0 30.479688,62.068213,0 30.565625,62.127588,0 30.935742,62.323779,0 31.186719,62.481396,0 31.285645,62.567822,0 31.382422,62.69165,0 31.437305,62.776123,0 31.533984,62.8854,0 31.536523,62.921631,0 31.509277,62.955322,0 31.437012,63.007715,0 31.336719,63.068066,0 31.247461,63.141895,0 31.180859,63.208301,0 30.974805,63.300635,0 30.655273,63.41748,0 30.418555,63.504053,0 30.055371,63.689014,0 29.991504,63.735156,0 30.004102,63.747314,0 30.210254,63.80332,0 30.415332,63.94751,0 30.503906,64.020605,0 30.526074,64.077295,0 30.52793,64.141113,0 30.51377,64.2,0 30.487891,64.236523,0 30.390625,64.282422,0 30.108105,64.366113,0 30.041895,64.443359,0 29.986621,64.524268,0 29.985547,64.557715,0 30.120117,64.644629,0 30.126172,64.688086,0 30.110254,64.732568,0 30.072852,64.765039,0 29.783203,64.804297,0 29.70166,64.845752,0 29.6375,64.911768,0 29.604199,64.968408,0 29.600879,65.001953,0 29.622461,65.039502,0 29.72002,65.080322,0 29.81084,65.10791,0 29.826953,65.145068,0 29.826172,65.185303,0 29.810547,65.204736,0 29.629688,65.223877,0 29.612402,65.234766,0 29.608008,65.248682,0 29.617188,65.265332,0 29.714844,65.336963,0 29.728027,65.473438,0 29.819434,65.56875,0 29.715918,65.624561,0 29.723926,65.634375,0 29.882617,65.663623,0 30.029004,65.670703,0 30.095313,65.681689,0 30.102734,65.72627,0 30.0875,65.786523,0 29.936621,66.022949,0 29.903418,66.091064,0 29.803516,66.177051,0 29.720703,66.234863,0 29.670898,66.276123,0 29.590723,66.356836,0 29.544336,66.439697,0 29.464355,66.532178,0 29.371191,66.617041,0 29.293262,66.695508,0 29.093066,66.849219,0 29.066211,66.891748,0 29.069043,66.930225,0 29.087012,66.970947,0 29.243359,67.096582,0 29.387695,67.201416,0 29.572266,67.324365,0 29.750586,67.426416,0 29.941211,67.547461,0 29.988086,67.668262,0 29.979199,67.688574,0 29.821582,67.754004,0 29.524219,67.929102,0 29.343848,68.061865,0 29.062988,68.117969,0 28.685156,68.189795,0 28.560156,68.351367,0 28.470703,68.488379,0 28.479297,68.537646,0 28.752051,68.771436,0 28.777637,68.813818,0 28.772852,68.840039,0 28.744824,68.856445,0 28.705957,68.865527,0 28.453516,68.872266,0 28.414062,68.90415,0 28.566016,68.928223,0 28.692188,68.961035,0 28.898926,69.009668,0 28.96582,69.021973,0 29.118555,69.049951,0 29.170898,69.071533,0 29.209961,69.097021,0 29.353027,69.270605,0 29.388281,69.298145,0 29.832715,69.360449,0 29.994043,69.39248,0 30.087305,69.432861,0 30.131836,69.464258,0 30.16377,69.501611,0 30.186719,69.542773,0 30.196484,69.580566,0 30.159766,69.629883,0 30.180176,69.63584,0 30.227539,69.633789,0 30.379688,69.584717,0 30.61543,69.532568,0 30.788867,69.528516,0 30.860742,69.538428,0 30.89668,69.56123,0 30.922461,69.605811,0 30.924121,69.651758,0 30.869727,69.783447,0 31.049512,69.769238,0 31.452734,69.6896,0 31.546973,69.696924,0 31.666211,69.720996,0 31.788574,69.815771,0 31.879395,69.831982,0 31.997949,69.809912,0 32.030566,69.835303,0 31.969336,69.913916,0 31.98457,69.953662,0 32.391602,69.868701,0 32.56543,69.806494,0 32.941699,69.751855,0 33.007812,69.722119,0 33.012598,69.670508,0 32.994629,69.626172,0 32.915039,69.601709,0 32.754297,69.605713,0 32.176758,69.674023,0 32.091504,69.632568,0 32.161328,69.596631,0 32.330566,69.554248,0 32.377734,69.479102,0 32.636816,69.489453,0 32.883789,69.46084,0 32.999805,69.470117,0 33.020996,69.445605,0 32.941602,69.38335,0 32.978906,69.367334,0 33.255859,69.427734,0 33.384863,69.444287,0 33.454297,69.428174,0 33.463672,69.378174,0 33.417969,69.315283,0 33.412988,69.267432,0 33.327734,69.151855,0 33.196387,69.116846,0 33.141211,69.068701,0 33.333398,69.098193,0 33.435645,69.130371,0 33.627051,69.28916,0 33.684375,69.310254,0 34.229395,69.313135,0 34.352734,69.30293,0 34.863965,69.228076,0 35.00957,69.22124,0 35.175879,69.230811,0 35.233203,69.265576,0 35.289844,69.275439,0 35.85791,69.191748,0 36.618262,69.003467,0 37.730566,68.692139,0 38.357617,68.415137,0 38.430176,68.355615,0 38.656836,68.321875,0 38.705566,68.344727,0 38.831543,68.324902,0 39.568945,68.071729,0 39.82334,68.058594,0 39.789746,68.112158,0 39.746289,68.162207,0 39.809277,68.15083,0 39.895605,68.114502,0 40.035742,68.015381,0 40.206641,67.941895,0 40.380664,67.831885,0 40.525781,67.789697,0 40.656543,67.774072,0 40.766309,67.743018,0 40.966406,67.713477,0 41.060938,67.444189,0 41.133887,67.386035,0 41.133887,67.266943,0 41.261719,67.218457,0 41.358789,67.209668,0 41.354297,67.121436,0 41.275586,66.914307,0 41.188965,66.826172,0 40.521582,66.446631,0 40.10332,66.299951,0 39.289062,66.132031,0 38.653906,66.069043,0 38.397559,66.064453,0 37.900684,66.095605,0 37.628223,66.12959,0 37.294824,66.225049,0 36.983691,66.272559,0 36.769922,66.293555,0 36.373438,66.302295,0 35.513477,66.395801,0 35.363965,66.428662,0 34.824609,66.611133,0 34.610254,66.559619,0 34.482617,66.550342,0 34.396094,66.613184,0 34.430859,66.629785,0 34.451563,66.651221,0 34.146094,66.703271,0 33.893652,66.706738,0 33.75957,66.750977,0 33.59541,66.784619,0 33.522949,66.764355,0 33.482031,66.764551,0 33.150195,66.843945,0 33.001953,66.908301,0 32.847559,67.021533,0 32.885254,67.061133,0 32.930469,67.086816,0 32.399902,67.152686,0 31.895313,67.161426,0 31.983008,67.129834,0 32.201563,67.113232,0 32.340625,67.067871,0 32.500977,67.003857,0 32.463672,66.916309,0 32.686426,66.829541,0 32.857324,66.746924,0 32.862402,66.721387,0 32.928711,66.704102,0 33.180566,66.679932,0 33.224414,66.603857,0 33.18291,66.573877,0 33.217383,66.531641,0 33.405273,66.484277,0 33.517676,66.471387,0 33.655957,66.442627,0 33.593262,66.38457,0 33.476953,66.346875,0 33.360547,66.329541,0 33.41582,66.315625,0 33.566699,66.320996,0 34.112695,66.225244,0 34.399805,66.128418,0 34.691797,65.951855,0 34.786328,65.864551,0 34.793164,65.816357,0 34.776953,65.768262,0 34.734766,65.716309,0 34.715527,65.664062,0 34.615723,65.509912,0 34.544141,65.456689,0 34.406445,65.395752,0 34.535938,65.27793,0 34.671094,65.168115,0 34.803516,64.985986,0 34.827148,64.912695,0 34.832617,64.800195,0 34.952246,64.755957,0 34.905469,64.738672,0 34.858301,64.706689,0 34.869531,64.56001,0 35.035352,64.440234,0 35.284082,64.362549,0 35.432031,64.346777,0 35.64707,64.37832,0 35.802051,64.335352,0 36.146484,64.189014,0 36.301953,64.034375,0 36.364941,64.002832,0 36.71377,63.945068,0 36.975195,63.909521,0 37.372754,63.816748,0 37.442188,63.813379,0 37.635352,63.893408,0 37.967969,63.949121,0 38.070801,64.02583,0 38.062207,64.091016,0 37.977148,64.207031,0 37.953711,64.320117,0 37.843555,64.366309,0 37.740625,64.396973,0 37.42959,64.373584,0 37.289551,64.37793,0 37.183691,64.408496,0 37.04043,64.48916,0 36.769336,64.685254,0 36.624219,64.750537,0 36.578711,64.790967,0 36.528223,64.847363,0 36.53457,64.938623,0 36.65293,64.935449,0 36.785938,64.987158,0 36.882812,65.172363,0 37.050195,65.195898,0 37.14082,65.194287,0 37.528125,65.108252,0 38.009375,64.87876,0 38.115723,64.85459,0 38.228223,64.851221,0 38.412109,64.85708,0 38.441992,64.827148,0 38.540918,64.79126,0 38.613086,64.78667,0 39.053516,64.713916,0 39.567383,64.570557,0 39.758008,64.577051,0 39.833008,64.656396,0 39.848633,64.690527,0 40.057813,64.770752,0 40.203711,64.784033,0 40.407813,64.754883,0 40.444922,64.778711,0 40.375391,64.896289,0 40.28125,64.998096,0 40.142676,65.063281,0 39.896484,65.254785,0 39.798047,65.349854,0 39.749121,65.447949,0 39.781152,65.534717,0 39.816504,65.597949,0 40.327832,65.751709,0 40.512793,65.843799,0 40.691602,65.963428,0 40.774414,65.987891,0 41.076074,66.021094,0 41.475781,66.123437,0 41.780859,66.259326,0 42.083594,66.465918,0 42.210547,66.519678,0 42.313672,66.514746,0 42.450781,66.482422,0 42.602148,66.42251,0 42.806543,66.411328,0 43.005957,66.420947,0 43.233203,66.415527,0 43.550879,66.321289,0 43.60332,66.291211,0 43.653125,66.250977,0 43.550391,66.173389,0 43.541895,66.123389,0 43.623926,66.146729,0 43.737012,66.158398,0 43.84375,66.142383,0 43.944141,66.098682,0 44.016699,66.049756,0 44.104395,66.008594,0 44.132422,66.064551,0 44.145313,66.112744,0 44.097168,66.235059,0 44.220703,66.40708,0 44.316406,66.481689,0 44.488672,66.671777,0 44.437109,66.794629,0 44.429297,66.937744,0 44.403906,67.004199,0 44.291797,67.099658,0 44.074414,67.167334,0 43.855371,67.188623,0 43.782422,67.254492,0 43.795703,67.32959,0 43.856348,67.439307,0 44.036426,67.670654,0 44.225391,67.995605,0 44.231543,68.07124,0 44.213867,68.112598,0 44.226465,68.154443,0 44.204688,68.25376,0 44.169141,68.3271,0 43.404004,68.608545,0 43.358008,68.635791,0 43.333203,68.673389,0 43.413281,68.681738,0 43.471973,68.679834,0 44.048047,68.548828,0 44.175293,68.541748,0 45.078125,68.578174,0 45.519434,68.546533,0 45.891992,68.479687,0 46.158398,68.291357,0 46.429688,68.118848,0 46.683594,67.970459,0 46.69043,67.848828,0 46.428906,67.823682,0 46.174219,67.818164,0 45.528711,67.757568,0 45.374121,67.688867,0 44.939453,67.477441,0 44.902148,67.413135,0 44.939453,67.350781,0 45.138867,67.284717,0 45.562207,67.185596,0 45.752539,66.98916,0 45.885352,66.891064,0 45.986035,66.853125,0 46.083984,66.843506,0 46.297754,66.842822,0 46.448535,66.818994,0 46.492383,66.800195,0 46.552344,66.818994,0 46.69082,66.825537,0 47.496484,66.929834,0 47.655859,66.975928,0 47.709082,67.04502,0 47.768066,67.275635,0 47.839258,67.355713,0 47.908203,67.454688,0 47.882617,67.515332,0 47.874707,67.58418,0 48.278711,67.650391,0 48.653809,67.695264,0 48.833203,67.681494,0 48.87793,67.731348,0 48.762695,67.827002,0 48.695703,67.874219,0 48.754297,67.895947,0 48.840625,67.869727,0 48.953906,67.853809,0 49.155273,67.87041,0 49.93125,68.065137,0 50.233203,68.175342,0 50.414062,68.218359,0 50.699414,68.317725,0 50.838867,68.349951,0 51.078516,68.36333,0 51.336133,68.402441,0 51.616699,68.476318,0 51.994727,68.53877,0 52.055664,68.541309,0 52.128809,68.532031,0 52.285352,68.459375,0 52.227441,68.418604,0 52.183496,68.374268,0 52.25918,68.350928,0 52.322266,68.339697,0 52.39668,68.351709,0 52.475,68.382129,0 52.669727,68.426758,0 52.722656,68.484033,0 52.647656,68.506152,0 52.550098,68.592432,0 52.435059,68.610205,0 52.344043,68.608154,0 52.683594,68.731201,0 53.412891,68.912549,0 53.801953,68.995898,0 54.18584,69.00332,0 54.491211,68.992334,0 54.37627,68.964746,0 53.874414,68.926611,0 53.797656,68.907471,0 53.798242,68.884668,0 53.919531,68.87124,0 53.970605,68.844287,0 53.929297,68.811865,0 53.891211,68.801514,0 53.833887,68.708936,0 53.758887,68.633984,0 53.917676,68.536963,0 53.930859,68.435547,0 53.829492,68.382666,0 53.690039,68.402539,0 53.566699,68.36709,0 53.342578,68.343213,0 53.293359,68.31167,0 53.260547,68.26748,0 53.403125,68.256836,0 53.515137,68.259668,0 53.913672,68.231201,0 53.967871,68.227344,0 54.099219,68.259033,0 54.23291,68.266309,0 54.393945,68.275098,0 54.476172,68.294141,0 54.56123,68.273047,0 54.717969,68.18418,0 54.861328,68.201855,0 54.923047,68.373828,0 55.150879,68.480029,0 55.418066,68.567822,0 55.675293,68.575879,0 55.924609,68.637305,0 56.043652,68.648877,0 56.275684,68.624072,0 56.620215,68.619043,0 56.909375,68.566699,0 57.126855,68.554004,0 57.444336,68.641504,0 58.173047,68.889746,0 58.237012,68.833936,0 58.353906,68.916211,0 58.918945,69.003809,0 59.057324,69.006055,0 59.059863,68.972559,0 59.110156,68.896289,0 59.22041,68.849609,0 59.370508,68.738379,0 59.29834,68.708447,0 59.222559,68.691309,0 59.112305,68.616309,0 59.099023,68.444336,0 59.310742,68.400293,0 59.604297,68.351123,0 59.725684,68.351611,0 59.827539,68.380322,0 59.858789,68.396045,0 59.897363,68.421924,0 59.922852,68.471338,0 59.941406,68.510498,0 59.865137,68.604932,0 59.895996,68.706348,0 60.160254,68.699512,0 60.48916,68.728955,0 60.637695,68.787012,0 60.815137,68.895215,0 60.933594,68.986768,0 60.858594,69.145508,0 60.664551,69.110254,0 60.337305,69.457031,0 60.170605,69.590918,0 60.276465,69.652637,0 60.558691,69.692334,0 60.812988,69.821143,0 60.909082,69.847119,0 61.015918,69.851465,0 61.770508,69.763037,0 62.63125,69.743115,0 63.361426,69.675293,0 64.19043,69.534668,0 64.592188,69.435645,0 64.928516,69.325391,0 64.896289,69.247803,0 65.031543,69.269824,0 65.326758,69.201367,0 65.52793,69.173438,0 65.735742,69.132324,0 65.812695,69.077002,0 66.084766,69.036328,0 66.365625,68.961328,0 66.416113,68.947852,0 66.756445,68.891992,0 67.002441,68.873584,0 67.149219,68.753955,0 67.639648,68.579297,0 67.730762,68.513672,0 68.156934,68.403662,0 68.371191,68.314258,0 68.504199,68.348438,0 68.829492,68.567432,0 69.024316,68.817969,0 69.140527,68.950635,0 68.924414,68.956201,0 68.762891,68.917383,0 68.65957,68.927393,0 68.542773,68.96709,0 68.355078,69.067578,0 68.117383,69.23623,0 68.073047,69.420801,0 68.005859,69.480029,0 67.774316,69.52998,0 67.624121,69.584424,0 67.064453,69.693701,0 66.964063,69.655566,0 66.93418,69.59668,0 66.89668,69.553809,0 66.840234,69.60918,0 66.804004,69.659229,0 66.80293,69.740137,0 66.832227,69.842187,0 66.926367,70.014258,0 67.069043,70.005615,0 67.144434,70.030615,0 67.239258,70.108057,0 67.197461,70.171631,0 67.146484,70.219922,0 67.156836,70.295117,0 67.246875,70.500098,0 67.284766,70.738721,0 67.211523,70.798438,0 67.143359,70.837549,0 66.822461,70.797363,0 66.702246,70.818506,0 66.675195,70.864697,0 66.666113,70.900586,0 66.758789,70.962354,0 66.84707,71.063721,0 66.692578,71.041699,0 66.639648,71.081396,0 66.768066,71.139893,0 66.917578,71.282373,0 67.274219,71.347852,0 67.541797,71.412012,0 67.959375,71.548389,0 68.269238,71.682812,0 68.469434,71.852637,0 68.607422,72.012744,0 68.829688,72.391553,0 69.039062,72.669922,0 69.391406,72.955518,0 69.611816,72.981934,0 69.694336,72.977539,0 69.708984,72.956396,0 69.658789,72.931836,0 69.645117,72.897559,0 69.738281,72.884961,0 69.8875,72.882568,0 70.172168,72.901172,0 70.655371,72.890381,0 71.500195,72.913672,0 71.616992,72.9021,0 71.92959,72.819678,0 72.100977,72.829004,0 72.446387,72.790332,0 72.633789,72.744482,0 72.812109,72.691406,0 72.787402,72.482959,0 72.75293,72.343164,0 72.624414,72.079443,0 72.574121,72.012549,0 72.375,71.821631,0 72.279492,71.695508,0 72.129688,71.60918,0 71.912012,71.547949,0 71.884375,71.511377,0 71.867285,71.457373,0 72.079297,71.306689,0 72.581348,71.151123,0 72.704492,70.963232,0 72.731641,70.822852,0 72.7,70.457324,0 72.65332,70.403418,0 72.561914,70.345557,0 72.469434,70.274951,0 72.529688,70.17251,0 72.599414,69.793213,0 72.615625,69.484033,0 72.557324,69.378418,0 72.527051,69.154248,0 72.527344,69.080518,0 72.576758,68.968701,0 72.67832,68.874854,0 72.811914,68.815234,0 73.190723,68.706787,0 73.548047,68.574512,0 73.573438,68.532617,0 73.591699,68.481885,0 73.465234,68.430762,0 73.266406,68.294482,0 73.139453,68.181348,0 73.129395,68.090918,0 73.173047,67.973047,0 73.152148,67.865039,0 73.066797,67.766943,0 72.94873,67.69624,0 72.594336,67.586963,0 71.847461,67.007617,0 71.668164,66.939697,0 71.365234,66.961523,0 71.448926,66.878955,0 71.551172,66.760449,0 71.539551,66.683105,0 71.341992,66.686719,0 71.065625,66.604492,0 70.939453,66.548145,0 70.724902,66.519434,0 70.561426,66.548682,0 70.382812,66.60249,0 70.408887,66.647607,0 70.442578,66.668262,0 70.567969,66.700879,0 70.690723,66.745312,0 70.630762,66.754199,0 70.579102,66.75376,0 70.443945,66.697314,0 70.283398,66.685791,0 70.09375,66.754346,0 69.948633,66.82998,0 69.877148,66.845459,0 69.74043,66.8146,0 69.217773,66.828613,0 69.078711,66.815918,0 69.013477,66.78833,0 69.051172,66.766357,0 69.091113,66.723584,0 69.143945,66.640723,0 69.194336,66.578662,0 69.412012,66.510742,0 69.700977,66.48457,0 69.982422,66.401416,0 70.339453,66.342383,0 71.145508,66.36665,0 71.358008,66.359424,0 71.565625,66.33374,0 71.916992,66.246729,0 72.067578,66.25332,0 72.321582,66.332129,0 72.383984,66.506543,0 72.417383,66.560791,0 73.341602,66.806836,0 73.513574,66.861084,0 73.79209,66.995312,0 73.883301,67.084961,0 73.98623,67.327686,0 74.074512,67.414111,0 74.676074,67.694629,0 74.769531,67.766357,0 74.787305,67.89751,0 74.778223,67.985938,0 74.742676,68.073535,0 74.632422,68.218311,0 74.51123,68.303076,0 74.391406,68.420605,0 74.480957,68.658887,0 74.57959,68.751221,0 75.124609,68.861719,0 75.589551,68.901172,0 76.10752,68.975732,0 76.316016,68.991504,0 76.45918,68.978271,0 76.605762,68.897607,0 76.735059,68.776904,0 77.111719,68.596191,0 77.238477,68.46958,0 77.261035,68.315576,0 77.248438,67.941016,0 77.174414,67.778516,0 77.325098,67.735645,0 77.395605,67.698682,0 77.579199,67.643945,0 77.675098,67.5896,0 77.771582,67.570264,0 77.985547,67.55918,0 78.589551,67.578467,0 78.922461,67.589111,0 78.887598,67.613135,0 78.839063,67.631201,0 78.559082,67.639111,0 78.16123,67.678369,0 77.588281,67.751904,0 77.520117,67.909619,0 77.535937,68.007666,0 77.664844,68.190381,0 77.756836,68.222363,0 77.868262,68.234717,0 77.995117,68.259473,0 77.958691,68.377051,0 77.906836,68.482275,0 77.785254,68.630469,0 77.650684,68.903027,0 77.466309,68.905127,0 77.32832,68.958643,0 76.644922,69.117383,0 76.000977,69.235059,0 75.561133,69.251807,0 75.42002,69.238623,0 75.053516,69.116309,0 74.814844,69.090576,0 74.362598,69.14458,0 73.977441,69.114648,0 73.836035,69.143213,0 73.775684,69.198242,0 73.890918,69.417969,0 73.832715,69.503906,0 73.663281,69.61709,0 73.560156,69.707227,0 73.578125,69.802979,0 73.830176,70.175684,0 73.937402,70.272852,0 74.206738,70.445459,0 74.343359,70.578711,0 74.310938,70.653613,0 73.731543,71.068701,0 73.576563,71.216504,0 73.507227,71.263525,0 73.365234,71.319775,0 73.150488,71.385205,0 73.08623,71.444922,0 73.671777,71.845068,0 73.939453,71.914746,0 74.31123,71.957813,0 74.489063,71.997021,0 74.804102,72.077393,0 74.992188,72.144824,0 75.053223,72.199219,0 75.089941,72.263135,0 75.09707,72.420654,0 75.060352,72.548779,0 75.008008,72.619434,0 74.896875,72.710107,0 74.786816,72.811865,0 74.864941,72.838428,0 74.942188,72.853809,0 75.152441,72.852734,0 75.369336,72.796631,0 75.474902,72.68501,0 75.603516,72.581055,0 75.603125,72.512158,0 75.591406,72.457227,0 75.644336,72.382275,0 75.691113,72.35,0 75.741406,72.29624,0 75.694434,72.253516,0 75.644336,72.232324,0 75.550195,72.170801,0 75.394531,71.983203,0 75.273828,71.958936,0 75.247461,71.813379,0 75.503223,71.654639,0 75.468555,71.534375,0 75.417188,71.494678,0 75.280273,71.430078,0 75.298047,71.378467,0 75.332031,71.341748,0 75.733594,71.265918,0 76.110449,71.218555,0 76.741992,71.202051,0 76.929004,71.127881,0 76.995215,71.181055,0 77.589648,71.16792,0 78.068262,70.986328,0 78.320605,70.93042,0 78.525781,70.911816,0 78.942187,70.933789,0 79.01543,70.950195,0 79.083887,71.002002,0 78.888672,70.997168,0 78.803516,70.973535,0 78.723926,70.975977,0 78.587695,70.993896,0 78.491406,71.025391,0 78.386523,71.087109,0 78.212598,71.266309,0 77.908398,71.324072,0 77.706641,71.300586,0 77.481055,71.311572,0 77.113672,71.409375,0 76.871191,71.446582,0 76.433398,71.55249,0 76.312109,71.595459,0 76.215723,71.682861,0 76.103613,71.829004,0 76.032422,71.9104,0 76.124023,71.926611,0 76.42168,72.006006,0 76.871387,72.033008,0 77.061328,72.004199,0 77.550781,71.84209,0 77.777539,71.836426,0 78.186914,71.90708,0 78.232422,71.952295,0 78.14082,72.044678,0 78.016406,72.092041,0 77.780664,72.114307,0 77.492871,72.071729,0 77.41084,72.107764,0 77.439746,72.156543,0 77.471582,72.192139,0 77.625293,72.201416,0 77.733203,72.229199,0 77.968164,72.328711,0 78.225391,72.377441,0 78.482617,72.394971,0 79.42207,72.380762,0 79.953906,72.223047,0 80.474023,72.153125,0 80.699219,72.098291,0 80.7625,72.08916,0 80.814746,72.054297,0 80.856055,71.970215,0 81.51123,71.746143,0 81.661621,71.715967,0 82.079883,71.706836,0 82.547266,71.758594,0 82.757812,71.764111,0 82.986133,71.748682,0 83.106641,71.720508,0 83.233594,71.668164,0 83.165527,71.602197,0 83.105664,71.562451,0 82.977051,71.451367,0 82.917969,71.419922,0 82.493164,71.292871,0 82.322852,71.26001,0 82.276953,71.093457,0 82.254297,71.056201,0 82.23916,70.997705,0 82.316016,70.879443,0 82.335938,70.807373,0 82.270703,70.706738,0 82.163184,70.598145,0 82.182422,70.511475,0 82.221191,70.395703,0 82.23584,70.430273,0 82.231445,70.48291,0 82.258398,70.543604,0 82.45166,70.690088,0 82.59248,70.889941,0 82.737793,70.94209,0 82.869141,70.954834,0 83.010156,70.89541,0 83.051074,70.815234,0 83.058398,70.694727,0 83.030176,70.580518,0 82.919824,70.407422,0 82.74248,70.286475,0 82.682324,70.217725,0 82.767285,70.154053,0 82.856543,70.104541,0 82.961035,70.088281,0 83.080762,70.093018,0 83.10957,70.10957,0 83.132031,70.157178,0 83.094141,70.221094,0 83.073828,70.276709,0 83.293457,70.321338,0 83.49707,70.345264,0 83.659863,70.418359,0 83.700488,70.466406,0 83.735938,70.546484,0 83.65127,70.672217,0 83.578906,70.765918,0 83.333887,70.988525,0 83.15127,71.103613,0 83.266016,71.275879,0 83.457617,71.467529,0 83.531055,71.514258,0 83.550488,71.543652,0 83.571289,71.594385,0 83.553516,71.649805,0 83.534375,71.683936,0 83.34043,71.827539,0 83.200293,71.874707,0 82.755078,71.902832,0 82.64541,71.925244,0 82.319141,72.071826,0 82.280664,72.105127,0 82.209277,72.211182,0 82.183594,72.237549,0 82.093652,72.26543,0 81.792871,72.326611,0 81.58623,72.351709,0 81.282715,72.358838,0 81.098145,72.389746,0 80.827051,72.488281,0 80.797754,72.519971,0 80.719629,72.6479,0 80.65625,72.712012,0 80.675391,72.75918,0 80.77373,72.860791,0 80.841602,72.94917,0 80.757422,73.025244,0 80.638672,73.04917,0 80.509668,73.086084,0 80.455469,73.155225,0 80.424512,73.231152,0 80.418945,73.289648,0 80.398047,73.356836,0 80.458301,73.413721,0 80.595898,73.474023,0 80.561914,73.51499,0 80.583203,73.568457,0 81.468848,73.64043,0 81.816992,73.658838,0 83.544727,73.666504,0 83.666992,73.686475,0 84.417383,73.722021,0 84.737891,73.762842,0 85.077441,73.719531,0 85.200586,73.721533,0 85.44834,73.734619,0 85.611426,73.821582,0 85.979297,73.856934,0 86.591406,73.894287,0 86.892969,73.887109,0 86.961328,73.860742,0 87.029492,73.82417,0 86.697656,73.716846,0 86.365918,73.619775,0 86.094141,73.57832,0 85.827051,73.492773,0 85.800488,73.458936,0 85.792578,73.43833,0 85.802441,73.37168,0 85.818164,73.326953,0 86.098145,73.272607,0 86.30791,73.195752,0 86.514355,73.140479,0 86.677051,73.106787,0 86.715039,73.12583,0 86.12168,73.306738,0 85.970801,73.34707,0 85.910059,73.39043,0 85.938965,73.456494,0 85.998926,73.48584,0 86.092383,73.519141,0 86.155078,73.534668,0 86.37627,73.568848,0 87.120117,73.615039,0 87.294434,73.704688,0 87.369531,73.755908,0 87.571191,73.810742,0 87.503223,73.832471,0 87.3375,73.846045,0 87.209668,73.878662,0 86.69707,74.195312,0 86.571094,74.24375,0 86.177832,74.279395,0 86.001367,74.316016,0 86.18291,74.423047,0 86.395801,74.450098,0 86.538477,74.444238,0 86.664746,74.414258,0 86.897949,74.325342,0 87.229688,74.363867,0 87.106152,74.403564,0 86.894238,74.449707,0 86.700098,74.522461,0 86.425684,74.585498,0 86.116113,74.628564,0 85.791016,74.645117,0 85.880762,74.740234,0 86.058887,74.728223,0 86.119531,74.757422,0 86.20127,74.816211,0 86.651465,74.682422,0 86.862891,74.717871,0 87.041797,74.778857,0 87.419336,74.940918,0 87.467578,75.013232,0 87.287402,75.052539,0 87.140723,75.072266,0 86.939063,75.068115,0 86.92168,75.112793,0 87.005957,75.169824,0 87.170801,75.191748,0 87.671387,75.12959,0 88.503711,75.290479,0 88.733105,75.369189,0 89.310254,75.470117,0 89.595117,75.458252,0 90.184961,75.591064,0 91.004687,75.649561,0 91.479492,75.649658,0 91.84541,75.723682,0 92.40752,75.749658,0 92.602539,75.779102,0 93.549805,75.854102,0 94.075195,75.912891,0 94.156348,75.959229,0 93.687012,75.921582,0 93.574023,75.956299,0 93.475488,75.932861,0 93.406055,75.90127,0 93.178125,75.958984,0 93.116309,75.944629,0 93.068652,75.912842,0 92.986621,75.902686,0 92.89043,75.909961,0 92.858594,75.979492,0 92.971582,76.075098,0 93.104883,76.02583,0 93.259277,76.098779,0 93.35957,76.100732,0 93.648438,76.05415,0 93.842871,76.101318,0 94.102344,76.123584,0 94.388281,76.102783,0 94.506738,76.107959,0 94.575586,76.151758,0 95.038477,76.113525,0 95.359277,76.1396,0 95.578711,76.137305,0 95.919922,76.113135,0 96.075488,76.081982,0 95.986035,76.009668,0 95.65332,75.892188,0 95.743848,75.872314,0 95.934766,75.926025,0 96.508594,76.005566,0 96.600586,75.989893,0 96.537695,75.921631,0 96.49707,75.891211,0 96.879199,75.931055,0 97.205469,76.018701,0 97.350684,76.033398,0 97.499219,75.980225,0 97.637695,76.029053,0 97.669824,76.078027,0 97.918359,76.088672,0 98.02002,76.133691,0 98.194629,76.166406,0 98.341992,76.180566,0 98.662012,76.242676,0 98.771289,76.224023,0 98.984668,76.207568,0 99.187305,76.177637,0 99.562695,76.109326,0 99.615625,76.082324,0 99.663184,76.078027,0 99.77041,76.02876,0 99.689258,75.956348,0 99.602344,75.852051,0 99.442187,75.803174,0 99.540723,75.798584,0 99.609375,75.811279,0 99.7375,75.880664,0 99.851367,75.930273,0 99.825391,76.135937,0 99.616797,76.240186,0 99.460645,76.275098,0 99.093848,76.384326,0 98.969531,76.430811,0 98.805664,76.480664,0 98.869434,76.50957,0 99.57627,76.471436,0 99.935742,76.489893,0 100.322363,76.47915,0 100.84375,76.525195,0 101.060742,76.477246,0 101.310742,76.478906,0 101.597754,76.439209,0 101.683789,76.485498,0 101.212988,76.535693,0 101.002637,76.530518,0 100.928027,76.556738,0 101.00625,76.615088,0 101.099316,76.704004,0 101.008203,76.781348,0 100.92041,76.82251,0 100.905859,76.900684,0 100.989941,76.990479,0 101.185742,77.028564,0 101.292871,77.101562,0 101.517676,77.198096,0 102.610156,77.508545,0 103.131445,77.626465,0 103.33125,77.641064,0 103.560742,77.631934,0 104.014551,77.73042,0 104.184863,77.730469,0 104.814258,77.6521,0 104.965234,77.594727,0 105.308984,77.549219,0 105.710254,77.525244,0 105.894531,77.488867,0 105.983398,77.447607,0 106.05957,77.390527,0 105.73418,77.352002,0 105.38457,77.237842,0 104.911914,77.174707,0 104.323633,77.132666,0 104.202441,77.101807,0 105.320215,77.092334,0 105.645898,77.100684,0 105.712012,77.001465,0 105.822168,76.99751,0 106.14541,77.045312,0 106.338672,77.047852,0 106.705078,77.01377,0 106.783691,77.031787,0 106.941602,77.034375,0 107.278906,76.990967,0 107.429785,76.926563,0 107.190234,76.822021,0 106.940918,76.730469,0 106.63877,76.573389,0 106.545508,76.586279,0 106.384668,76.589453,0 106.413574,76.512256,0 106.683203,76.514697,0 106.825391,76.480078,0 107.157715,76.524072,0 107.624219,76.510107,0 107.722168,76.522314,0 107.902246,76.569678,0 107.949902,76.660645,0 108.02793,76.718457,0 108.181641,76.737842,0 108.352051,76.719531,0 108.638379,76.720117,0 109.369336,76.749219,0 109.981152,76.711865,0 110.471484,76.758398,0 111.114844,76.723047,0 111.39248,76.68667,0 111.600586,76.622314,0 111.786133,76.603564,0 111.938672,76.553418,0 112.093945,76.480322,0 112.016797,76.420557,0 111.942676,76.380469,0 112.142773,76.423975,0 112.29707,76.434668,0 112.413281,76.408301,0 112.619531,76.383545,0 112.68418,76.218848,0 112.742578,76.186914,0 112.798438,76.129639,0 112.721875,76.077197,0 112.65625,76.053564,0 112.818945,76.058594,0 113.04668,76.114111,0 113.094043,76.13291,0 113.150391,76.174512,0 113.066016,76.215234,0 112.987988,76.239746,0 113.086035,76.258105,0 113.272656,76.25166,0 113.365527,76.178857,0 113.427734,76.112109,0 113.563867,75.89165,0 113.857227,75.921289,0 113.870996,75.856006,0 113.74873,75.704785,0 113.619922,75.592676,0 113.567578,75.568408,0 113.485938,75.563965,0 113.517188,75.621875,0 113.469043,75.656689,0 113.391602,75.677881,0 113.126367,75.698682,0 112.629199,75.8354,0 112.49668,75.849902,0 112.466113,75.843652,0 112.453027,75.830176,0 112.72959,75.737646,0 112.955664,75.571924,0 113.161523,75.620508,0 113.242969,75.611426,0 113.35625,75.534277,0 113.558887,75.502051,0 113.726172,75.450635,0 113.613574,75.292969,0 112.924902,75.015039,0 112.191992,74.853174,0 111.868262,74.740039,0 111.299023,74.658447,0 110.892773,74.548096,0 110.373535,74.466064,0 110.225879,74.378662,0 109.840332,74.321973,0 109.866406,74.293066,0 109.911328,74.261328,0 109.863867,74.208887,0 109.810254,74.169189,0 109.51084,74.088818,0 109.075,74.032324,0 108.199512,73.694092,0 107.76543,73.625,0 107.271094,73.621045,0 107.166992,73.589404,0 106.794238,73.37666,0 106.679395,73.330664,0 106.188672,73.308008,0 105.677148,72.959277,0 105.392773,72.841016,0 105.143945,72.777051,0 105.402734,72.789941,0 105.708203,72.83667,0 106.066699,72.949854,0 106.15957,73.002002,0 106.208789,73.060547,0 106.315039,73.106396,0 106.47793,73.139404,0 107.108789,73.177295,0 107.36875,73.163135,0 107.750391,73.173145,0 108.00127,73.235596,0 108.150977,73.25791,0 108.285352,73.265869,0 108.351465,73.310205,0 108.575391,73.319043,0 109.089941,73.378418,0 109.165625,73.399609,0 109.331055,73.487451,0 109.637109,73.454004,0 109.855273,73.472461,0 110.428711,73.628906,0 110.77334,73.68916,0 110.868164,73.730713,0 110.799219,73.759766,0 110.722363,73.779932,0 110.388281,73.726025,0 110.091211,73.708545,0 109.752734,73.722559,0 109.706738,73.74375,0 109.665625,73.800244,0 109.774121,73.88125,0 109.869141,73.930615,0 110.083887,73.994385,0 110.261426,74.017432,0 110.920117,73.9479,0 111.05625,73.939355,0 111.130859,74.052832,0 111.341406,74.047363,0 111.550586,74.028516,0 111.459961,74.004834,0 111.228125,73.968555,0 111.299512,73.884863,0 111.400391,73.827734,0 111.803711,73.745264,0 112.147266,73.708936,0 112.4,73.711133,0 112.79541,73.746094,0 112.855957,73.771143,0 112.939648,73.835645,0 112.835938,73.962061,0 112.934961,73.945703,0 113.032813,73.913867,0 113.181543,73.837402,0 113.326855,73.707422,0 113.416211,73.647607,0 113.364453,73.582764,0 113.156934,73.45957,0 113.276953,73.391504,0 113.490918,73.346094,0 113.487598,73.145117,0 113.474609,73.047852,0 113.369336,72.941895,0 113.247363,72.897217,0 113.127832,72.830664,0 113.158203,72.769482,0 113.186133,72.730176,0 113.312207,72.657373,0 113.664551,72.634521,0 113.711914,72.65415,0 113.630078,72.6771,0 113.391406,72.711035,0 113.298145,72.738867,0 113.215527,72.805859,0 113.311523,72.87832,0 113.41748,72.932178,0 113.542773,73.054346,0 113.581445,73.142236,0 113.558887,73.232617,0 113.63916,73.273584,0 113.765234,73.317969,0 113.829297,73.326562,0 113.88623,73.345801,0 113.795117,73.367432,0 113.711328,73.378564,0 113.539453,73.433643,0 113.510352,73.50498,0 113.856934,73.533398,0 114.060547,73.584668,0 114.816016,73.607178,0 115.337695,73.702588,0 116.495508,73.676074,0 117.308594,73.59917,0 118.450195,73.589795,0 118.870898,73.537891,0 118.91123,73.518359,0 118.936426,73.481201,0 118.754492,73.464502,0 118.457031,73.464404,0 118.376563,73.367236,0 118.430273,73.246533,0 118.960352,73.117285,0 119.425293,73.063965,0 119.750391,72.979102,0 119.92168,72.971338,0 120.597949,72.981104,0 120.997168,72.936719,0 121.354297,72.97085,0 121.747852,72.969678,0 121.886035,72.960889,0 122.029785,72.897217,0 122.260156,72.880566,0 122.5375,72.877783,0 122.69209,72.89082,0 122.751953,72.906494,0 122.730859,72.931299,0 122.501953,72.970654,0 122.526758,73.016699,0 122.615234,73.02793,0 122.999316,72.964648,0 123.160352,72.954883,0 123.301172,73.001807,0 123.40459,73.085645,0 123.461621,73.144189,0 123.521875,73.1729,0 123.572461,73.177344,0 123.622266,73.193262,0 123.500977,73.261621,0 123.383887,73.347314,0 123.355273,73.40249,0 123.322656,73.430811,0 123.305078,73.53291,0 123.416211,73.636865,0 123.491113,73.666357,0 123.796875,73.626758,0 123.933887,73.689307,0 124.019043,73.712305,0 124.388086,73.754834,0 124.541211,73.75127,0 124.796289,73.711768,0 125.61709,73.520605,0 125.598535,73.447412,0 125.794434,73.468457,0 125.887891,73.498096,0 126.107422,73.51748,0 126.254492,73.548193,0 126.295996,73.53667,0 126.344922,73.506299,0 126.308887,73.463672,0 126.257422,73.419775,0 126.29248,73.394189,0 126.335449,73.38877,0 126.552539,73.334912,0 126.838477,73.43418,0 126.955176,73.528223,0 127.031348,73.547461,0 127.740332,73.481543,0 127.955078,73.445557,0 127.996875,73.425635,0 128.025684,73.390771,0 128.141699,73.352393,0 128.281445,73.330566,0 128.26416,73.300732,0 128.257812,73.26748,0 128.587012,73.262402,0 128.730469,73.233398,0 128.888672,73.190234,0 128.87168,73.139355,0 128.913379,73.110596,0 129.05918,73.10752,0 129.100586,73.112354,0 129.053711,73.04541,0 128.853516,72.972607,0 128.735254,72.943262,0 128.599023,72.895166,0 128.674023,72.885889,0 129.017285,72.872461,0 129.229102,72.775732,0 129.250391,72.705176,0 129.117578,72.676953,0 128.815332,72.585889,0 128.633398,72.550146,0 128.508496,72.547314,0 128.418262,72.535156,0 128.549414,72.49585,0 129.116602,72.485742,0 129.281348,72.437695,0 129.411719,72.315479,0 129.410645,72.166309,0 129.283496,72.092041,0 128.934961,72.079492,0 128.475195,72.245557,0 128.196973,72.309619,0 127.803418,72.434033,0 127.726074,72.413184,0 127.841406,72.308252,0 128.026563,72.25,0 128.358789,72.08833,0 128.911426,71.755322,0 129.040137,71.782422,0 129.116602,71.824609,0 129.154199,71.878662,0 129.121582,71.953223,0 129.210254,71.916943,0 129.291797,71.850195,0 129.46084,71.739307,0 129.23418,71.744824,0 128.949023,71.707568,0 128.843262,71.663477,0 128.922656,71.601758,0 129.134277,71.592871,0 129.224512,71.508838,0 129.389844,71.404883,0 129.761914,71.119531,0 130.025977,71.065381,0 130.28125,70.947314,0 130.537109,70.892529,0 130.668457,70.88833,0 130.757129,70.962354,0 130.831934,70.935889,0 130.898047,70.803564,0 131.021582,70.746094,0 131.157422,70.742188,0 131.268262,70.765527,0 131.432324,70.828271,0 131.562012,70.901025,0 131.769043,71.101416,0 131.906445,71.202637,0 132.035352,71.244043,0 131.99082,71.293213,0 132.003711,71.350195,0 132.098828,71.483984,0 132.227637,71.642773,0 132.325781,71.726221,0 132.562305,71.895313,0 132.653906,71.925977,0 132.71582,71.871484,0 132.768555,71.79873,0 132.803613,71.767578,0 132.839258,71.755176,0 133.130859,71.606689,0 133.426172,71.490967,0 133.688867,71.434229,0 134.102832,71.378955,0 134.702734,71.386816,0 134.813867,71.460596,0 135.022363,71.515039,0 135.359375,71.543506,0 135.55918,71.610352,0 135.884766,71.630566,0 136.090332,71.61958,0 136.406152,71.570752,0 137.11582,71.415674,0 137.31543,71.359424,0 137.41748,71.299023,0 137.650586,71.208154,0 137.797852,71.163916,0 137.939648,71.133398,0 137.991699,71.142725,0 137.97373,71.168652,0 137.901953,71.194043,0 137.844043,71.226807,0 138.012695,71.26084,0 138.03252,71.28584,0 138.090625,71.307422,0 138.314063,71.325537,0 138.097168,71.358594,0 138.022168,71.363428,0 137.918359,71.384082,0 137.927344,71.429785,0 137.995703,71.463525,0 138.04834,71.525977,0 138.118457,71.566162,0 138.23418,71.596338,0 138.318066,71.602832,0 138.525195,71.562744,0 138.67002,71.634814,0 138.780176,71.629004,0 139.004883,71.556055,0 139.209375,71.444775,0 139.320215,71.444727,0 139.632129,71.489258,0 139.98418,71.491504,0 139.93877,71.557666,0 139.695117,71.700439,0 139.722949,71.884961,0 139.552344,71.926709,0 139.359277,71.951367,0 139.640234,71.99834,0 139.84707,72.148584,0 140.014063,72.162109,0 140.187695,72.191309,0 140.134375,72.209619,0 139.616992,72.225684,0 139.505273,72.207666,0 139.430469,72.163477,0 139.176367,72.163477,0 139.14502,72.264404,0 139.14082,72.329736,0 139.473633,72.466504,0 139.601172,72.496094,0 140.450586,72.493115,0 140.705078,72.518945,0 141.079297,72.586914,0 140.983203,72.630029,0 140.972852,72.716992,0 140.652344,72.842822,0 140.675977,72.871631,0 140.708105,72.890039,0 140.808203,72.890967,0 141.309766,72.857715,0 141.518359,72.788672,0 142.061426,72.720801,0 143.51582,72.698242,0 143.680957,72.673193,0 144.303906,72.643018,0 144.568652,72.609912,0 145.199316,72.570215,0 145.485742,72.54209,0 145.71416,72.497363,0 146.083301,72.471387,0 146.25293,72.442236,0 146.234766,72.349707,0 145.46709,72.362061,0 145.212891,72.392676,0 144.897461,72.39624,0 144.776367,72.382275,0 144.587598,72.305518,0 144.360938,72.265332,0 144.169238,72.258789,0 144.294922,72.192627,0 144.470703,72.174756,0 145.03916,72.259863,0 146.594141,72.302441,0 146.831836,72.29541,0 146.807031,72.236572,0 146.599219,72.123535,0 146.40166,72.035498,0 146.113281,71.944971,0 146.005859,71.945459,0 146.230273,72.1375,0 146.137305,72.146484,0 146.051465,72.142285,0 145.799414,72.221875,0 145.758594,72.225879,0 145.709668,72.206348,0 145.710156,72.177588,0 145.664062,72.066992,0 145.756738,72.020654,0 145.756738,71.941309,0 145.407227,71.890137,0 145.271191,71.894629,0 145.125781,71.927148,0 145.063965,71.926074,0 145.046875,71.901025,0 145.077734,71.854639,0 145.07373,71.830859,0 145.017871,71.793701,0 144.989648,71.753369,0 145.075586,71.707373,0 145.188574,71.695801,0 145.804785,71.746484,0 146.073242,71.80835,0 146.367969,71.92207,0 146.894727,72.19751,0 147.127051,72.292041,0 147.261816,72.327881,0 147.433984,72.340918,0 148.402051,72.311963,0 148.964844,72.252344,0 149.501563,72.164307,0 149.766211,72.09126,0 149.963086,71.992188,0 149.998145,71.950488,0 150.016895,71.895654,0 149.881055,71.843018,0 149.279688,71.825537,0 149.04873,71.795752,0 148.965332,71.762793,0 148.954883,71.744141,0 148.92334,71.714648,0 148.968164,71.690479,0 149.237891,71.687939,0 149.498047,71.664014,0 149.857129,71.601465,0 149.912695,71.580713,0 150.026465,71.521338,0 150.06084,71.51084,0 150.599805,71.520117,0 150.634863,71.498877,0 150.667773,71.455225,0 150.525098,71.38584,0 150.384766,71.338818,0 150.097656,71.226562,0 150.242969,71.267188,0 150.82168,71.362891,0 150.967773,71.380469,0 151.145313,71.37373,0 151.582422,71.286963,0 151.759766,71.217822,0 152.092773,71.023291,0 151.999805,71.00249,0 151.762012,70.982471,0 152.508789,70.834473,0 152.79834,70.835645,0 153.460645,70.878613,0 153.794141,70.87998,0 154.413965,70.974463,0 155.029492,71.034229,0 155.595898,71.038623,0 155.895215,71.095508,0 156.68457,71.09375,0 157.447363,71.074512,0 158.037012,71.039258,0 158.702148,70.93501,0 159.350684,70.790723,0 159.72793,70.649658,0 159.804688,70.604932,0 159.911816,70.506104,0 159.958594,70.423633,0 160.006445,70.309668,0 159.983398,70.221387,0 159.889648,70.158789,0 159.831445,70.081445,0 159.83916,69.98999,0 159.729395,69.870215,0 159.83252,69.784961,0 160.119141,69.729785,0 160.739453,69.655176,0 160.910742,69.606348,0 160.928906,69.458545,0 160.982031,69.334473,0 161.035547,69.098193,0 161.14082,69.038867,0 161.309863,68.982275,0 161.340625,68.905176,0 161.129004,68.653857,0 160.99668,68.60752,0 160.856055,68.53833,0 161.104492,68.5625,0 161.230176,68.653906,0 161.365137,68.822998,0 161.495313,68.849854,0 161.565625,68.905176,0 161.565625,69.063965,0 161.480078,69.201709,0 161.480078,69.300098,0 161.536914,69.379541,0 161.945117,69.545117,0 162.166016,69.611572,0 162.375684,69.649072,0 162.944629,69.682764,0 163.201367,69.714746,0 163.498047,69.693262,0 163.705273,69.701807,0 163.945996,69.735156,0 164.15957,69.719287,0 164.513281,69.609131,0 165.760742,69.584424,0 165.980469,69.545996,0 166.820312,69.499561,0 166.884375,69.499902,0 167.073145,69.554443,0 167.628125,69.740332,0 167.856836,69.728223,0 167.950098,69.69917,0 168.047656,69.625635,0 168.15,69.577393,0 168.22998,69.447021,0 168.303027,69.271484,0 168.423047,69.239502,0 168.587598,69.228369,0 168.946191,69.16333,0 169.310645,69.079541,0 169.414648,68.919629,0 169.609863,68.786035,0 170.065625,68.798682,0 170.537598,68.825391,0 170.99541,69.045312,0 170.99668,69.134717,0 170.883789,69.263623,0 170.71416,69.388232,0 170.582227,69.58335,0 170.160938,69.626563,0 170.201172,69.683203,0 170.35957,69.750977,0 170.503125,69.856543,0 170.525391,69.937891,0 170.486816,70.107568,0 170.867969,70.096045,0 171.24668,70.076123,0 171.970508,70.000342,0 172.55957,69.968359,0 172.869238,69.919775,0 173.056348,69.864941,0 173.277441,69.823828,0 173.35332,69.924023,0 173.438672,69.946826,0 173.733398,69.891113,0 173.948047,69.874121,0 174.319434,69.881641,0 174.785547,69.855664,0 175.295605,69.860059,0 175.751172,69.90415,0 175.921484,69.895313,0 176.10752,69.860303,0 176.410449,69.768506,0 176.924414,69.645996,0 177.394531,69.611621,0 177.933691,69.495605,0 178.442773,69.452979,0 178.84834,69.387207,0 178.906934,69.362109,0 178.925,69.325977,0 178.950684,69.295801,0 179.272656,69.259668,0 179.868262,69.012695,0 180,68.983447,0 180,65.067236,0 179.827344,65.03418,0 179.651367,64.920947,0 179.448242,64.822021,0 179.15,64.781592,0 178.698438,64.631104,0 178.519531,64.602979,0 178.285352,64.672266,0 177.748633,64.717041,0 177.581641,64.777881,0 177.337012,64.931348,0 177.251855,64.953613,0 177.179199,65.014111,0 176.880859,65.081934,0 176.624805,65.037598,0 176.413086,65.07124,0 176.341016,65.047314,0 176.452148,65.025244,0 176.645508,65.007178,0 176.940039,65.016016,0 177.037305,64.999658,0 177.123438,64.947021,0 177.222852,64.86167,0 177.148242,64.804834,0 177.06875,64.78667,0 176.831055,64.849219,0 176.556641,64.83999,0 176.429492,64.855176,0 176.061133,64.960889,0 175.781152,64.844043,0 175.396484,64.783691,0 175.097754,64.776855,0 174.548828,64.683887,0 174.698633,64.681445,0 175.09707,64.746631,0 175.330664,64.746631,0 175.67793,64.782471,0 175.858594,64.825293,0 175.945898,64.865186,0 176.056543,64.904736,0 176.169238,64.884766,0 176.246973,64.843018,0 176.300879,64.783838,0 176.350977,64.705127,0 176.283203,64.663818,0 176.219434,64.641943,0 176.140918,64.58584,0 176.507617,64.682422,0 176.730957,64.624854,0 176.842871,64.633789,0 177.049805,64.719238,0 177.3875,64.774023,0 177.427441,64.763379,0 177.467188,64.736816,0 177.409863,64.572803,0 177.43291,64.444482,0 177.6875,64.304736,0 177.95332,64.222266,0 178.044727,64.21958,0 178.130566,64.235254,0 178.163965,64.309082,0 178.229492,64.364404,0 178.312988,64.314404,0 178.381445,64.260889,0 178.477148,64.127881,0 178.474805,64.089014,0 178.451367,64.011377,0 178.536035,63.975635,0 178.650293,63.965283,0 178.69248,63.842334,0 178.731445,63.66709,0 178.681348,63.650732,0 178.625977,63.650732,0 178.44043,63.605566,0 178.466113,63.574072,0 178.653711,63.556641,0 178.706445,63.521533,0 178.668848,63.439941,0 178.678711,63.402295,0 178.744043,63.394775,0 178.786719,63.442432,0 178.775391,63.510254,0 178.792969,63.540332,0 178.918555,63.400244,0 178.921484,63.34502,0 179.028125,63.282422,0 179.332324,63.190186,0 179.388574,63.147217,0 179.405078,63.077734,0 179.329004,63.05791,0 179.25957,63.008301,0 179.302148,62.939844,0 179.381055,62.883691,0 179.510938,62.862793,0 179.570508,62.773486,0 179.570508,62.6875,0 179.477246,62.613086,0 179.288672,62.510352,0 179.176953,62.469189,0 179.133887,62.396436,0 179.120703,62.320361,0 179.044629,62.323682,0 178.963867,62.355273,0 178.019238,62.546973,0 177.663086,62.582813,0 177.35127,62.587451,0 177.292578,62.599023,0 177.295898,62.644482,0 177.31582,62.685254,0 177.359668,62.736963,0 177.338965,62.781348,0 177.29834,62.784229,0 177.258691,62.750439,0 177.172656,62.750342,0 177.091211,62.789551,0 177.023535,62.777246,0 176.990039,62.722217,0 176.963477,62.693262,0 176.964746,62.658643,0 177.008008,62.626562,0 177.189648,62.591602,0 177.159473,62.560986,0 176.907422,62.536084,0 176.702539,62.505762,0 176.436523,62.41084,0 176.328418,62.346045,0 175.613867,62.184375,0 175.441992,62.12793,0 175.36582,62.121338,0 175.267871,62.102393,0 175.192383,62.034424,0 174.797559,61.938867,0 174.715039,61.9479,0 174.610547,61.867627,0 174.514355,61.823633,0 174.284961,61.817529,0 174.138867,61.795166,0 173.822363,61.679395,0 173.623438,61.716064,0 173.390723,61.556738,0 173.131836,61.406641,0 173.05459,61.406201,0 172.856543,61.469189,0 172.806836,61.436133,0 172.837891,61.375586,0 172.908008,61.311621,0 172.867773,61.293066,0 172.789062,61.310693,0 172.730664,61.314404,0 172.690039,61.295166,0 172.696973,61.249316,0 172.584766,61.19043,0 172.49707,61.185889,0 172.396094,61.167383,0 172.362402,61.116602,0 172.392773,61.061768,0 172.213281,60.997852,0 172.067285,60.915674,0 171.997656,60.900684,0 171.917969,60.864111,0 171.830566,60.837354,0 171.729492,60.843115,0 171.489746,60.725732,0 170.949316,60.522949,0 170.799316,60.496484,0 170.608203,60.434912,0 170.589746,60.393701,0 170.588574,60.342871,0 170.512305,60.259521,0 170.423438,60.047803,0 170.396484,60.009766,0 170.350977,59.965527,0 170.154102,59.986084,0 169.982617,60.06709,0 169.927246,60.104248,0 169.897559,60.147852,0 169.887012,60.21792,0 169.854297,60.250244,0 169.814746,60.265381,0 169.618359,60.438037,0 169.275684,60.556641,0 169.226758,60.595947,0 168.788281,60.563818,0 168.670313,60.562891,0 168.462793,60.592236,0 168.1375,60.573926,0 167.745996,60.509326,0 167.626074,60.468945,0 167.226758,60.406299,0 166.964063,60.307031,0 166.452539,59.947021,0 166.331836,59.872412,0 166.273047,59.85625,0 166.186523,59.849463,0 166.148926,59.92207,0 166.136035,59.979346,0 166.168359,60.088818,0 166.229785,60.17832,0 166.29248,60.346094,0 166.308105,60.414258,0 166.352148,60.484814,0 166.180176,60.480371,0 165.941992,60.356885,0 165.583008,60.236475,0 165.41582,60.205176,0 165.285254,60.134912,0 165.192578,60.124756,0 165.08457,60.098584,0 165.073633,59.945605,0 165.018945,59.860742,0 164.953711,59.843604,0 164.854297,59.840967,0 164.779395,59.874219,0 164.669727,59.997461,0 164.525293,60.061279,0 164.440039,60.072705,0 164.376855,60.058057,0 164.251563,59.973779,0 164.113281,59.897559,0 164.135059,59.984375,0 164.017578,60.017334,0 163.912891,60.037061,0 163.780078,60.041113,0 163.743848,60.028027,0 163.690039,59.978418,0 163.574316,59.914062,0 163.49375,59.886768,0 163.409961,59.834961,0 163.364844,59.781445,0 163.321191,59.70542,0 163.269043,59.52002,0 163.272852,59.302588,0 163.084863,59.131396,0 163.010156,59.148291,0 162.974902,59.137061,0 162.940039,59.114307,0 163.004297,59.020166,0 162.969824,58.986475,0 162.93457,58.963965,0 162.847266,58.939258,0 162.643359,58.799902,0 162.453027,58.708594,0 162.141602,58.447412,0 162.049219,58.272852,0 161.960059,58.076904,0 162.001953,57.980957,0 162.039648,57.918262,0 162.097949,57.874658,0 162.197461,57.82915,0 162.411426,57.778369,0 162.392188,57.74502,0 162.391406,57.717236,0 162.466992,57.766211,0 162.521973,57.904102,0 162.654297,57.948242,0 162.718359,57.946094,0 163.14502,57.837305,0 163.225781,57.790381,0 163.213867,57.686816,0 163.187891,57.637402,0 163.108789,57.564844,0 162.957031,57.47749,0 162.779297,57.357617,0 162.762305,57.284082,0 162.761523,57.243945,0 162.808105,57.102783,0 162.814844,57.023389,0 162.791113,56.875391,0 162.802637,56.811475,0 162.849902,56.756836,0 162.92207,56.722656,0 163.046387,56.741309,0 163.16543,56.725488,0 163.256543,56.688037,0 163.243262,56.564551,0 163.294043,56.447705,0 163.335547,56.23252,0 163.261328,56.17373,0 163.189258,56.137012,0 163.047363,56.044678,0 162.97168,56.033789,0 162.840332,56.065625,0 162.628125,56.232275,0 162.713184,56.330859,0 162.893262,56.399463,0 162.975195,56.449023,0 163.038379,56.521875,0 162.944141,56.508057,0 162.877637,56.476367,0 162.671484,56.490088,0 162.589063,56.454932,0 162.488672,56.399121,0 162.528223,56.260693,0 162.461133,56.235498,0 162.334082,56.187744,0 162.146094,56.128271,0 162.084961,56.089648,0 161.924023,55.840381,0 161.775586,55.654834,0 161.723926,55.496143,0 161.729395,55.358008,0 161.784961,55.205322,0 161.824219,55.138916,0 161.996094,54.997998,0 162.080273,54.886133,0 162.105566,54.752148,0 161.966895,54.688672,0 161.725684,54.532959,0 161.624805,54.51626,0 161.294043,54.520557,0 161.129883,54.598242,0 160.935547,54.578369,0 160.772656,54.541357,0 160.517188,54.430859,0 160.288867,54.288232,0 160.074414,54.18916,0 160.010156,54.130859,0 159.921777,54.008398,0 159.84375,53.783643,0 159.870898,53.672656,0 159.914258,53.62085,0 159.955859,53.552197,0 159.899121,53.447705,0 159.897656,53.380762,0 160.002148,53.274902,0 160.025098,53.12959,0 159.947461,53.125098,0 159.771582,53.229687,0 159.585938,53.237695,0 159.136133,53.117139,0 158.952051,53.047559,0 158.74541,52.908936,0 158.683691,52.9354,0 158.639551,53.014795,0 158.564648,53.05,0 158.47207,53.032373,0 158.432324,52.957422,0 158.560156,52.922168,0 158.608789,52.873633,0 158.533691,52.688428,0 158.480762,52.62666,0 158.500391,52.460303,0 158.493164,52.383154,0 158.463477,52.30498,0 158.331641,52.090869,0 158.103516,51.809619,0 157.823242,51.605322,0 157.628906,51.53457,0 157.530957,51.479883,0 157.489844,51.408936,0 157.202246,51.212744,0 156.847461,51.006592,0 156.747754,50.969287,0 156.724316,51.04707,0 156.713477,51.124121,0 156.670801,51.226855,0 156.543457,51.311621,0 156.521191,51.380273,0 156.500391,51.475098,0 156.489844,51.913037,0 156.377344,52.366553,0 156.364746,52.509375,0 156.228613,52.62627,0 156.154395,52.747266,0 156.110352,52.866162,0 156.098828,53.006494,0 155.950195,53.744287,0 155.904883,53.928125,0 155.706445,54.521484,0 155.620313,54.864551,0 155.563867,55.199121,0 155.554883,55.348486,0 155.643457,55.793555,0 155.716602,56.072217,0 155.98252,56.695215,0 156.025391,56.752002,0 156.06748,56.781592,0 156.529297,57.021191,0 156.728418,57.152246,0 156.848828,57.290186,0 156.976758,57.466309,0 156.963574,57.560938,0 156.948242,57.615771,0 156.899902,57.676904,0 156.791602,57.747949,0 156.829883,57.779639,0 156.871973,57.803662,0 156.985742,57.830176,0 157.216797,57.776807,0 157.450391,57.799268,0 157.666406,58.019775,0 157.974609,57.985937,0 158.210449,58.025293,0 158.275195,58.008984,0 158.321094,58.083447,0 158.449414,58.162842,0 158.687012,58.281348,0 159.036914,58.423926,0 159.210645,58.519434,0 159.308398,58.610547,0 159.452637,58.695947,0 159.591504,58.803662,0 159.847363,59.127148,0 160.350391,59.394043,0 160.547461,59.547363,0 160.711426,59.60166,0 160.855273,59.626855,0 161.218945,59.845605,0 161.449316,60.027344,0 161.753516,60.152295,0 161.845996,60.232227,0 162.003613,60.420166,0 162.068164,60.466406,0 162.266309,60.536719,0 162.713184,60.659473,0 162.973145,60.78291,0 163.352344,60.800439,0 163.466406,60.849756,0 163.585156,60.877148,0 163.709961,60.916797,0 163.553516,61.025635,0 163.589258,61.084375,0 163.619629,61.111328,0 163.893359,61.240479,0 164.005469,61.343799,0 163.99209,61.388232,0 163.972754,61.419873,0 163.804395,61.461377,0 163.837109,61.558252,0 163.882715,61.640137,0 164.019531,61.710693,0 164.067969,61.873877,0 164.074219,62.04502,0 164.207227,62.292236,0 164.2875,62.346631,0 164.59834,62.470557,0 164.670703,62.473779,0 164.887695,62.431885,0 165.124121,62.411523,0 165.208105,62.373975,0 165.225684,62.405762,0 165.213867,62.448193,0 165.280371,62.462988,0 165.417383,62.44707,0 165.396582,62.493896,0 165.044043,62.516992,0 164.792383,62.571094,0 164.566992,62.675488,0 164.418359,62.704639,0 164.255664,62.696582,0 163.331738,62.550928,0 163.287109,62.511426,0 163.244238,62.455371,0 163.302148,62.372998,0 163.258008,62.336914,0 163.213281,62.313428,0 163.163477,62.25957,0 163.118457,62.15293,0 163.131055,62.049902,0 163.017676,61.891064,0 163.009277,61.791504,0 163.207617,61.736572,0 163.257812,61.699463,0 163.197852,61.644775,0 163.138867,61.611426,0 163.085254,61.570557,0 163.047266,61.554053,0 162.993945,61.544189,0 162.92168,61.597705,0 162.855957,61.705029,0 162.752344,61.711279,0 162.717871,61.695117,0 162.699023,61.652588,0 162.607617,61.650049,0 162.506445,61.670117,0 162.392578,61.662109,0 162.188379,61.540674,0 161.037109,60.962891,0 160.915039,60.892676,0 160.766602,60.75332,0 160.482031,60.739844,0 160.368164,60.708545,0 160.287305,60.667041,0 160.173633,60.638428,0 160.177344,60.690723,0 160.201074,60.729639,0 160.225781,60.831543,0 160.378906,61.025488,0 160.28125,61.044775,0 160.184277,61.047656,0 160.004004,61.007422,0 159.883105,60.943408,0 159.79043,60.956641,0 159.83457,61.013965,0 159.949219,61.128613,0 159.913965,61.234473,0 159.883105,61.291797,0 159.930859,61.323926,0 160.162695,61.5375,0 160.246875,61.647607,0 160.317383,61.793359,0 160.321484,61.838574,0 160.309375,61.894385,0 160.237793,61.903857,0 160.18252,61.902832,0 159.722168,61.758398,0 159.552344,61.719482,0 159.496289,61.781445,0 159.423047,61.808057,0 159.29502,61.91416,0 159.189258,61.929395,0 159.07666,61.922266,0 158.824316,61.850244,0 158.547168,61.810889,0 158.333691,61.825684,0 158.151563,61.764844,0 158.070117,61.753613,0 157.799316,61.795264,0 157.469336,61.798926,0 157.370703,61.74707,0 157.08418,61.675684,0 156.891797,61.565186,0 156.790625,61.529639,0 156.680273,61.480615,0 156.629688,61.272461,0 156.482617,61.206006,0 156.344141,61.155078,0 156.055957,60.995605,0 155.85332,60.777148,0 155.716113,60.682373,0 155.427832,60.549854,0 154.970801,60.37666,0 154.578223,60.09502,0 154.440723,59.883789,0 154.389844,59.876758,0 154.293066,59.83335,0 154.266602,59.730371,0 154.268848,59.658398,0 154.20918,59.600342,0 154.149805,59.528516,0 154.212891,59.483398,0 154.272168,59.475146,0 154.357617,59.481445,0 154.58252,59.540088,0 154.971289,59.449609,0 155.166699,59.360156,0 155.153027,59.270215,0 155.160449,59.190137,0 155.016699,59.195605,0 154.82373,59.187549,0 154.703516,59.141309,0 154.458008,59.216553,0 154.375977,59.187842,0 154.24668,59.108594,0 154.010938,59.075537,0 153.891699,59.11416,0 153.695215,59.224756,0 153.361133,59.214795,0 153.272949,59.091309,0 153.196094,59.094434,0 153.077734,59.081885,0 152.882227,58.939062,0 152.817871,58.92627,0 152.575586,58.954102,0 152.400684,59.026416,0 152.319629,59.030762,0 152.165234,58.997021,0 152.087891,58.910449,0 151.70459,58.866699,0 151.326758,58.875098,0 151.121094,59.08252,0 151.50498,59.164014,0 151.733496,59.14668,0 151.990039,59.160059,0 152.260645,59.223584,0 152.169531,59.27793,0 152.104492,59.290576,0 151.942383,59.284082,0 151.798047,59.323242,0 151.485742,59.524121,0 151.348242,59.561133,0 151.170313,59.583252,0 151.033594,59.585645,0 150.98252,59.571338,0 150.911914,59.523047,0 150.863281,59.475439,0 150.823438,59.460742,0 150.729492,59.469141,0 150.615234,59.506543,0 150.483594,59.494385,0 150.539844,59.524951,0 150.667285,59.556348,0 150.457227,59.590723,0 150.325586,59.638867,0 150.202539,59.65127,0 149.642578,59.77041,0 149.424512,59.760986,0 149.29043,59.728467,0 149.065234,59.630518,0 149.127734,59.558789,0 149.175391,59.526758,0 149.20498,59.488184,0 149.133008,59.480518,0 148.925,59.475,0 148.79707,59.532324,0 148.708887,59.448535,0 148.744141,59.373535,0 148.889648,59.4,0 148.964648,59.369141,0 148.914062,59.282715,0 148.72666,59.25791,0 148.491211,59.262305,0 148.257422,59.414209,0 147.874609,59.388037,0 147.687891,59.290674,0 147.514453,59.268555,0 147.040039,59.365723,0 146.803711,59.372949,0 146.537207,59.456982,0 146.444336,59.430469,0 146.273438,59.221484,0 146.049512,59.170557,0 145.931641,59.198389,0 145.829102,59.330322,0 145.756445,59.37373,0 145.55459,59.413525,0 144.483398,59.37627,0 144.123438,59.408301,0 143.86875,59.411377,0 143.523828,59.343652,0 143.192188,59.370117,0 142.580273,59.240137,0 142.330371,59.152637,0 142.025391,58.999658,0 141.754688,58.745264,0 141.60293,58.649023,0 141.34707,58.528076,0 140.987695,58.416846,0 140.790234,58.303467,0 140.684961,58.212158,0 140.495117,57.86543,0 140.446875,57.813672,0 140.002344,57.6875,0 139.861523,57.549316,0 139.80332,57.51416,0 139.619238,57.455713,0 139.506641,57.358301,0 139.443848,57.329687,0 139.181641,57.261523,0 138.965723,57.088135,0 138.662109,56.965527,0 138.217773,56.629004,0 138.180078,56.588525,0 138.140625,56.498682,0 138.073828,56.433105,0 137.691504,56.139355,0 137.572949,56.112109,0 137.384082,55.974756,0 137.189844,55.892285,0 137.012109,55.795264,0 136.793555,55.694189,0 136.460254,55.576709,0 136.351172,55.51001,0 136.175195,55.352246,0 135.750781,55.160645,0 135.540625,55.11377,0 135.2625,54.943311,0 135.234766,54.903223,0 135.211523,54.84082,0 135.257715,54.731494,0 135.325391,54.707422,0 135.437793,54.69248,0 135.851562,54.583936,0 136.237988,54.614062,0 136.580273,54.613623,0 136.714551,54.624316,0 136.797266,54.620996,0 136.82373,54.561475,0 136.82041,54.452344,0 136.77041,54.35332,0 136.729395,54.060645,0 136.683008,53.931299,0 136.718848,53.804102,0 136.802637,53.781982,0 136.886426,53.839355,0 137.01875,53.848145,0 137.155371,53.82168,0 137.258008,54.025244,0 137.172461,54.056885,0 137.096191,54.128564,0 137.141602,54.182227,0 137.377734,54.282324,0 137.525098,54.291211,0 137.666016,54.283301,0 137.513184,54.156396,0 137.45127,54.130469,0 137.403418,54.123535,0 137.339258,54.100537,0 137.476465,54.027588,0 137.622754,53.970459,0 137.834766,53.946729,0 137.786133,53.90332,0 137.644824,53.86582,0 137.516992,53.70708,0 137.313672,53.631592,0 137.221484,53.579199,0 137.253711,53.546143,0 137.32832,53.538965,0 137.738184,53.560303,0 137.950488,53.603564,0 138.25293,53.726416,0 138.378906,53.909277,0 138.493555,53.959668,0 138.52793,53.959863,0 138.568164,53.947168,0 138.569141,53.818799,0 138.407031,53.67417,0 138.292188,53.592432,0 138.249707,53.524023,0 138.320312,53.5229,0 138.450684,53.537012,0 138.510938,53.57002,0 138.660742,53.744775,0 138.699414,53.869727,0 138.72168,54.04375,0 138.704688,54.147656,0 138.715918,54.222656,0 138.657227,54.29834,0 138.695703,54.32002,0 139.105078,54.217822,0 139.319727,54.192969,0 139.707422,54.277148,0 139.795508,54.256445,0 139.858398,54.205322,0 140.178711,54.051562,0 140.241699,54.001025,0 140.34707,53.812598,0 140.687598,53.596436,0 141.005664,53.49458,0 141.015039,53.454248,0 141.217676,53.334473,0 141.37373,53.292773,0 141.402051,53.183984,0 141.32793,53.097266,0 141.18125,53.015283,0 140.887305,53.091504,0 140.839648,53.087891,0 140.874512,53.039844,0 141.086816,52.897559,0 141.255859,52.840137,0 141.265918,52.652588,0 141.24502,52.550146,0 141.132422,52.435693,0 141.169824,52.368408,0 141.329688,52.271143,0 141.409082,52.234326,0 141.485254,52.178516,0 141.385547,52.057227,0 141.366895,51.920654,0 141.258398,51.860693,0 141.129395,51.727783,0 140.932617,51.619922,0 140.838574,51.41416,0 140.687695,51.232275,0 140.670703,51.051318,0 140.645605,50.986768,0 140.520898,50.800195,0 140.476367,50.545996,0 140.535449,50.130762,0 140.564063,50.106689,0 140.624512,50.082422,0 140.613281,50.053711,0 140.58457,50.03335,0 140.462695,49.911475,0 140.464551,49.825586,0 140.511328,49.76167,0 140.517188,49.596143,0 140.431055,49.331494,0 140.399121,49.289795,0 140.364355,49.22085,0 140.348633,49.15918,0 140.325586,49.12002,0 140.308984,49.053906,0 140.333691,48.994824,0 140.37832,48.964111,0 140.224219,48.772852,0 140.170605,48.523682,0 140.113281,48.422656,0 139.998438,48.323779,0 139.760742,48.180566,0 139.67627,48.089893,0 139.520508,47.975293,0 139.372656,47.887354,0 139.166992,47.634863,0 139.001367,47.383301,0 138.586816,47.057227,0 138.529688,46.976221,0 138.500488,46.889844,0 138.391797,46.745068,0 138.336914,46.543408,0 138.210156,46.462939,0 138.106348,46.250732,0 137.769141,45.928516,0 137.685449,45.818359,0 137.425195,45.63999,0 137.146973,45.393506,0 136.803516,45.171143,0 136.737207,45.080029,0 136.604102,44.978174,0 136.460449,44.822119,0 136.251172,44.666797,0 136.208691,44.562012,0 136.142285,44.489111,0 135.987012,44.439844,0 135.874609,44.373535,0 135.533203,43.971484,0 135.489063,43.898828,0 135.483398,43.83501,0 135.260156,43.684619,0 135.131055,43.525732,0 134.916992,43.426562,0 134.691797,43.290576,0 134.156445,43.042139,0 134.010449,42.947461,0 133.709375,42.829932,0 133.586719,42.828223,0 133.329492,42.763867,0 133.159961,42.696973,0 133.059375,42.722803,0 132.996582,42.808008,0 132.923926,42.805273,0 132.863574,42.79375,0 132.708984,42.87583,0 132.576465,42.871582,0 132.481348,42.909766,0 132.303809,42.883301,0 132.334375,43.238672,0 132.30957,43.313525,0 132.233203,43.245068,0 132.028711,43.118945,0 131.947266,43.09541,0 131.866602,43.095166,0 131.89834,43.170752,0 132.013086,43.280029,0 131.97627,43.296045,0 131.938965,43.301953,0 131.794727,43.255273,0 131.72207,43.202637,0 131.516406,42.996436,0 131.393262,42.822314,0 131.29248,42.772119,0 131.245313,42.697412,0 131.158301,42.626025,0 131.024805,42.645166,0 130.945703,42.633936,0 130.756152,42.673291,0 130.709375,42.656396,0 130.83418,42.522949,0 130.729883,42.325781,0 130.687305,42.302539,0</coordinates>
        </LinearRing>
      </outerBoundaryIs>
    </Polygon>
    <Polygon>
      <outerBoundaryIs>
        <LinearRing>
          <coordinates>47.441992,80.853662,0 47.899512,80.812695,0 48.243262,80.823486,0 48.345215,80.818994,0 48.445703,80.806006,0 48.547363,80.779053,0 48.686523,80.717773,0 48.683594,80.633252,0 48.625488,80.629297,0 48.044336,80.668164,0 47.777344,80.75625,0 47.705273,80.765186,0 47.600098,80.741943,0 47.512305,80.687939,0 47.41416,80.674512,0 47.303906,80.606201,0 47.198242,80.614941,0 47.144922,80.609033,0 47.011035,80.562109,0 46.677539,80.561328,0 46.623926,80.540674,0 46.513672,80.475537,0 46.378125,80.456787,0 46.141406,80.446729,0 46.059863,80.483789,0 46.023633,80.540869,0 45.969043,80.569482,0 45.64082,80.536963,0 45.389258,80.560303,0 45.149219,80.59873,0 44.90498,80.611279,0 45.124512,80.652246,0 46.327441,80.735156,0 46.799121,80.755225,0 47.020605,80.814404,0 47.352344,80.85293,0 47.441992,80.853662,0</coordinates>
        </LinearRing>
      </outerBoundaryIs>
    </Polygon>
    <Polygon>
      <outerBoundaryIs>
        <LinearRing>
          <coordinates>50.278125,80.927246,0 50.431445,80.910889,0 50.801074,80.91416,0 50.917676,80.89043,0 51.454785,80.744678,0 51.591016,80.740771,0 51.703613,80.687646,0 51.146191,80.603955,0 50.96084,80.540479,0 50.279688,80.527344,0 49.845996,80.497656,0 49.749805,80.47207,0 49.794141,80.425342,0 49.585938,80.376563,0 48.896094,80.369189,0 48.811035,80.353711,0 48.677051,80.300049,0 48.688965,80.290283,0 48.921973,80.276807,0 48.95957,80.265674,0 48.99082,80.242383,0 49.010742,80.207422,0 48.977539,80.162598,0 48.891895,80.155322,0 48.797363,80.161133,0 48.581738,80.195361,0 48.55459,80.183301,0 48.532617,80.158252,0 48.466797,80.110107,0 48.38623,80.095801,0 48.167188,80.132764,0 48.095898,80.122314,0 48.025781,80.099463,0 47.939941,80.088623,0 47.737305,80.081689,0 47.632422,80.111963,0 47.723145,80.151367,0 47.977539,80.212549,0 47.892969,80.239258,0 47.642383,80.245312,0 47.444336,80.230127,0 47.343066,80.188525,0 47.248633,80.180225,0 46.991016,80.182764,0 46.845898,80.237207,0 46.738184,80.257666,0 46.644434,80.300342,0 47.40293,80.444775,0 47.656055,80.500537,0 47.895801,80.529053,0 48.208203,80.543896,0 48.306152,80.561572,0 48.402637,80.568799,0 48.464746,80.558057,0 48.625098,80.508301,0 49.087793,80.515771,0 49.185254,80.558643,0 49.192676,80.656006,0 49.147461,80.712109,0 49.244336,80.821387,0 49.507812,80.865332,0 50.124316,80.923877,0 50.278125,80.927246,0</coordinates>
        </LinearRing>
      </outerBoundaryIs>
    </Polygon>
    <Polygon>
      <outerBoundaryIs>
        <LinearRing>
          <coordinates>67.765332,76.237598,0 67.365234,76.161279,0 67.126953,76.108154,0 66.893164,76.072266,0 66.657422,76.047021,0 66.282422,75.983691,0 65.619141,75.904639,0 65.201563,75.839453,0 64.744531,75.788232,0 64.262598,75.719678,0 63.779297,75.672607,0 63.659473,75.66875,0 63.316699,75.603076,0 63.045996,75.575732,0 62.066113,75.427734,0 61.616211,75.319629,0 61.486523,75.31084,0 61.355957,75.314844,0 61.248828,75.281006,0 61.147266,75.222559,0 60.935645,75.163672,0 60.829199,75.11084,0 60.719238,75.068604,0 60.655371,75.055029,0 60.533789,75.059277,0 60.475586,75.054736,0 60.276855,75.007568,0 60.241113,74.970752,0 60.454883,74.946143,0 60.501367,74.904639,0 60.43916,74.875342,0 60.300781,74.837012,0 60.222461,74.796582,0 60.080078,74.755859,0 59.982324,74.744629,0 59.747266,74.745898,0 59.734668,74.695459,0 59.771484,74.664453,0 59.752734,74.637012,0 59.674023,74.610156,0 59.595996,74.613721,0 59.240137,74.692969,0 59.182031,74.665771,0 59.157031,74.61084,0 59.146094,74.551904,0 59.100977,74.50752,0 59.04043,74.485547,0 58.928223,74.462695,0 58.534668,74.498926,0 58.502148,74.464209,0 58.562012,74.421826,0 58.645703,74.328027,0 58.665039,74.289258,0 58.617871,74.227393,0 58.441406,74.128857,0 57.767383,74.013818,0 57.778418,73.973926,0 57.853418,73.897852,0 57.872266,73.850439,0 57.844922,73.805078,0 57.755957,73.769189,0 57.657422,73.768164,0 57.603711,73.775488,0 57.448535,73.825635,0 57.313086,73.838037,0 57.290918,73.814551,0 57.464258,73.746045,0 57.542578,73.658203,0 57.459766,73.610303,0 57.134375,73.504395,0 56.963867,73.366553,0 56.63418,73.304297,0 56.430371,73.297217,0 56.22832,73.314111,0 56.03457,73.345898,0 55.549219,73.356836,0 55.280176,73.392041,0 55.006836,73.453857,0 54.768652,73.449414,0 54.56582,73.418506,0 54.299902,73.350977,0 54.131543,73.481006,0 54.20459,73.542041,0 53.838672,73.697119,0 53.762891,73.766162,0 53.851367,73.800537,0 53.963477,73.822314,0 54.174023,73.885742,0 54.386328,73.935645,0 54.605664,73.951318,0 54.642676,73.95957,0 54.733398,74.033984,0 54.83125,74.095752,0 54.920313,74.129102,0 55.022852,74.186621,0 55.340918,74.419629,0 55.416406,74.436133,0 56.07832,74.481299,0 56.137109,74.496094,0 55.947461,74.542187,0 55.751758,74.541211,0 55.661523,74.556104,0 55.610352,74.590527,0 55.582227,74.627686,0 55.659668,74.656299,0 55.913672,74.796094,0 56.217871,74.89751,0 56.49873,74.95708,0 56.428516,74.972949,0 56.340039,75.013477,0 55.998047,75.003369,0 55.863184,75.05874,0 55.821191,75.090625,0 55.810059,75.124902,0 55.920703,75.168359,0 56.035547,75.194238,0 56.162207,75.186572,0 56.288672,75.164307,0 56.389063,75.138184,0 56.485254,75.096094,0 56.570312,75.097754,0 56.87627,75.244385,0 56.829297,75.277734,0 56.809473,75.328418,0 56.844434,75.351416,0 56.989453,75.375098,0 57.0875,75.383838,0 57.301758,75.373242,0 57.606836,75.34126,0 57.631543,75.356445,0 57.708203,75.454492,0 57.783398,75.506689,0 58.093652,75.592529,0 58.072559,75.618994,0 58.058301,75.663086,0 58.418359,75.719775,0 58.652734,75.776807,0 58.88125,75.854785,0 58.994727,75.871729,0 59.110449,75.87373,0 59.346582,75.907031,0 59.781934,75.94585,0 60.036133,75.983838,0 60.118164,76.066553,0 60.279297,76.09624,0 60.606152,76.108643,0 60.730566,76.104053,0 60.801172,76.068799,0 60.942188,76.071289,0 60.997754,76.089258,0 61.053906,76.119873,0 61.036914,76.169043,0 61.034375,76.232959,0 61.156934,76.273535,0 61.20166,76.282031,0 61.569434,76.298486,0 61.787109,76.291016,0 62.237305,76.241602,0 62.471094,76.230469,0 62.782031,76.245215,0 62.971484,76.23667,0 63.526172,76.309521,0 64.463477,76.378174,0 64.707617,76.426025,0 64.95,76.484326,0 65.072852,76.496729,0 65.197168,76.499658,0 65.309766,76.51792,0 65.528418,76.567822,0 65.636914,76.578662,0 65.755176,76.579297,0 65.862891,76.61333,0 65.958887,76.687939,0 66.062988,76.746094,0 66.345215,76.821045,0 66.828809,76.923828,0 67.263672,76.96377,0 67.534961,77.007764,0 67.651855,77.011572,0 68.017285,76.990625,0 68.485742,76.933691,0 68.699121,76.870654,0 68.87334,76.7896,0 68.911719,76.760547,0 68.941699,76.707666,0 68.890527,76.659717,0 68.858008,76.610498,0 68.899805,76.572949,0 68.558594,76.449414,0 68.222363,76.313477,0 68.16543,76.284863,0 67.765332,76.237598,0</coordinates>
        </LinearRing>
      </outerBoundaryIs>
    </Polygon>
    <Polygon>
      <outerBoundaryIs>
        <LinearRing>
          <coordinates>55.319824,73.308301,0 55.787305,73.268604,0 56.137695,73.256152,0 56.350488,73.225537,0 56.42959,73.201172,0 56.397461,73.13916,0 56.334668,73.113672,0 56.188965,73.033008,0 56.166992,72.983203,0 56.192871,72.90498,0 56.170508,72.848096,0 56.12168,72.806592,0 56.083789,72.789404,0 55.819727,72.789502,0 55.723438,72.766406,0 55.718457,72.721533,0 55.700977,72.671729,0 55.616406,72.599072,0 55.441309,72.575391,0 55.40332,72.549072,0 55.416895,72.501318,0 55.355957,72.465088,0 55.35957,72.408691,0 55.39043,72.377832,0 55.399121,72.313623,0 55.518066,72.220654,0 55.494922,72.182324,0 55.40332,72.106885,0 55.375,72.014893,0 55.297852,71.935352,0 55.471094,71.869238,0 55.54668,71.78335,0 55.613672,71.689893,0 55.819336,71.507568,0 56.043164,71.345605,0 56.454395,71.107373,0 56.894824,70.927002,0 57.065625,70.876025,0 57.483594,70.792285,0 57.556445,70.76582,0 57.625391,70.728809,0 57.447168,70.661035,0 57.263672,70.636035,0 57.246973,70.605127,0 57.145898,70.589111,0 56.648828,70.646533,0 56.62168,70.655371,0 56.568652,70.697461,0 56.510059,70.728809,0 56.385742,70.734131,0 56.260059,70.714746,0 56.334766,70.676709,0 56.417188,70.664941,0 56.561328,70.593555,0 56.499707,70.566406,0 56.43457,70.562988,0 56.14248,70.657861,0 56.114746,70.646143,0 56.087109,70.618359,0 55.941602,70.649268,0 55.907227,70.626318,0 55.796875,70.615576,0 55.706738,70.641895,0 55.706445,70.675244,0 55.687305,70.692188,0 55.236914,70.666016,0 55.05166,70.666748,0 54.86709,70.678125,0 54.645117,70.741846,0 54.608203,70.713232,0 54.601172,70.680078,0 54.517383,70.693311,0 54.332617,70.744678,0 54.199414,70.764893,0 53.722363,70.814453,0 53.383594,70.873535,0 53.467773,70.900586,0 53.613574,70.914648,0 53.615625,70.95083,0 53.592578,71.000684,0 53.587793,71.052295,0 53.670508,71.086914,0 53.857031,71.07041,0 53.834277,71.126709,0 53.922266,71.137598,0 54.093945,71.105225,0 54.155664,71.125488,0 53.886133,71.196289,0 53.59082,71.29668,0 53.622168,71.332764,0 53.515234,71.342529,0 53.409961,71.340137,0 53.319043,71.39917,0 53.33252,71.477246,0 53.411621,71.530127,0 53.363867,71.54165,0 52.908984,71.49502,0 52.678711,71.505664,0 52.418848,71.536865,0 52.17998,71.490234,0 51.937891,71.474707,0 51.812598,71.491309,0 51.691602,71.525146,0 51.59043,71.571143,0 51.511328,71.648096,0 51.438672,71.776807,0 51.428613,71.825537,0 51.443555,71.934375,0 51.482227,71.979785,0 51.58252,72.071191,0 51.653125,72.099365,0 51.805469,72.142139,0 51.885449,72.153223,0 52.068652,72.131152,0 52.252051,72.129736,0 52.332324,72.153955,0 52.406738,72.196729,0 52.461914,72.252344,0 52.586133,72.284033,0 52.62207,72.300977,0 52.661914,72.336865,0 52.705762,72.390967,0 52.713867,72.436963,0 52.74873,72.482959,0 52.863672,72.549854,0 52.823242,72.59126,0 52.839063,72.619287,0 52.916602,72.668896,0 52.683105,72.682324,0 52.60498,72.704053,0 52.528516,72.737354,0 52.550586,72.768555,0 52.579297,72.791357,0 52.812207,72.875244,0 52.913184,72.899951,0 53.024219,72.913574,0 53.134961,72.913232,0 53.253516,72.90376,0 53.369824,72.916748,0 53.247266,72.973145,0 53.237109,73.011182,0 53.188965,73.104004,0 53.197949,73.147559,0 53.251172,73.182959,0 53.357617,73.224561,0 53.512207,73.238379,0 53.633691,73.260254,0 53.753223,73.293262,0 53.865625,73.298975,0 54.091016,73.276465,0 54.202344,73.281348,0 54.327637,73.299463,0 54.676074,73.37002,0 54.803906,73.387646,0 54.940625,73.383252,0 55.121387,73.356836,0 55.319824,73.308301,0</coordinates>
        </LinearRing>
      </outerBoundaryIs>
    </Polygon>
    <Polygon>
      <outerBoundaryIs>
        <LinearRing>
          <coordinates>96.526563,81.075586,0 96.563086,81.030078,0 96.693262,80.994189,0 96.75498,80.957861,0 97.413672,80.841846,0 97.703027,80.826709,0 97.831836,80.798291,0 97.869922,80.763281,0 97.856445,80.698096,0 97.747168,80.698682,0 97.66543,80.678076,0 97.221387,80.652441,0 97.113086,80.614063,0 97.025391,80.535547,0 97.072559,80.519873,0 97.115039,80.496582,0 97.250195,80.362988,0 97.286816,80.342529,0 97.416992,80.323145,0 97.298438,80.272754,0 97.175195,80.241016,0 95.855762,80.176953,0 94.961328,80.150391,0 94.66123,80.122803,0 94.565039,80.126074,0 94.328418,80.076025,0 93.872363,80.010107,0 93.654688,80.009619,0 93.002344,80.1021,0 92.201563,80.179297,0 92.092188,80.22334,0 91.891602,80.249268,0 91.637402,80.269922,0 91.523828,80.358545,0 91.687793,80.418506,0 91.89668,80.477539,0 92.24668,80.499121,0 92.57793,80.533252,0 92.826758,80.618555,0 92.981055,80.702979,0 93.2625,80.79126,0 92.772949,80.768652,0 92.592578,80.780859,0 92.610156,80.81001,0 92.710352,80.872168,0 92.764648,80.893066,0 92.938672,80.92583,0 93.065137,80.988477,0 93.358691,81.031689,0 93.497363,81.039209,0 93.636719,81.038135,0 93.888867,81.058398,0 94.140137,81.089453,0 94.375488,81.107373,0 94.611621,81.114648,0 94.837891,81.139404,0 95.060938,81.188086,0 95.15957,81.270996,0 95.800684,81.280469,0 95.901953,81.260596,0 95.983984,81.211426,0 96.075195,81.192773,0 96.186914,81.183936,0 96.471094,81.099268,0 96.526563,81.075586,0</coordinates>
        </LinearRing>
      </outerBoundaryIs>
    </Polygon>
    <Polygon>
      <outerBoundaryIs>
        <LinearRing>
          <coordinates>97.674512,80.158252,0 97.903613,80.09502,0 98.017773,80.022852,0 97.906738,80.00376,0 97.80791,79.956299,0 97.759961,79.89585,0 97.626953,79.850439,0 97.591309,79.774951,0 97.65166,79.760645,0 97.724512,79.781396,0 97.870703,79.852637,0 98.064551,79.901074,0 98.273242,79.874121,0 98.353125,79.884326,0 98.499023,79.953125,0 98.471875,80.009131,0 98.531836,80.043604,0 98.596484,80.052197,0 98.865918,80.04541,0 99.294922,80.016357,0 99.370703,79.986377,0 99.473047,79.970166,0 99.536133,79.941309,0 99.726562,79.919922,0 99.818359,79.898193,0 99.946582,79.848975,0 100.06123,79.7771,0 99.91582,79.73833,0 99.839258,79.668945,0 99.805469,79.653076,0 99.781641,79.628271,0 99.771094,79.567725,0 99.748828,79.515186,0 99.721191,79.491846,0 99.70625,79.463477,0 99.721582,79.385107,0 99.680664,79.32334,0 99.537305,79.276562,0 99.387793,79.274756,0 99.16709,79.306299,0 99.104395,79.305371,0 99.041797,79.293018,0 99.317383,79.227197,0 99.517285,79.130176,0 99.750781,79.107666,0 99.814648,79.09585,0 99.899609,79.006396,0 99.929297,78.961426,0 99.54082,78.852734,0 99.439551,78.834229,0 98.819531,78.818262,0 98.411133,78.787793,0 98.28252,78.79502,0 98.054199,78.820996,0 97.905176,78.810205,0 97.688574,78.827344,0 97.555469,78.826562,0 97.248145,78.868018,0 96.93291,78.933936,0 96.871191,78.963818,0 96.807813,78.984961,0 96.42998,79.003027,0 96.347363,79.015869,0 95.796484,79.001416,0 95.702832,79.012012,0 95.531055,79.098096,0 95.436914,79.099316,0 95.133203,79.049609,0 95.02041,79.052686,0 94.791016,79.086621,0 94.652344,79.12749,0 94.631641,79.140869,0 94.619727,79.192383,0 94.482129,79.218604,0 94.31377,79.30752,0 94.21875,79.402344,0 93.758594,79.451416,0 93.478711,79.462744,0 93.272266,79.458398,0 93.070801,79.495312,0 93.404688,79.631592,0 93.847266,79.70166,0 94.038184,79.756006,0 94.257129,79.829736,0 94.347266,79.941943,0 94.719434,80.01123,0 94.815039,80.034814,0 94.946777,80.089258,0 94.987305,80.096826,0 95.281348,80.030518,0 95.337988,80.042139,0 95.390723,80.072803,0 95.497559,80.105615,0 95.857813,80.11001,0 96.1625,80.096826,0 96.277344,80.110059,0 96.416602,80.104346,0 97.120508,80.153027,0 97.586816,80.168262,0 97.674512,80.158252,0</coordinates>
        </LinearRing>
      </outerBoundaryIs>
    </Polygon>
    <Polygon>
      <outerBoundaryIs>
        <LinearRing>
          <coordinates>102.884766,79.253955,0 102.787305,79.176416,0 102.745801,79.106055,0 102.447852,78.87666,0 102.412305,78.835449,0 102.587305,78.871289,0 102.747656,78.949561,0 102.844824,79.014355,0 102.950391,79.055762,0 103.075684,79.056494,0 103.199121,79.071289,0 103.433398,79.126123,0 103.672852,79.15,0 103.800781,79.149268,0 103.925684,79.123242,0 104.004004,79.062549,0 104.091113,79.013184,0 104.404199,78.9771,0 104.449219,78.963916,0 104.476953,78.92334,0 104.452051,78.880029,0 104.633203,78.835156,0 104.881055,78.854883,0 105.014648,78.843311,0 105.145996,78.818848,0 105.20459,78.779932,0 105.256055,78.733008,0 105.310156,78.666162,0 105.342676,78.593945,0 105.312598,78.499902,0 104.832617,78.352734,0 104.741797,78.339746,0 104.519434,78.349219,0 104.297461,78.335059,0 103.719336,78.258252,0 103.003125,78.255859,0 102.79668,78.187891,0 102.734375,78.189893,0 102.673145,78.201709,0 102.617188,78.224609,0 102.180469,78.205322,0 101.692383,78.194336,0 101.204102,78.191943,0 101.039941,78.142969,0 100.541211,78.04751,0 100.082227,77.975,0 99.84502,77.956836,0 99.500293,77.976074,0 99.391699,78.000684,0 99.287109,78.038086,0 99.438672,78.083936,0 99.545605,78.178564,0 99.67793,78.233496,0 100.018945,78.338916,0 100.05752,78.380371,0 100.123535,78.470459,0 100.162988,78.503955,0 100.215039,78.535791,0 100.257227,78.573828,0 100.262695,78.631494,0 100.283984,78.679199,0 100.416406,78.753174,0 100.515625,78.787793,0 100.619629,78.797412,0 100.875586,78.783594,0 100.955762,78.788477,0 100.897949,78.812451,0 100.85625,78.897754,0 100.864551,78.92583,0 100.901367,78.980078,0 100.96543,79.006543,0 101.030859,79.023291,0 101.068164,79.09624,0 101.052246,79.123242,0 101.148828,79.156885,0 101.196094,79.204443,0 101.310449,79.232617,0 101.543066,79.254443,0 101.555273,79.312646,0 101.590625,79.350439,0 101.643359,79.361377,0 101.761328,79.371973,0 101.824219,79.370215,0 101.912109,79.311621,0 102.005273,79.263672,0 102.128516,79.25249,0 102.25127,79.256055,0 102.177246,79.312598,0 102.180664,79.373389,0 102.225098,79.412939,0 102.282422,79.430078,0 102.404883,79.433203,0 102.789844,79.392139,0 103.041602,79.331543,0 103.097949,79.299121,0 103.052441,79.28252,0 102.939648,79.271191,0 102.884766,79.253955,0</coordinates>
        </LinearRing>
      </outerBoundaryIs>
    </Polygon>
    <Polygon>
      <outerBoundaryIs>
        <LinearRing>
          <coordinates>140.04873,75.828955,0 140.152148,75.809814,0 140.274414,75.822412,0 140.389063,75.79585,0 140.496289,75.689795,0 140.54668,75.663184,0 140.602148,75.643945,0 140.656738,75.634131,0 140.815918,75.630713,0 140.889258,75.652002,0 140.944141,75.700488,0 140.94043,75.749512,0 140.926563,75.798926,0 140.925781,75.866846,0 140.950293,75.927344,0 140.985352,75.964502,0 141.032617,75.988965,0 141.299316,76.06377,0 141.485449,76.137158,0 141.742285,76.108057,0 142.001465,76.043555,0 142.460352,75.903613,0 142.669531,75.863428,0 142.926758,75.826904,0 143.185156,75.813623,0 143.311133,75.822314,0 143.559961,75.8604,0 143.68584,75.863672,0 145.255273,75.585596,0 145.309766,75.564063,0 145.359961,75.530469,0 145.023438,75.489746,0 144.803125,75.416064,0 144.726758,75.365576,0 144.814258,75.324512,0 144.883496,75.268945,0 144.407813,75.102295,0 144.216016,75.05918,0 144.019727,75.044678,0 143.625879,75.083984,0 143.396094,75.082861,0 143.170313,75.116895,0 142.92207,75.217432,0 142.820117,75.267822,0 142.729492,75.337646,0 142.699609,75.448877,0 142.734473,75.54458,0 142.867578,75.571777,0 142.986035,75.633252,0 143.002441,75.659863,0 142.941797,75.713281,0 142.551563,75.720898,0 142.30791,75.691699,0 142.08623,75.660645,0 142.151074,75.457568,0 142.198828,75.392676,0 142.264746,75.346143,0 142.616797,75.133252,0 142.696973,75.103076,0 142.929688,75.062402,0 143.12793,74.970313,0 142.778223,74.867773,0 142.626074,74.837402,0 142.472754,74.82041,0 142.378418,74.828564,0 142.287402,74.849902,0 142.18418,74.899609,0 142.1,74.950977,0 141.987305,74.99126,0 141.748438,74.982568,0 141.52998,74.947168,0 141.310449,74.923193,0 140.660742,74.881836,0 140.463867,74.856055,0 140.267871,74.846924,0 140.011035,74.894775,0 139.758203,74.96377,0 139.68125,74.964062,0 139.605859,74.945605,0 139.548047,74.904053,0 139.512305,74.837793,0 139.430078,74.749219,0 139.325586,74.686816,0 139.215332,74.659668,0 139.099121,74.656543,0 138.981738,74.673682,0 138.865625,74.700928,0 138.092285,74.797461,0 138.001367,74.827002,0 137.915039,74.87085,0 137.683008,75.008545,0 137.568066,75.040576,0 137.446973,75.054199,0 137.217969,75.12373,0 137.00625,75.23501,0 136.962305,75.270361,0 136.947656,75.325537,0 136.982422,75.365332,0 137.166016,75.346582,0 137.289746,75.348633,0 137.215234,75.554395,0 137.268848,75.749414,0 137.358496,75.781641,0 137.706543,75.75957,0 137.593555,75.823389,0 137.501172,75.909668,0 137.560547,75.955225,0 137.625391,75.988184,0 137.774414,76.015674,0 137.977051,76.027783,0 138.038672,76.047266,0 138.095996,76.080518,0 138.207617,76.114941,0 138.430664,76.130078,0 138.813965,76.199707,0 138.919531,76.196729,0 139.017578,76.160107,0 139.10918,76.10835,0 139.211328,76.080713,0 139.528516,76.013428,0 139.743359,75.953076,0 140.04873,75.828955,0</coordinates>
        </LinearRing>
      </outerBoundaryIs>
    </Polygon>
    <Polygon>
      <outerBoundaryIs>
        <LinearRing>
          <coordinates>146.795215,75.370752,0 147.060352,75.364307,0 147.443555,75.437988,0 147.496973,75.440527,0 148.432422,75.413525,0 148.508887,75.387451,0 148.518848,75.336475,0 148.48916,75.309375,0 148.475,75.272412,0 148.590137,75.236377,0 148.892188,75.228125,0 149.083203,75.262061,0 149.645313,75.24458,0 150.103906,75.219238,0 150.280664,75.164014,0 150.417188,75.134326,0 150.530566,75.099854,0 150.612891,75.120166,0 150.690332,75.155322,0 150.756934,75.162402,0 150.822363,75.156543,0 150.646289,74.94458,0 150.580273,74.918945,0 150.33125,74.866797,0 149.838086,74.795312,0 149.596875,74.772607,0 149.050195,74.772461,0 148.296875,74.800439,0 148.092383,74.825684,0 147.971875,74.857324,0 147.740918,74.931982,0 147.626855,74.958936,0 147.257031,74.984277,0 147.144043,74.998437,0 146.924902,75.0625,0 146.70332,75.114209,0 146.148535,75.198291,0 146.186133,75.295557,0 146.257617,75.39375,0 146.342969,75.480908,0 146.438477,75.558203,0 146.5375,75.581787,0 146.750977,75.510449,0 146.748242,75.428662,0 146.795215,75.370752,0</coordinates>
        </LinearRing>
      </outerBoundaryIs>
    </Polygon>
    <Polygon>
      <outerBoundaryIs>
        <LinearRing>
          <coordinates>178.861523,70.826416,0 178.792578,70.82207,0 178.648242,71.000586,0 178.62832,71.047363,0 178.683887,71.105664,0 178.829004,71.177881,0 178.891113,71.231104,0 179.235059,71.324512,0 179.547656,71.447656,0 179.715918,71.466211,0 179.886426,71.52334,0 180,71.537744,0 180,70.993018,0 179.881348,70.975684,0 179.647656,70.898926,0 179.152539,70.880273,0 178.861523,70.826416,0</coordinates>
        </LinearRing>
      </outerBoundaryIs>
    </Polygon>
    <Polygon>
      <outerBoundaryIs>
        <LinearRing>
          <coordinates>142.761035,54.393945,0 142.976172,54.140967,0 142.985938,54.085693,0 142.96709,54.028809,0 142.926563,53.955615,0 142.911426,53.878369,0 142.936426,53.810938,0 142.917969,53.794238,0 143.095508,53.488672,0 143.223633,53.296045,0 143.259961,53.217285,0 143.287891,53.134375,0 143.324707,52.963086,0 143.332617,52.700049,0 143.323633,52.613574,0 143.295117,52.52915,0 143.264258,52.478662,0 143.200977,52.44292,0 143.172266,52.349365,0 143.155566,52.08374,0 143.190625,51.944482,0 143.250586,51.8479,0 143.294727,51.744336,0 143.299512,51.632373,0 143.320508,51.583252,0 143.417773,51.520605,0 143.455469,51.471484,0 143.467383,51.401904,0 143.472949,51.299219,0 143.48877,51.277051,0 143.53418,51.246289,0 143.736035,50.506738,0 143.816016,50.282617,0 144.047949,49.895752,0 144.141309,49.661475,0 144.199609,49.549756,0 144.239941,49.432031,0 144.27207,49.311328,0 144.341211,49.180518,0 144.431738,49.051074,0 144.606836,48.93584,0 144.685547,48.87124,0 144.706641,48.819531,0 144.71377,48.640283,0 144.672656,48.678564,0 144.620996,48.814844,0 144.536328,48.893555,0 144.411816,48.986377,0 144.283789,49.069775,0 144.125488,49.208545,0 144.04873,49.24917,0 143.967773,49.276318,0 143.819141,49.308594,0 143.732324,49.312012,0 143.382227,49.290674,0 143.236328,49.262842,0 143.10498,49.198828,0 143.026855,49.10542,0 142.97168,48.917773,0 142.650977,48.246875,0 142.574219,48.072168,0 142.545898,47.884912,0 142.556934,47.737891,0 142.579004,47.683984,0 142.670117,47.536914,0 142.74541,47.452393,0 142.800781,47.416162,0 142.863965,47.391797,0 142.905469,47.361865,0 142.940332,47.322754,0 143.005566,47.222705,0 143.089258,47.000781,0 143.17793,46.844043,0 143.217676,46.794873,0 143.318652,46.807373,0 143.384375,46.805664,0 143.447266,46.791992,0 143.485645,46.752051,0 143.540332,46.575098,0 143.578711,46.406055,0 143.580664,46.360693,0 143.508594,46.230176,0 143.490625,46.174609,0 143.482324,46.11582,0 143.463477,46.069482,0 143.431641,46.028662,0 143.418652,46.222021,0 143.370313,46.358496,0 143.352148,46.476221,0 143.282324,46.558984,0 143.047852,46.592627,0 142.829297,46.605273,0 142.795508,46.620215,0 142.747363,46.670654,0 142.691895,46.71084,0 142.635742,46.716211,0 142.578027,46.700781,0 142.478809,46.644238,0 142.406445,46.554688,0 142.35,46.458691,0 142.304004,46.357568,0 142.208594,46.088867,0 142.149707,45.999268,0 142.077148,45.917041,0 142.015625,45.961621,0 141.961621,46.013477,0 141.92998,46.088281,0 141.916309,46.170752,0 141.830371,46.451074,0 141.866504,46.694189,0 142.011035,47.030322,0 142.038672,47.140283,0 142.016895,47.244678,0 141.98418,47.347705,0 141.9625,47.543799,0 141.964063,47.587451,0 142.015625,47.700635,0 142.075977,47.80835,0 142.149219,47.902148,0 142.181738,48.013379,0 142.135352,48.290088,0 142.028711,48.4771,0 141.897266,48.654687,0 141.873047,48.701953,0 141.866309,48.750098,0 141.97959,48.972168,0 142.020117,49.078467,0 142.066504,49.312061,0 142.108691,49.439648,0 142.142285,49.569141,0 142.153125,50.216748,0 142.143066,50.312109,0 142.071094,50.51499,0 142.066016,50.630469,0 142.100488,50.776465,0 142.147266,50.890186,0 142.20791,50.998486,0 142.206738,51.222559,0 142.090723,51.429395,0 142.005957,51.520508,0 141.872949,51.630029,0 141.771875,51.690186,0 141.722363,51.736328,0 141.771875,51.751807,0 141.808105,51.789209,0 141.720996,51.846777,0 141.668457,51.93335,0 141.66084,52.272949,0 141.682422,52.359131,0 141.747559,52.454834,0 141.80332,52.555615,0 141.855566,52.793506,0 141.873633,53.038916,0 141.838867,53.138477,0 141.823535,53.339502,0 141.852441,53.389453,0 141.964453,53.456396,0 142.141992,53.495605,0 142.179883,53.484033,0 142.318945,53.405469,0 142.370508,53.402539,0 142.424023,53.410742,0 142.526172,53.447461,0 142.583496,53.536768,0 142.50918,53.587598,0 142.552539,53.652637,0 142.67959,53.674365,0 142.688867,53.730176,0 142.642871,53.736768,0 142.683008,53.816016,0 142.705957,53.895703,0 142.670215,53.968408,0 142.466602,54.148535,0 142.334961,54.280713,0 142.55166,54.278955,0 142.615625,54.303613,0 142.666211,54.358203,0 142.692773,54.416113,0 142.761035,54.393945,0</coordinates>
        </LinearRing>
      </outerBoundaryIs>
    </Polygon>
    <Polygon>
      <outerBoundaryIs>
        <LinearRing>
          <coordinates>-178.876465,71.577051,0 -178.438965,71.541162,0 -178.353564,71.529199,0 -178.214697,71.481641,0 -178.133887,71.465479,0 -178.056641,71.437598,0 -177.974805,71.390527,0 -177.816992,71.33999,0 -177.584131,71.281689,0 -177.532178,71.263086,0 -177.498486,71.219141,0 -177.523584,71.166895,0 -177.821777,71.067578,0 -178.062695,71.041943,0 -178.527979,71.014795,0 -179.156885,70.939844,0 -179.415674,70.918994,0 -179.506689,70.923438,0 -179.734033,70.97168,0 -179.999951,70.993018,0 -179.999951,71.184229,0 -179.999951,71.399707,0 -179.999951,71.537744,0 -179.844873,71.550977,0 -179.691016,71.577979,0 -179.546387,71.582422,0 -179.402051,71.56665,0 -179.256494,71.57168,0 -179.111572,71.596191,0 -178.994043,71.593213,0 -178.876465,71.577051,0</coordinates>
        </LinearRing>
      </outerBoundaryIs>
    </Polygon>
    <Polygon>
      <outerBoundaryIs>
        <LinearRing>
          <coordinates>35.816113,65.18208,0 35.848438,65.142676,0 35.858398,65.07793,0 35.827344,65.036475,0 35.842285,65.001465,0 35.778711,64.97666,0 35.680078,65.057617,0 35.621387,65.058789,0 35.558594,65.093604,0 35.528906,65.151074,0 35.585742,65.16709,0 35.608691,65.157129,0 35.729102,65.197559,0 35.816113,65.18208,0</coordinates>
        </LinearRing>
      </outerBoundaryIs>
    </Polygon>
    <Polygon>
      <outerBoundaryIs>
        <LinearRing>
          <coordinates>42.713672,66.701709,0 42.675586,66.688086,0 42.477344,66.735059,0 42.460059,66.770361,0 42.468555,66.785547,0 42.547461,66.795508,0 42.631445,66.782227,0 42.690723,66.735303,0 42.713672,66.701709,0</coordinates>
        </LinearRing>
      </outerBoundaryIs>
    </Polygon>
    <Polygon>
      <outerBoundaryIs>
        <LinearRing>
          <coordinates>52.90332,71.36499,0 52.994141,71.29126,0 53.074023,71.237939,0 53.141406,71.241895,0 53.192578,71.215283,0 53.205176,71.159717,0 53.071484,71.065039,0 53.048145,71.030957,0 53.105762,70.999268,0 53.120996,70.982031,0 53.022656,70.968701,0 53.004492,71.011621,0 52.949609,71.053613,0 52.835352,71.08584,0 52.788965,71.114941,0 52.738379,71.180664,0 52.546582,71.250439,0 52.425488,71.239258,0 52.289453,71.270361,0 52.249609,71.284912,0 52.239844,71.325049,0 52.296582,71.356836,0 52.512598,71.385059,0 52.617383,71.38335,0 52.729688,71.355127,0 52.720313,71.389795,0 52.732227,71.403711,0 52.776758,71.399805,0 52.90332,71.36499,0</coordinates>
        </LinearRing>
      </outerBoundaryIs>
    </Polygon>
    <Polygon>
      <outerBoundaryIs>
        <LinearRing>
          <coordinates>168.039062,54.56499,0 168.081348,54.512744,0 167.677344,54.697656,0 167.488086,54.794971,0 167.441504,54.855859,0 167.511719,54.856934,0 167.59248,54.797754,0 167.710645,54.770166,0 167.882617,54.690479,0 168.039062,54.56499,0</coordinates>
        </LinearRing>
      </outerBoundaryIs>
    </Polygon>
    <Polygon>
      <outerBoundaryIs>
        <LinearRing>
          <coordinates>160.718945,70.822705,0 160.651367,70.805859,0 160.504785,70.819727,0 160.436914,70.851025,0 160.44043,70.922656,0 160.448535,70.934033,0 160.56582,70.923779,0 160.644922,70.883545,0 160.718945,70.822705,0</coordinates>
        </LinearRing>
      </outerBoundaryIs>
    </Polygon>
    <Polygon>
      <outerBoundaryIs>
        <LinearRing>
          <coordinates>161.46709,68.900977,0 161.422461,68.899658,0 161.45625,68.966016,0 161.461133,68.995605,0 161.364063,69.044434,0 161.18252,69.081592,0 161.136523,69.110254,0 161.125488,69.197021,0 161.164551,69.333594,0 161.082813,69.405664,0 161.110742,69.469824,0 161.32334,69.540918,0 161.409766,69.595703,0 161.505176,69.639453,0 161.520703,69.634033,0 161.617773,69.592432,0 161.609277,69.500928,0 161.540332,69.436523,0 161.374414,69.413672,0 161.350879,69.369336,0 161.372656,69.292822,0 161.377539,69.194434,0 161.394238,69.106445,0 161.494727,69.016016,0 161.516992,68.96958,0 161.506738,68.927588,0 161.46709,68.900977,0</coordinates>
        </LinearRing>
      </outerBoundaryIs>
    </Polygon>
    <Polygon>
      <outerBoundaryIs>
        <LinearRing>
          <coordinates>152.885938,76.121729,0 152.786328,76.085791,0 152.558594,76.143604,0 152.642773,76.174805,0 152.799414,76.194824,0 152.835059,76.185156,0 152.86377,76.163428,0 152.885938,76.121729,0</coordinates>
        </LinearRing>
      </outerBoundaryIs>
    </Polygon>
    <Polygon>
      <outerBoundaryIs>
        <LinearRing>
          <coordinates>149.150195,76.659912,0 148.398633,76.648242,0 148.448145,76.676953,0 148.719629,76.746582,0 149.406445,76.78208,0 149.268359,76.747217,0 149.204785,76.677002,0 149.150195,76.659912,0</coordinates>
        </LinearRing>
      </outerBoundaryIs>
    </Polygon>
    <Polygon>
      <outerBoundaryIs>
        <LinearRing>
          <coordinates>137.959863,71.507666,0 137.711816,71.423242,0 137.612891,71.433936,0 137.511816,71.474609,0 137.457813,71.483496,0 137.403223,71.477295,0 137.344238,71.460547,0 137.265527,71.455908,0 137.078711,71.502197,0 137.064063,71.529883,0 137.081836,71.542725,0 137.129492,71.556152,0 137.168164,71.557129,0 137.281836,71.579932,0 137.816797,71.587891,0 137.857617,71.583057,0 137.933789,71.542773,0 137.959863,71.507666,0</coordinates>
        </LinearRing>
      </outerBoundaryIs>
    </Polygon>
    <Polygon>
      <outerBoundaryIs>
        <LinearRing>
          <coordinates>107.695508,78.130908,0 107.60625,78.082568,0 107.481641,78.057764,0 107.343848,78.098584,0 107.00166,78.095654,0 106.415527,78.139844,0 106.583301,78.167578,0 107.508301,78.189404,0 107.573242,78.185547,0 107.695508,78.130908,0</coordinates>
        </LinearRing>
      </outerBoundaryIs>
    </Polygon>
    <Polygon>
      <outerBoundaryIs>
        <LinearRing>
          <coordinates>112.478027,76.620898,0 112.63252,76.552979,0 112.66084,76.50957,0 112.61416,76.499268,0 112.586523,76.482959,0 112.574805,76.452393,0 112.531641,76.450049,0 112.394824,76.483789,0 112.296875,76.537988,0 112.153809,76.549316,0 112.002734,76.602979,0 111.968945,76.626172,0 112.011133,76.632861,0 112.281445,76.618359,0 112.394141,76.643799,0 112.478027,76.620898,0</coordinates>
        </LinearRing>
      </outerBoundaryIs>
    </Polygon>
    <Polygon>
      <outerBoundaryIs>
        <LinearRing>
          <coordinates>96.532422,76.278125,0 96.613965,76.263818,0 96.589648,76.22124,0 96.486719,76.23374,0 96.350781,76.212158,0 96.353418,76.17749,0 96.300586,76.121729,0 96.108789,76.155469,0 95.844531,76.160254,0 95.678613,76.193652,0 95.311133,76.214746,0 95.32207,76.261621,0 95.379883,76.289062,0 95.594434,76.249609,0 95.78623,76.293896,0 96.150977,76.271875,0 96.270703,76.305371,0 96.532422,76.278125,0</coordinates>
        </LinearRing>
      </outerBoundaryIs>
    </Polygon>
    <Polygon>
      <outerBoundaryIs>
        <LinearRing>
          <coordinates>96.285449,77.02666,0 96.253516,77.007275,0 96.209863,76.992139,0 96.091406,77.002539,0 95.854688,76.974951,0 95.76582,76.990625,0 95.680859,77.021338,0 95.364062,77.011523,0 95.270312,77.018848,0 95.420703,77.056494,0 95.854102,77.097559,0 96.528418,77.205518,0 96.561914,77.154053,0 96.561328,77.12959,0 96.424316,77.071191,0 96.285449,77.02666,0</coordinates>
        </LinearRing>
      </outerBoundaryIs>
    </Polygon>
    <Polygon>
      <outerBoundaryIs>
        <LinearRing>
          <coordinates>89.514258,77.188818,0 89.299512,77.183984,0 89.179297,77.209912,0 89.141699,77.226807,0 89.200488,77.271973,0 89.281543,77.301465,0 89.616211,77.311035,0 89.67959,77.280322,0 89.66582,77.254492,0 89.514258,77.188818,0</coordinates>
        </LinearRing>
      </outerBoundaryIs>
    </Polygon>
    <Polygon>
      <outerBoundaryIs>
        <LinearRing>
          <coordinates>74.660547,72.873437,0 74.638379,72.86377,0 74.588086,72.881152,0 74.434766,72.907666,0 74.180664,72.975342,0 74.100195,73.021533,0 74.142383,73.074365,0 74.198535,73.109082,0 74.408789,73.130469,0 74.599902,73.121777,0 74.725293,73.108154,0 74.961523,73.0625,0 74.742578,73.032715,0 74.647266,72.969043,0 74.660156,72.929297,0 74.697168,72.907715,0 74.660547,72.873437,0</coordinates>
        </LinearRing>
      </outerBoundaryIs>
    </Polygon>
    <Polygon>
      <outerBoundaryIs>
        <LinearRing>
          <coordinates>75.503711,73.456641,0 75.344336,73.432275,0 75.375,73.477393,0 75.569727,73.540625,0 75.930176,73.573633,0 76.039453,73.559912,0 76.051562,73.549268,0 75.900977,73.481494,0 75.827148,73.459131,0 75.503711,73.456641,0</coordinates>
        </LinearRing>
      </outerBoundaryIs>
    </Polygon>
    <Polygon>
      <outerBoundaryIs>
        <LinearRing>
          <coordinates>83.549023,74.071777,0 83.495801,74.048438,0 83.45,74.05166,0 83.410645,74.039551,0 83.158984,74.075342,0 82.817773,74.091602,0 82.90293,74.128906,0 83.149805,74.151611,0 83.513477,74.122363,0 83.618359,74.089453,0 83.549023,74.071777,0</coordinates>
        </LinearRing>
      </outerBoundaryIs>
    </Polygon>
    <Polygon>
      <outerBoundaryIs>
        <LinearRing>
          <coordinates>67.344922,69.529834,0 67.263965,69.442529,0 67.097852,69.447168,0 67.047266,69.467041,0 67.025879,69.483203,0 67.216113,69.575391,0 67.328906,69.572119,0 67.344922,69.529834,0</coordinates>
        </LinearRing>
      </outerBoundaryIs>
    </Polygon>
    <Polygon>
      <outerBoundaryIs>
        <LinearRing>
          <coordinates>66.560938,70.541748,0 66.568555,70.501465,0 66.51582,70.514893,0 66.448633,70.561035,0 66.407617,70.615771,0 66.394824,70.727295,0 66.418164,70.757129,0 66.440234,70.772656,0 66.462891,70.769336,0 66.457715,70.698779,0 66.560938,70.541748,0</coordinates>
        </LinearRing>
      </outerBoundaryIs>
    </Polygon>
    <Polygon>
      <outerBoundaryIs>
        <LinearRing>
          <coordinates>70.020703,66.502197,0 69.844727,66.489746,0 69.651367,66.565332,0 69.469336,66.715967,0 69.502734,66.751074,0 69.616406,66.739014,0 69.800391,66.736475,0 69.917578,66.71167,0 70.07666,66.695898,0 70.057617,66.627197,0 70.057227,66.599463,0 70.110059,66.569092,0 70.05918,66.517578,0 70.020703,66.502197,0</coordinates>
        </LinearRing>
      </outerBoundaryIs>
    </Polygon>
    <Polygon>
      <outerBoundaryIs>
        <LinearRing>
          <coordinates>50.051758,80.074316,0 49.970898,80.060742,0 49.588281,80.136133,0 49.556055,80.158936,0 49.883691,80.230225,0 50.250977,80.219482,0 50.309961,80.185645,0 50.319141,80.172363,0 50.072266,80.109473,0 50.051758,80.074316,0</coordinates>
        </LinearRing>
      </outerBoundaryIs>
    </Polygon>
    <Polygon>
      <outerBoundaryIs>
        <LinearRing>
          <coordinates>51.409277,79.944238,0 51.435156,79.931934,0 51.43125,79.920508,0 51.07627,79.931982,0 50.454102,79.924414,0 50.091406,79.980566,0 50.472656,80.035449,0 50.675781,80.048535,0 50.936328,80.094238,0 51.254395,80.048633,0 51.237891,80.010352,0 51.242773,79.99126,0 51.326953,79.972314,0 51.409277,79.944238,0</coordinates>
        </LinearRing>
      </outerBoundaryIs>
    </Polygon>
    <Polygon>
      <outerBoundaryIs>
        <LinearRing>
          <coordinates>50.753711,81.047412,0 50.616016,81.04126,0 50.518164,81.045557,0 50.411914,81.084375,0 50.377441,81.102734,0 50.368457,81.12251,0 50.464941,81.126221,0 50.505957,81.144238,0 50.521582,81.158203,0 50.591797,81.169434,0 50.715918,81.170654,0 50.878613,81.150879,0 50.946191,81.108154,0 50.78877,81.071826,0 50.753711,81.047412,0</coordinates>
        </LinearRing>
      </outerBoundaryIs>
    </Polygon>
    <Polygon>
      <outerBoundaryIs>
        <LinearRing>
          <coordinates>55.479688,80.273828,0 55.195117,80.226807,0 55.048438,80.228369,0 54.979688,80.256445,0 55.091602,80.295557,0 55.240039,80.325391,0 55.353223,80.317676,0 55.434766,80.302246,0 55.479688,80.273828,0</coordinates>
        </LinearRing>
      </outerBoundaryIs>
    </Polygon>
    <Polygon>
      <outerBoundaryIs>
        <LinearRing>
          <coordinates>54.415332,80.472803,0 54.275879,80.421338,0 53.811914,80.476221,0 53.85,80.503857,0 53.900195,80.51543,0 53.901563,80.54248,0 53.858887,80.563037,0 53.877246,80.605273,0 54.176758,80.574365,0 54.205371,80.561768,0 54.407129,80.540137,0 54.437305,80.498682,0 54.415332,80.472803,0</coordinates>
        </LinearRing>
      </outerBoundaryIs>
    </Polygon>
    <Polygon>
      <outerBoundaryIs>
        <LinearRing>
          <coordinates>59.688867,79.955811,0 59.330664,79.923047,0 59.202637,79.932959,0 59.169238,79.948291,0 59.100391,79.96416,0 58.919238,79.984619,0 58.946094,80.042334,0 59.001465,80.053906,0 59.544531,80.118848,0 59.80166,80.082666,0 59.911035,79.994287,0 59.688867,79.955811,0</coordinates>
        </LinearRing>
      </outerBoundaryIs>
    </Polygon>
    <Polygon>
      <outerBoundaryIs>
        <LinearRing>
          <coordinates>58.622363,81.04165,0 58.761523,80.990967,0 58.815332,80.933594,0 58.902539,80.897656,0 58.930566,80.831689,0 58.859961,80.779395,0 58.641895,80.767969,0 58.285645,80.764893,0 57.937891,80.793359,0 57.749805,80.889062,0 57.405176,80.915137,0 57.210938,81.01709,0 57.410254,81.046777,0 57.65625,81.031543,0 58.049512,81.118457,0 58.102344,81.114258,0 58.189941,81.09458,0 58.507617,81.061768,0 58.622363,81.04165,0</coordinates>
        </LinearRing>
      </outerBoundaryIs>
    </Polygon>
    <Polygon>
      <outerBoundaryIs>
        <LinearRing>
          <coordinates>47.983008,45.488232,0 47.967676,45.469971,0 47.920313,45.562061,0 47.917578,45.618164,0 47.947168,45.64707,0 47.987109,45.554053,0 47.983008,45.488232,0</coordinates>
        </LinearRing>
      </outerBoundaryIs>
    </Polygon>
    <Polygon>
      <outerBoundaryIs>
        <LinearRing>
          <coordinates>50.265234,69.185596,0 50.283008,69.088867,0 50.220605,69.048779,0 50.164453,69.037549,0 50.140918,69.098145,0 50.093945,69.125537,0 49.920801,69.053271,0 49.839844,68.973779,0 49.62627,68.859717,0 49.180469,68.778418,0 48.910352,68.743066,0 48.666992,68.733154,0 48.439063,68.804883,0 48.315918,68.942383,0 48.294434,68.984229,0 48.278809,69.040332,0 48.280273,69.096631,0 48.296289,69.183887,0 48.319922,69.269238,0 48.413867,69.345654,0 48.631348,69.436035,0 48.844922,69.494727,0 48.95332,69.509277,0 49.225195,69.51123,0 49.996289,69.309424,0 50.167285,69.25708,0 50.265234,69.185596,0</coordinates>
        </LinearRing>
      </outerBoundaryIs>
    </Polygon>
    <Polygon>
      <outerBoundaryIs>
        <LinearRing>
          <coordinates>63.373828,80.700098,0 63.187598,80.697607,0 63.002148,80.712842,0 62.760449,80.762695,0 62.520313,80.821875,0 62.592578,80.853027,0 62.819336,80.893799,0 63.11582,80.966797,0 63.614746,80.980908,0 63.855957,80.981152,0 64.095703,80.99834,0 64.165918,81.035742,0 64.210449,81.106348,0 64.255859,81.144434,0 64.310156,81.175195,0 64.575391,81.198486,0 64.802051,81.197266,0 65.027734,81.169482,0 65.171973,81.144043,0 65.309766,81.096436,0 65.382031,81.056738,0 65.360059,81.008203,0 65.37207,80.968018,0 65.437402,80.930713,0 64.997461,80.818896,0 64.54834,80.75542,0 63.373828,80.700098,0</coordinates>
        </LinearRing>
      </outerBoundaryIs>
    </Polygon>
    <Polygon>
      <outerBoundaryIs>
        <LinearRing>
          <coordinates>57.95625,80.123242,0 57.800098,80.104053,0 57.392285,80.13916,0 57.332324,80.158105,0 57.281445,80.193896,0 57.214063,80.328271,0 57.211719,80.368457,0 57.18623,80.39624,0 57.083398,80.445215,0 57.011133,80.468311,0 57.075,80.493945,0 57.521973,80.475391,0 58.480469,80.464746,0 58.97168,80.415869,0 59.115918,80.388428,0 59.255469,80.343213,0 58.397949,80.31875,0 58.283887,80.297803,0 58.285742,80.248145,0 58.255469,80.201807,0 58.163184,80.196533,0 57.95625,80.123242,0</coordinates>
        </LinearRing>
      </outerBoundaryIs>
    </Polygon>
    <Polygon>
      <outerBoundaryIs>
        <LinearRing>
          <coordinates>62.167773,80.834766,0 62.227734,80.794385,0 62.191797,80.730225,0 62.114551,80.683691,0 62.075781,80.616943,0 61.769141,80.601025,0 61.68125,80.586328,0 61.597461,80.534961,0 61.285156,80.504736,0 61.05127,80.418604,0 60.722266,80.434668,0 60.27832,80.494434,0 59.900195,80.446094,0 59.649805,80.43125,0 59.346387,80.505029,0 59.304395,80.521533,0 59.288184,80.572656,0 59.30625,80.617773,0 59.386523,80.712549,0 59.495117,80.766504,0 59.549414,80.783594,0 59.592285,80.816504,0 59.71582,80.836377,0 60.094531,80.848584,0 60.234961,80.837744,0 60.278027,80.801465,0 60.481543,80.804248,0 60.820215,80.826562,0 61.313184,80.862646,0 61.597461,80.89292,0 61.850586,80.885937,0 62.10293,80.866602,0 62.167773,80.834766,0</coordinates>
        </LinearRing>
      </outerBoundaryIs>
    </Polygon>
    <Polygon>
      <outerBoundaryIs>
        <LinearRing>
          <coordinates>61.14082,80.950342,0 60.826758,80.929688,0 60.321094,80.955518,0 60.058203,80.984619,0 60.07832,80.99917,0 60.147559,81.01665,0 60.586621,81.087695,0 61.457422,81.103955,0 61.567383,81.050293,0 61.471973,81.011035,0 61.14082,80.950342,0</coordinates>
        </LinearRing>
      </outerBoundaryIs>
    </Polygon>
    <Polygon>
      <outerBoundaryIs>
        <LinearRing>
          <coordinates>53.521387,80.185205,0 52.856348,80.173242,0 52.635938,80.178857,0 52.607031,80.191162,0 52.550488,80.201855,0 52.343555,80.213232,0 52.213379,80.263721,0 52.270215,80.276318,0 52.57666,80.296924,0 52.680566,80.318506,0 52.716016,80.347559,0 52.853906,80.402393,0 53.185645,80.412646,0 53.329199,80.402393,0 53.345898,80.366309,0 53.486133,80.323389,0 53.85166,80.268359,0 53.77793,80.22832,0 53.65293,80.222559,0 53.521387,80.185205,0</coordinates>
        </LinearRing>
      </outerBoundaryIs>
    </Polygon>
    <Polygon>
      <outerBoundaryIs>
        <LinearRing>
          <coordinates>57.078711,80.350928,0 57.122656,80.316992,0 57.118945,80.193945,0 57.072754,80.139404,0 57.080176,80.094678,0 56.986914,80.071484,0 56.200586,80.076465,0 55.811621,80.087158,0 55.724023,80.104736,0 55.942285,80.163281,0 56.012207,80.203906,0 55.989844,80.320068,0 56.024414,80.341309,0 56.655078,80.330322,0 56.707227,80.363281,0 56.944531,80.366162,0 57.078711,80.350928,0</coordinates>
        </LinearRing>
      </outerBoundaryIs>
    </Polygon>
    <Polygon>
      <outerBoundaryIs>
        <LinearRing>
          <coordinates>57.810254,81.546045,0 57.862695,81.506445,0 58.016602,81.483789,0 58.436035,81.46416,0 58.563867,81.418408,0 58.371875,81.386963,0 57.858691,81.368066,0 57.911914,81.303271,0 58.015332,81.254834,0 57.912891,81.19751,0 57.769727,81.169727,0 57.450977,81.135547,0 57.159473,81.178467,0 56.821875,81.237939,0 56.669238,81.198291,0 56.5125,81.175244,0 56.363965,81.178613,0 56.191992,81.223975,0 55.716699,81.188477,0 55.572656,81.228076,0 55.466016,81.311182,0 55.781934,81.329443,0 56.156836,81.303076,0 56.404688,81.387012,0 56.71875,81.423389,0 56.973047,81.510547,0 57.091504,81.541211,0 57.365039,81.535254,0 57.456445,81.542871,0 57.716602,81.564648,0 57.810254,81.546045,0</coordinates>
        </LinearRing>
      </outerBoundaryIs>
    </Polygon>
    <Polygon>
      <outerBoundaryIs>
        <LinearRing>
          <coordinates>54.718945,81.115967,0 55.470703,81.019873,0 56.170117,81.02915,0 56.472266,80.998242,0 56.909668,80.912891,0 57.567773,80.819727,0 57.694141,80.792285,0 57.580371,80.755469,0 56.814746,80.663623,0 56.315527,80.632861,0 55.883398,80.628418,0 55.7125,80.637305,0 55.540625,80.70332,0 55.117188,80.751904,0 54.668164,80.738672,0 54.62334,80.765234,0 54.532813,80.783008,0 54.376074,80.786963,0 54.066602,80.813623,0 54.04541,80.871973,0 54.240527,80.901855,0 54.367285,80.903809,0 54.416797,80.986523,0 54.633984,81.113184,0 54.718945,81.115967,0</coordinates>
        </LinearRing>
      </outerBoundaryIs>
    </Polygon>
    <Polygon>
      <outerBoundaryIs>
        <LinearRing>
          <coordinates>63.650977,81.609326,0 63.528516,81.596582,0 62.884961,81.608887,0 62.573047,81.633057,0 62.53125,81.647021,0 62.515234,81.659131,0 62.106445,81.679346,0 62.283984,81.706543,0 62.794922,81.718945,0 63.70957,81.687305,0 63.767383,81.66416,0 63.782422,81.649805,0 63.650977,81.609326,0</coordinates>
        </LinearRing>
      </outerBoundaryIs>
    </Polygon>
    <Polygon>
      <outerBoundaryIs>
        <LinearRing>
          <coordinates>58.29541,81.715186,0 57.964844,81.695654,0 57.920605,81.710498,0 57.909277,81.721924,0 57.945117,81.747852,0 57.984961,81.797021,0 58.13457,81.827979,0 59.261816,81.854199,0 59.408496,81.825439,0 59.356836,81.780957,0 59.356445,81.758984,0 58.29541,81.715186,0</coordinates>
        </LinearRing>
      </outerBoundaryIs>
    </Polygon>
    <Polygon>
      <outerBoundaryIs>
        <LinearRing>
          <coordinates>92.683496,79.685205,0 92.440625,79.675488,0 92.153711,79.684668,0 91.683594,79.790576,0 91.37627,79.835498,0 91.126074,79.904932,0 91.070312,79.981494,0 91.229297,80.030713,0 91.425977,80.049219,0 91.751953,80.052295,0 92.173438,80.045459,0 92.592773,79.996533,0 93.481543,79.941113,0 93.803125,79.904541,0 93.603516,79.816748,0 93.382031,79.783887,0 93.155078,79.737598,0 92.92627,79.704492,0 92.683496,79.685205,0</coordinates>
        </LinearRing>
      </outerBoundaryIs>
    </Polygon>
    <Polygon>
      <outerBoundaryIs>
        <LinearRing>
          <coordinates>91.567187,81.141211,0 91.222852,81.063818,0 89.975781,81.113135,0 89.919434,81.14873,0 89.901172,81.170703,0 90.069922,81.213721,0 91.108984,81.199121,0 91.477832,81.183936,0 91.567187,81.141211,0</coordinates>
        </LinearRing>
      </outerBoundaryIs>
    </Polygon>
    <Polygon>
      <outerBoundaryIs>
        <LinearRing>
          <coordinates>141.010254,73.999463,0 140.507227,73.918652,0 140.409473,73.92168,0 140.183203,74.00459,0 140.101562,74.184277,0 140.193555,74.236719,0 140.300293,74.257227,0 140.407422,74.266455,0 140.849219,74.273779,0 140.944336,74.264648,0 141.038574,74.242725,0 141.079492,74.209326,0 141.097461,74.167822,0 141.046875,74.050391,0 141.010254,73.999463,0</coordinates>
        </LinearRing>
      </outerBoundaryIs>
    </Polygon>
    <Polygon>
      <outerBoundaryIs>
        <LinearRing>
          <coordinates>142.184863,73.895898,0 142.435059,73.851562,0 142.63916,73.803076,0 143.34375,73.56875,0 143.410742,73.52085,0 143.463965,73.458887,0 143.491309,73.246436,0 143.451465,73.231299,0 143.193262,73.220752,0 142.841602,73.244824,0 142.586914,73.25332,0 142.342188,73.252881,0 142.126367,73.281689,0 141.59668,73.31084,0 141.182715,73.389209,0 140.754004,73.446045,0 140.662793,73.452002,0 140.39248,73.435352,0 140.026953,73.361426,0 139.925098,73.355225,0 139.785547,73.355225,0 139.685547,73.425732,0 139.920117,73.448584,0 140.155176,73.45752,0 140.380664,73.483008,0 140.593555,73.564551,0 140.697461,73.62915,0 140.883789,73.777539,0 140.983594,73.831543,0 141.084766,73.865869,0 141.189941,73.876465,0 141.311914,73.871875,0 141.681934,73.904199,0 141.931836,73.914941,0 142.184863,73.895898,0</coordinates>
        </LinearRing>
      </outerBoundaryIs>
    </Polygon>
    <Polygon>
      <outerBoundaryIs>
        <LinearRing>
          <coordinates>135.948633,75.40957,0 135.745898,75.381982,0 135.451953,75.389551,0 135.473047,75.463232,0 135.523438,75.49585,0 135.592676,75.576465,0 135.56123,75.636475,0 135.578418,75.709961,0 135.613867,75.766309,0 135.698633,75.845264,0 135.788281,75.798486,0 135.849219,75.729248,0 135.904785,75.694385,0 136.127344,75.625586,0 136.168945,75.605566,0 135.983398,75.521924,0 135.965137,75.486133,0 136.020508,75.438379,0 135.948633,75.40957,0</coordinates>
        </LinearRing>
      </outerBoundaryIs>
    </Polygon>
    <Polygon>
      <outerBoundaryIs>
        <LinearRing>
          <coordinates>136.197461,73.913623,0 136.12168,73.88501,0 136.051465,73.929102,0 135.714551,74.059521,0 135.633398,74.121436,0 135.448633,74.179688,0 135.402441,74.201709,0 135.387012,74.253369,0 135.62832,74.219922,0 136.036816,74.090332,0 136.25918,73.984961,0 136.197461,73.913623,0</coordinates>
        </LinearRing>
      </outerBoundaryIs>
    </Polygon>
    <Polygon>
      <outerBoundaryIs>
        <LinearRing>
          <coordinates>137.940527,55.092627,0 138.03125,55.05332,0 138.17207,55.060059,0 138.206152,55.033545,0 138.096484,54.990918,0 138.016602,54.900879,0 137.991211,54.820703,0 137.959473,54.789014,0 137.870117,54.749561,0 137.790234,54.696924,0 137.721484,54.663232,0 137.661133,54.653271,0 137.525586,54.82583,0 137.462695,54.873389,0 137.276074,54.792383,0 137.23291,54.790576,0 137.275195,54.891016,0 137.384375,55.000684,0 137.435547,55.016016,0 137.543652,55.163086,0 137.577344,55.197021,0 137.910449,55.110059,0 137.940527,55.092627,0</coordinates>
        </LinearRing>
      </outerBoundaryIs>
    </Polygon>
    <Polygon>
      <outerBoundaryIs>
        <LinearRing>
          <coordinates>169.200781,69.580469,0 168.915723,69.571436,0 168.348047,69.664355,0 168.144336,69.71333,0 167.992676,69.77583,0 167.821289,69.819629,0 167.788867,69.836865,0 167.813965,69.873047,0 167.864746,69.901074,0 168.05957,69.974902,0 168.196289,70.008398,0 168.35791,70.015674,0 169.374805,69.882617,0 169.420703,69.856055,0 169.433594,69.832178,0 169.418164,69.779199,0 169.332422,69.76958,0 169.299121,69.734766,0 169.263379,69.628711,0 169.245801,69.601123,0 169.200781,69.580469,0</coordinates>
        </LinearRing>
      </outerBoundaryIs>
    </Polygon>
    <Polygon>
      <outerBoundaryIs>
        <LinearRing>
          <coordinates>163.635156,58.603369,0 163.471387,58.509375,0 163.447266,58.524658,0 163.431836,58.546143,0 163.427246,58.578955,0 163.576758,58.640869,0 163.726562,58.798535,0 163.784473,58.929736,0 163.766602,58.972363,0 163.760938,59.015039,0 164.202148,59.096191,0 164.517383,59.226758,0 164.572656,59.221143,0 164.629297,59.112207,0 164.661621,58.970752,0 164.615723,58.885596,0 164.278809,58.838086,0 163.960059,58.74375,0 163.635156,58.603369,0</coordinates>
        </LinearRing>
      </outerBoundaryIs>
    </Polygon>
    <Polygon>
      <outerBoundaryIs>
        <LinearRing>
          <coordinates>166.650293,54.839062,0 166.645117,54.694092,0 166.521289,54.767627,0 166.463672,54.826855,0 166.381738,54.838086,0 166.324805,54.864551,0 166.229883,54.936523,0 166.119727,55.030371,0 166.082324,55.076563,0 166.066309,55.135693,0 165.991895,55.190479,0 165.751074,55.294531,0 165.830469,55.306934,0 165.93125,55.351465,0 166.211914,55.323975,0 166.275781,55.311963,0 166.22998,55.242334,0 166.248047,55.16543,0 166.404297,55.005615,0 166.479492,54.949902,0 166.577344,54.907715,0 166.650293,54.839062,0</coordinates>
        </LinearRing>
      </outerBoundaryIs>
    </Polygon>
    <Polygon>
      <outerBoundaryIs>
        <LinearRing>
          <coordinates>154.810449,49.312012,0 154.714844,49.267676,0 154.610938,49.294043,0 154.612988,49.380615,0 154.824902,49.646924,0 154.899609,49.630371,0 154.883301,49.566406,0 154.802344,49.468262,0 154.829883,49.3479,0 154.810449,49.312012,0</coordinates>
        </LinearRing>
      </outerBoundaryIs>
    </Polygon>
    <Polygon>
      <outerBoundaryIs>
        <LinearRing>
          <coordinates>156.405078,50.657617,0 156.36543,50.633789,0 156.325781,50.639062,0 156.196289,50.702148,0 156.167969,50.731885,0 156.213086,50.784717,0 156.376465,50.862109,0 156.455859,50.85957,0 156.4875,50.842969,0 156.483105,50.751221,0 156.405078,50.657617,0</coordinates>
        </LinearRing>
      </outerBoundaryIs>
    </Polygon>
    <Polygon>
      <outerBoundaryIs>
        <LinearRing>
          <coordinates>155.921094,50.302197,0 155.792383,50.202051,0 155.60752,50.177246,0 155.516406,50.145605,0 155.448926,50.077783,0 155.397168,50.04126,0 155.288672,50.061182,0 155.243066,50.094629,0 155.243066,50.212793,0 155.195117,50.264551,0 155.218359,50.297852,0 155.326758,50.293262,0 155.433887,50.368945,0 155.680176,50.400732,0 155.772754,50.482422,0 155.884766,50.684131,0 156.00166,50.756934,0 156.096875,50.771875,0 156.122852,50.671289,0 156.100586,50.559277,0 156.044434,50.451758,0 155.921094,50.302197,0</coordinates>
        </LinearRing>
      </outerBoundaryIs>
    </Polygon>
    <Polygon>
      <outerBoundaryIs>
        <LinearRing>
          <coordinates>154.08125,48.790283,0 154.042969,48.73877,0 154.000684,48.755713,0 153.992285,48.77251,0 154.091699,48.832129,0 154.126367,48.904443,0 154.199023,48.904932,0 154.228418,48.89209,0 154.204688,48.857178,0 154.08125,48.790283,0</coordinates>
        </LinearRing>
      </outerBoundaryIs>
    </Polygon>
    <Polygon>
      <outerBoundaryIs>
        <LinearRing>
          <coordinates>155.644824,50.821924,0 155.553516,50.810596,0 155.512793,50.837305,0 155.483496,50.869629,0 155.467383,50.913574,0 155.568555,50.934473,0 155.639648,50.910498,0 155.653613,50.845361,0 155.644824,50.821924,0</coordinates>
        </LinearRing>
      </outerBoundaryIs>
    </Polygon>
    <Polygon>
      <outerBoundaryIs>
        <LinearRing>
          <coordinates>153.101074,47.762939,0 153.053809,47.706104,0 153.004102,47.713477,0 152.984277,47.72793,0 153.049121,47.797021,0 153.079199,47.80874,0 153.101074,47.762939,0</coordinates>
        </LinearRing>
      </outerBoundaryIs>
    </Polygon>
    <Polygon>
      <outerBoundaryIs>
        <LinearRing>
          <coordinates>152.002051,46.897168,0 151.815625,46.787109,0 151.754102,46.78833,0 151.723438,46.828809,0 151.715332,46.852686,0 151.864355,46.868994,0 152.039844,47.01499,0 152.16582,47.110449,0 152.234668,47.143408,0 152.288867,47.142187,0 152.002051,46.897168,0</coordinates>
        </LinearRing>
      </outerBoundaryIs>
    </Polygon>
    <Polygon>
      <outerBoundaryIs>
        <LinearRing>
          <coordinates>149.687695,45.642041,0 149.538867,45.591357,0 149.44707,45.593359,0 149.665918,45.839795,0 149.796289,45.876074,0 149.962305,46.021924,0 150.308789,46.200342,0 150.348633,46.213428,0 150.553125,46.208545,0 150.23457,46.012305,0 150.19502,45.933203,0 150.056641,45.849365,0 149.954102,45.822461,0 149.883398,45.783154,0 149.687695,45.642041,0</coordinates>
        </LinearRing>
      </outerBoundaryIs>
    </Polygon>
    <Polygon>
      <outerBoundaryIs>
        <LinearRing>
          <coordinates>148.599512,45.317627,0 148.414648,45.247168,0 148.262305,45.216846,0 148.005273,45.070166,0 147.91377,44.990381,0 147.784082,44.958594,0 147.657813,44.977148,0 147.621875,44.944727,0 147.60957,44.886572,0 147.563086,44.835547,0 147.310156,44.677637,0 147.207422,44.553564,0 147.098438,44.53125,0 146.897461,44.404297,0 146.933496,44.513086,0 146.974219,44.565723,0 147.140918,44.66333,0 147.154785,44.766211,0 147.246582,44.856055,0 147.430469,44.945215,0 147.557813,45.062451,0 147.65791,45.093018,0 147.769434,45.190723,0 147.885547,45.225635,0 147.872656,45.300293,0 147.924023,45.383301,0 147.964551,45.377734,0 148.056055,45.262109,0 148.130078,45.258203,0 148.324219,45.282422,0 148.612305,45.484668,0 148.706641,45.520654,0 148.772656,45.526465,0 148.812207,45.51001,0 148.826172,45.486084,0 148.825391,45.455908,0 148.803027,45.413525,0 148.837109,45.362695,0 148.790723,45.323975,0 148.599512,45.317627,0</coordinates>
        </LinearRing>
      </outerBoundaryIs>
    </Polygon>
    <Polygon>
      <outerBoundaryIs>
        <LinearRing>
          <coordinates>146.713965,43.743799,0 146.683008,43.716357,0 146.608594,43.740479,0 146.613477,43.797021,0 146.621973,43.812988,0 146.824609,43.860498,0 146.884082,43.82915,0 146.899023,43.80415,0 146.713965,43.743799,0</coordinates>
        </LinearRing>
      </outerBoundaryIs>
    </Polygon>
    <Polygon>
      <outerBoundaryIs>
        <LinearRing>
          <coordinates>146.207617,44.497656,0 146.355957,44.424609,0 146.567773,44.44043,0 146.516211,44.374658,0 146.436523,44.375684,0 146.296191,44.280957,0 146.172949,44.268652,0 146.112305,44.245947,0 145.914062,44.103711,0 145.887305,44.047754,0 145.766992,43.940723,0 145.586816,43.845117,0 145.555859,43.6646,0 145.439258,43.737061,0 145.426172,43.810352,0 145.461719,43.870898,0 145.666309,43.999072,0 145.74834,44.071533,0 145.77334,44.129004,0 145.851953,44.193018,0 145.890234,44.248584,0 145.94043,44.272656,0 146.112109,44.500146,0 146.207617,44.497656,0</coordinates>
        </LinearRing>
      </outerBoundaryIs>
    </Polygon>
    <Polygon>
      <outerBoundaryIs>
        <LinearRing>
          <coordinates>113.387207,74.400439,0 113.353125,74.352979,0 113.299219,74.317139,0 113.258887,74.272705,0 113.190234,74.239307,0 112.977637,74.196826,0 112.811328,74.10293,0 112.782422,74.095068,0 112.195801,74.14624,0 112.105078,74.163232,0 111.912109,74.219238,0 111.642969,74.272949,0 111.503418,74.353076,0 111.570117,74.368311,0 111.6375,74.374316,0 111.879785,74.363818,0 111.949219,74.38877,0 111.982813,74.456299,0 111.989355,74.49624,0 112.007617,74.526758,0 112.084473,74.548975,0 112.951758,74.47959,0 113.28623,74.441016,0 113.387207,74.400439,0</coordinates>
        </LinearRing>
      </outerBoundaryIs>
    </Polygon>
    <Polygon>
      <outerBoundaryIs>
        <LinearRing>
          <coordinates>76.248926,79.651074,0 76.372559,79.615234,0 76.467383,79.643164,0 77.360156,79.556836,0 77.549316,79.524414,0 77.588965,79.501904,0 76.810156,79.489502,0 76.649512,79.493408,0 76.636523,79.544434,0 76.457617,79.545459,0 76.153711,79.57876,0 76.071875,79.625635,0 76.051562,79.644727,0 76.148438,79.664453,0 76.248926,79.651074,0</coordinates>
        </LinearRing>
      </outerBoundaryIs>
    </Polygon>
    <Polygon>
      <outerBoundaryIs>
        <LinearRing>
          <coordinates>80.02666,80.848145,0 79.098535,80.812061,0 79.006836,80.834814,0 78.977637,80.848242,0 79.109863,80.923584,0 79.217383,80.960352,0 79.806641,80.975391,0 80.27959,80.949805,0 80.42793,80.927686,0 80.37334,80.882617,0 80.344824,80.86792,0 80.02666,80.848145,0</coordinates>
        </LinearRing>
      </outerBoundaryIs>
    </Polygon>
    <Polygon>
      <outerBoundaryIs>
        <LinearRing>
          <coordinates>70.673926,73.09502,0 70.380371,73.048096,0 70.29834,73.044482,0 70.118652,73.056299,0 70.040723,73.037158,0 69.920117,73.084521,0 69.930371,73.126611,0 69.985645,73.169238,0 70.01875,73.224316,0 69.995898,73.359375,0 70.149609,73.444727,0 70.35,73.477637,0 70.940234,73.514404,0 71.023242,73.504199,0 71.141211,73.477979,0 71.231641,73.447754,0 71.351172,73.372217,0 71.444922,73.34209,0 71.589551,73.283154,0 71.630469,73.224805,0 71.626172,73.173975,0 71.355664,73.162451,0 70.886719,73.119629,0 70.673926,73.09502,0</coordinates>
        </LinearRing>
      </outerBoundaryIs>
    </Polygon>
    <Polygon>
      <outerBoundaryIs>
        <LinearRing>
          <coordinates>77.63252,72.29126,0 77.145605,72.281885,0 76.905957,72.297656,0 76.871094,72.317041,0 76.903125,72.365576,0 77.149512,72.439209,0 77.260449,72.486133,0 77.377832,72.565283,0 77.578711,72.630859,0 77.748535,72.631201,0 78.279102,72.553223,0 78.35293,72.504297,0 78.365137,72.482422,0 78.154492,72.416992,0 78.007227,72.39248,0 77.780859,72.308545,0 77.63252,72.29126,0</coordinates>
        </LinearRing>
      </outerBoundaryIs>
    </Polygon>
    <Polygon>
      <outerBoundaryIs>
        <LinearRing>
          <coordinates>79.501465,72.721924,0 79.430664,72.710693,0 78.880566,72.751611,0 78.690234,72.803418,0 78.633203,72.850732,0 78.656836,72.892285,0 79.164258,73.094336,0 79.356543,73.038623,0 79.4125,72.983105,0 79.541309,72.918652,0 79.537891,72.769336,0 79.501465,72.721924,0</coordinates>
        </LinearRing>
      </outerBoundaryIs>
    </Polygon>
    <Polygon>
      <outerBoundaryIs>
        <LinearRing>
          <coordinates>82.172363,75.419385,0 82.208789,75.386963,0 82.221582,75.350537,0 82.179297,75.338965,0 82.050098,75.340967,0 81.978516,75.247119,0 81.905078,75.262793,0 81.860547,75.316504,0 81.697656,75.280518,0 81.654785,75.288916,0 81.579297,75.330957,0 81.532129,75.339551,0 81.500586,75.36792,0 81.712109,75.451416,0 81.842188,75.407031,0 81.926562,75.409961,0 81.909766,75.46001,0 81.912793,75.497705,0 82.021875,75.513477,0 82.165625,75.515625,0 82.172363,75.419385,0</coordinates>
        </LinearRing>
      </outerBoundaryIs>
    </Polygon>
    <Polygon>
      <outerBoundaryIs>
        <LinearRing>
          <coordinates>60.450488,69.934863,0 60.480664,69.885498,0 60.477246,69.793701,0 60.440234,69.725928,0 60.327148,69.715283,0 60.215918,69.687695,0 60.026172,69.717041,0 59.919531,69.696973,0 59.812793,69.695654,0 59.724609,69.706201,0 59.637012,69.721045,0 59.578223,69.738623,0 59.58125,69.790869,0 59.502637,69.866211,0 59.381543,69.89043,0 59.268359,69.898438,0 59.144238,69.921924,0 59.08252,69.910791,0 59.004004,69.883301,0 58.952734,69.892773,0 58.680078,70.051025,0 58.63418,70.088037,0 58.605566,70.129199,0 58.568066,70.155664,0 58.473047,70.266846,0 58.519922,70.318311,0 58.615332,70.35083,0 58.678027,70.35957,0 58.794238,70.432959,0 59.005273,70.465186,0 59.048047,70.460498,0 59.088281,70.437109,0 59.309863,70.36167,0 59.425977,70.310937,0 59.529102,70.248975,0 59.636328,70.197021,0 59.955859,70.10835,0 60.172266,70.022852,0 60.392578,69.962402,0 60.450488,69.934863,0</coordinates>
        </LinearRing>
      </outerBoundaryIs>
    </Polygon>
    <Polygon>
      <outerBoundaryIs>
        <LinearRing>
          <coordinates>20.957813,55.278906,0 20.859375,55.183643,0 20.594824,54.982373,0 20.677734,54.955664,0 20.774023,54.947021,0 20.8875,54.909473,0 20.995898,54.902686,0 21.188867,54.935205,0 21.222852,55.107764,0 21.235742,55.264111,0 21.297559,55.264453,0 21.389258,55.275537,0 21.44707,55.234424,0 21.554688,55.195312,0 21.682715,55.160352,0 21.873926,55.100732,0 22.072363,55.063672,0 22.137891,55.059375,0 22.346387,55.064258,0 22.567285,55.059131,0 22.627441,54.970703,0 22.736523,54.928857,0 22.824707,54.871289,0 22.83125,54.838477,0 22.709668,54.632617,0 22.684473,54.562939,0 22.679883,54.493018,0 22.724316,54.405615,0 22.766211,54.356787,0 22.731836,54.350098,0 22.168457,54.359863,0 21.63418,54.376465,0 21.140527,54.391797,0 20.664746,54.406641,0 20.208203,54.420752,0 19.924316,54.433984,0 19.644238,54.44707,0 19.604395,54.45918,0 19.758496,54.544824,0 19.858887,54.633838,0 19.944141,54.75,0 19.953223,54.830469,0 19.974512,54.921191,0 20.107617,54.956494,0 20.39668,54.95127,0 20.520313,54.994873,0 20.678906,55.102637,0 20.845703,55.232031,0 20.899805,55.28667,0 20.957813,55.278906,0</coordinates>
        </LinearRing>
      </outerBoundaryIs>
    </Polygon>
    <Polygon>
      <outerBoundaryIs>
        <LinearRing>
          <coordinates>33.594141,46.09624,0 33.654323,46.146222,0 33.659965,46.219573,0 33.806667,46.208288,0 34.02672,46.106725,0 34.128283,46.089798,0 34.224203,46.101083,0 34.353978,46.061586,0 34.449898,45.965666,0 34.523249,45.97695,0 34.686878,45.97695,0 34.794084,45.892315,0 34.799726,45.790752,0 34.946428,45.728686,0 35.001674,45.733383,0 35.022852,45.700977,0 35.260156,45.446924,0 35.373926,45.353613,0 35.45752,45.316309,0 35.558008,45.310889,0 35.750977,45.389355,0 35.833496,45.401611,0 36.012891,45.37168,0 36.077148,45.424121,0 36.170508,45.453076,0 36.290332,45.456738,0 36.427051,45.433252,0 36.575,45.393555,0 36.514258,45.30376,0 36.450781,45.232324,0 36.428418,45.153271,0 36.393359,45.065381,0 36.229883,45.025977,0 36.054785,45.030811,0 35.870117,45.005322,0 35.803613,45.0396,0 35.759473,45.07085,0 35.677539,45.102002,0 35.569531,45.119336,0 35.472559,45.098486,0 35.357813,44.978418,0 35.154785,44.896338,0 35.087695,44.802637,0 34.887793,44.823584,0 34.716895,44.807129,0 34.469922,44.72168,0 34.281738,44.538428,0 34.074414,44.423828,0 33.909961,44.387598,0 33.755664,44.398926,0 33.655859,44.433203,0 33.450684,44.553662,0 33.462695,44.596826,0 33.491309,44.618604,0 33.530078,44.680518,0 33.612207,44.907812,0 33.601172,44.981494,0 33.555176,45.097656,0 33.39248,45.187842,0 33.261523,45.170752,0 33.186914,45.194775,0 32.918652,45.348145,0 32.772656,45.358984,0 32.611328,45.328076,0 32.551855,45.350391,0 32.508008,45.403809,0 32.828027,45.593018,0 33.142285,45.749219,0 33.280078,45.765234,0 33.466211,45.837939,0 33.664844,45.94707,0 33.636719,46.032861,0 33.594141,46.09624,0</coordinates>
        </LinearRing>
      </outerBoundaryIs>
    </Polygon>
    </MultiGeometry>
  </Placemark>
    <Placemark><name>Romania</name><styleUrl>#country_border</styleUrl><Polygon>
      <outerBoundaryIs>
        <LinearRing>
          <coordinates>28.2125,45.450439,0 28.317676,45.347119,0 28.45127,45.292187,0 28.760742,45.234131,0 28.788281,45.240967,0 28.791406,45.251904,0 28.769824,45.266895,0 28.766602,45.28623,0 28.781738,45.309863,0 28.824316,45.311084,0 28.894336,45.289941,0 29.027441,45.320557,0 29.223535,45.40293,0 29.403711,45.419678,0 29.567676,45.370801,0 29.651953,45.313916,0 29.705859,45.259912,0 29.689063,45.193213,0 29.678613,45.15166,0 29.635352,44.979639,0 29.605469,44.915479,0 29.55752,44.843408,0 29.048242,44.757568,0 29.081055,44.798828,0 29.069141,44.871143,0 29.047754,44.925684,0 29.095313,44.975049,0 28.980664,44.99292,0 28.930566,44.96582,0 28.891504,44.918652,0 28.926172,44.81001,0 28.87041,44.749951,0 28.849023,44.716309,0 28.846484,44.636865,0 28.813574,44.60249,0 28.807031,44.565039,0 28.888184,44.574756,0 28.851758,44.506104,0 28.699219,44.374219,0 28.64541,44.295654,0 28.658594,43.983838,0 28.590723,43.797412,0 28.585352,43.742236,0 28.423438,43.740479,0 28.375195,43.744775,0 28.221973,43.772852,0 28.05,43.822412,0 27.948926,43.918604,0 27.884277,43.987354,0 27.738574,43.956299,0 27.710742,43.9646,0 27.670898,43.997803,0 27.561035,44.020068,0 27.425391,44.020508,0 27.120703,44.146143,0 27.086914,44.167383,0 26.847754,44.146191,0 26.489258,44.083984,0 26.21582,44.007275,0 25.933398,43.870557,0 25.818848,43.766846,0 25.686133,43.711768,0 25.49707,43.670801,0 25.159668,43.686328,0 24.808203,43.738428,0 24.430566,43.794385,0 24.226758,43.763477,0 23.950781,43.78667,0 23.53457,43.853564,0 23.224609,43.873877,0 22.919043,43.834473,0 22.867676,43.864551,0 22.856445,43.899023,0 22.868262,43.9479,0 22.911328,43.987207,0 22.985352,44.016992,0 23.024414,44.047217,0 23.028516,44.077979,0 22.94541,44.127295,0 22.775195,44.195215,0 22.705078,44.237793,0 22.687891,44.248291,0 22.683301,44.286475,0 22.647949,44.316455,0 22.581836,44.33833,0 22.530664,44.377979,0 22.494531,44.435449,0 22.502344,44.4896,0 22.554004,44.540332,0 22.620117,44.562354,0 22.700781,44.555518,0 22.734375,44.569922,0 22.720898,44.605518,0 22.64209,44.650977,0 22.497656,44.70625,0 22.350684,44.676123,0 22.200977,44.560693,0 22.093066,44.541943,0 22.026953,44.619873,0 21.909277,44.666113,0 21.740234,44.680664,0 21.636133,44.710449,0 21.59707,44.75542,0 21.523145,44.790088,0 21.360059,44.82666,0 21.35791,44.861816,0 21.384375,44.870068,0 21.442188,44.873389,0 21.519922,44.880811,0 21.532324,44.900684,0 21.533203,44.918848,0 21.471973,44.941992,0 21.409961,44.957715,0 21.377734,44.973437,0 21.357031,44.990771,0 21.35293,45.008984,0 21.371094,45.021387,0 21.395898,45.022217,0 21.420703,45.032959,0 21.434473,45.075146,0 21.467871,45.109863,0 21.491797,45.122266,0 21.490234,45.1479,0 21.46543,45.171875,0 21.431445,45.192529,0 21.381738,45.205078,0 21.226465,45.241309,0 21.147852,45.291748,0 21.099902,45.293555,0 21.023828,45.321533,0 20.941797,45.365332,0 20.870801,45.427539,0 20.794043,45.467871,0 20.774219,45.484424,0 20.772461,45.500098,0 20.786523,45.51748,0 20.786035,45.536475,0 20.76582,45.597461,0 20.779297,45.662012,0 20.775781,45.72251,0 20.775,45.749805,0 20.760156,45.758105,0 20.746875,45.748975,0 20.727832,45.737402,0 20.709277,45.735254,0 20.652734,45.779395,0 20.581152,45.869482,0 20.532617,45.899512,0 20.437988,45.940771,0 20.358594,45.975488,0 20.301367,46.050684,0 20.241797,46.108594,0 20.280957,46.133008,0 20.508105,46.166943,0 20.613672,46.133496,0 20.661035,46.145654,0 20.707422,46.172803,0 20.732715,46.194434,0 20.737402,46.21748,0 20.760254,46.24624,0 20.837012,46.259717,0 21.039844,46.242236,0 21.12168,46.282422,0 21.151953,46.304346,0 21.17041,46.352686,0 21.191797,46.391553,0 21.264551,46.412305,0 21.263281,46.447754,0 21.252246,46.486377,0 21.294531,46.572461,0 21.320215,46.607812,0 21.361328,46.620752,0 21.411035,46.647852,0 21.49707,46.704297,0 21.477051,46.753369,0 21.494434,46.789746,0 21.58418,46.878369,0 21.652637,46.96377,0 21.651465,47.006543,0 21.661426,47.043896,0 21.721777,47.084814,0 21.785449,47.138135,0 21.869336,47.30459,0 21.899219,47.332568,0 21.954297,47.364258,0 21.995313,47.395703,0 21.999707,47.505029,0 22.037988,47.536621,0 22.111914,47.572021,0 22.185059,47.629053,0 22.244629,47.696387,0 22.290625,47.727832,0 22.351465,47.73623,0 22.41748,47.762646,0 22.491406,47.772559,0 22.562891,47.75957,0 22.608398,47.766309,0 22.676758,47.799023,0 22.851758,47.922559,0 22.87666,47.947266,0 22.912891,47.964258,0 23.054785,48.006543,0 23.09082,48.049121,0 23.139453,48.087402,0 23.202637,48.084521,0 23.408203,47.98999,0 23.628711,47.99585,0 23.669043,47.992334,0 23.682031,47.990381,0 23.708984,47.982617,0 24.001855,47.935791,0 24.047363,47.941016,0 24.059766,47.944775,0 24.177734,47.906055,0 24.281934,47.911182,0 24.380957,47.938037,0 24.484082,47.947119,0 24.578906,47.931055,0 24.650977,47.876514,0 24.837891,47.76084,0 24.893359,47.717773,0 24.979102,47.724121,0 25.073828,47.745703,0 25.169629,47.823096,0 25.464258,47.910791,0 25.689258,47.932471,0 25.908691,47.967578,0 26.162695,47.992529,0 26.23623,48.064355,0 26.276953,48.113232,0 26.305664,48.20376,0 26.442383,48.22998,0 26.572461,48.248486,0 26.618945,48.259863,0 26.71377,48.263477,0 26.787305,48.255811,0 26.900977,48.211133,0 26.980762,48.155029,0 27.012207,48.110498,0 27.080371,48.047656,0 27.152051,47.959277,0 27.230859,47.841748,0 27.248145,47.782227,0 27.27793,47.717969,0 27.336914,47.639746,0 27.449219,47.553125,0 27.464844,47.53667,0 27.51582,47.475635,0 27.614063,47.340527,0 27.696191,47.286426,0 27.767969,47.227588,0 27.802344,47.168311,0 27.853809,47.114502,0 27.974219,47.043213,0 28.071777,46.978418,0 28.15,46.79209,0 28.204688,46.706396,0 28.239453,46.64082,0 28.222656,46.508057,0 28.244336,46.45127,0 28.199609,46.347559,0 28.119141,46.138672,0 28.099707,45.972607,0 28.113574,45.883057,0 28.115527,45.825537,0 28.134961,45.788867,0 28.15625,45.713086,0 28.159766,45.647119,0 28.130859,45.628271,0 28.090332,45.612744,0 28.074707,45.598975,0 28.111914,45.569141,0 28.1625,45.51377,0 28.2125,45.450439,0</coordinates>
        </LinearRing>
      </outerBoundaryIs>
    </Polygon>
  </Placemark>
    <Placemark><name>Portugal</name><styleUrl>#country_border</styleUrl><MultiGeometry>
    <Polygon>
      <outerBoundaryIs>
        <LinearRing>
          <coordinates>-17.190869,32.868604,0 -17.054492,32.815869,0 -16.929199,32.841406,0 -16.773975,32.773535,0 -16.693262,32.758008,0 -16.765283,32.709717,0 -16.837402,32.648291,0 -17.018262,32.662793,0 -17.171191,32.721875,0 -17.226025,32.766846,0 -17.241016,32.807373,0 -17.190869,32.868604,0</coordinates>
        </LinearRing>
      </outerBoundaryIs>
    </Polygon>
    <Polygon>
      <outerBoundaryIs>
        <LinearRing>
          <coordinates>-8.777148,41.941064,0 -8.682959,42.008496,0 -8.589648,42.052734,0 -8.538086,42.069336,0 -8.322559,42.115088,0 -8.266064,42.137402,0 -8.213086,42.133691,0 -8.204199,42.111865,0 -8.173584,42.069385,0 -8.139307,42.039941,0 -8.12998,42.018164,0 -8.21333,41.9271,0 -8.224756,41.89585,0 -8.18125,41.836963,0 -8.173535,41.819971,0 -8.15249,41.811963,0 -8.094434,41.814209,0 -7.990967,41.851904,0 -7.92085,41.883643,0 -7.896387,41.870557,0 -7.693066,41.888477,0 -7.644678,41.873975,0 -7.612598,41.857959,0 -7.512598,41.835986,0 -7.403613,41.833691,0 -7.268555,41.864404,0 -7.209619,41.895264,0 -7.19834,41.929395,0 -7.195361,41.955225,0 -7.17793,41.97168,0 -7.147119,41.981152,0 -7.099121,41.964209,0 -7.030469,41.950635,0 -6.865527,41.945264,0 -6.833203,41.96416,0 -6.777295,41.958496,0 -6.703613,41.93457,0 -6.618262,41.942383,0 -6.575342,41.913086,0 -6.55752,41.874121,0 -6.552588,41.789551,0 -6.558984,41.704053,0 -6.542187,41.67251,0 -6.484668,41.664404,0 -6.391699,41.665381,0 -6.308057,41.642187,0 -6.243115,41.601807,0 -6.22168,41.560449,0 -6.2125,41.532031,0 -6.244336,41.515918,0 -6.289355,41.455029,0 -6.403125,41.375391,0 -6.565918,41.303711,0 -6.690137,41.214502,0 -6.775781,41.107715,0 -6.882812,41.062402,0 -6.915527,41.038037,0 -6.928467,41.009131,0 -6.857715,40.87832,0 -6.835889,40.77749,0 -6.818359,40.654053,0 -6.829834,40.619092,0 -6.835693,40.483154,0 -6.852051,40.443262,0 -6.847949,40.410986,0 -6.821777,40.37627,0 -6.810156,40.343115,0 -6.858887,40.300732,0 -6.948437,40.251611,0 -7.014697,40.20835,0 -7.032617,40.16792,0 -7.027832,40.142627,0 -6.916406,40.056836,0 -6.896094,40.021826,0 -6.911182,39.937109,0 -6.975391,39.798389,0 -7.036719,39.713965,0 -7.047412,39.705566,0 -7.117676,39.681689,0 -7.454102,39.680664,0 -7.535693,39.661572,0 -7.524219,39.644727,0 -7.445117,39.536182,0 -7.362695,39.47832,0 -7.335449,39.465137,0 -7.305762,39.338135,0 -7.172412,39.135205,0 -7.042969,39.10708,0 -6.997949,39.056445,0 -7.00625,38.985254,0 -7.046045,38.907031,0 -7.125488,38.826953,0 -7.219922,38.770508,0 -7.281543,38.714551,0 -7.286377,38.649365,0 -7.305957,38.566846,0 -7.335791,38.501465,0 -7.343018,38.457422,0 -7.106396,38.181006,0 -6.974805,38.194434,0 -6.957568,38.187891,0 -6.981104,38.121973,0 -7.022852,38.044727,0 -7.07251,38.030029,0 -7.185449,38.006348,0 -7.292236,37.906445,0 -7.378906,37.786377,0 -7.443945,37.728271,0 -7.503516,37.585498,0 -7.496045,37.523584,0 -7.467187,37.428027,0 -7.406152,37.179443,0 -7.493604,37.168311,0 -7.834131,37.005713,0 -7.939697,37.00542,0 -8.136768,37.077051,0 -8.484326,37.100049,0 -8.597656,37.121338,0 -8.739111,37.074609,0 -8.848437,37.075684,0 -8.935352,37.016016,0 -8.997803,37.032275,0 -8.92627,37.166064,0 -8.81416,37.430811,0 -8.818555,37.592432,0 -8.791846,37.732812,0 -8.822656,37.871875,0 -8.878955,37.958691,0 -8.802246,38.183838,0 -8.810937,38.299756,0 -8.881104,38.44668,0 -8.668311,38.424316,0 -8.733984,38.482422,0 -8.798877,38.518164,0 -8.861621,38.509961,0 -8.914795,38.512109,0 -9.095996,38.455225,0 -9.186719,38.438184,0 -9.213281,38.448096,0 -9.203369,38.538965,0 -9.250391,38.656738,0 -9.177832,38.687793,0 -9.093311,38.69668,0 -9.021484,38.746875,0 -8.977051,38.80293,0 -9.000488,38.903027,0 -8.938086,38.998096,0 -8.791602,39.078174,0 -8.86748,39.065967,0 -8.954297,39.016064,0 -9.091016,38.834668,0 -9.135791,38.742773,0 -9.252295,38.712793,0 -9.356738,38.6979,0 -9.410205,38.70752,0 -9.474121,38.730859,0 -9.479736,38.798779,0 -9.474756,38.85293,0 -9.431445,38.960449,0 -9.414355,39.112109,0 -9.352832,39.248145,0 -9.357227,39.284277,0 -9.374756,39.338281,0 -9.319629,39.391113,0 -9.251416,39.426025,0 -9.148291,39.542578,0 -9.004053,39.820557,0 -8.837842,40.115674,0 -8.851318,40.151807,0 -8.886621,40.179443,0 -8.872656,40.259082,0 -8.772412,40.605664,0 -8.731592,40.650928,0 -8.684619,40.752539,0 -8.673975,40.916504,0 -8.655566,41.029492,0 -8.659814,41.086279,0 -8.674609,41.154492,0 -8.738379,41.284668,0 -8.805664,41.56001,0 -8.81084,41.651953,0 -8.75542,41.698389,0 -8.846387,41.705176,0 -8.887598,41.7646,0 -8.878223,41.83208,0 -8.777148,41.941064,0</coordinates>
        </LinearRing>
      </outerBoundaryIs>
    </Polygon>
    <Polygon>
      <outerBoundaryIs>
        <LinearRing>
          <coordinates>-25.027344,36.959961,0 -25.031543,36.941553,0 -25.088379,36.948877,0 -25.159912,36.943359,0 -25.198389,36.996533,0 -25.163525,37.018555,0 -25.08291,37.024023,0 -25.044336,37.000195,0 -25.027344,36.959961,0</coordinates>
        </LinearRing>
      </outerBoundaryIs>
    </Polygon>
    <Polygon>
      <outerBoundaryIs>
        <LinearRing>
          <coordinates>-31.137109,39.406934,0 -31.181348,39.358936,0 -31.257617,39.375977,0 -31.282959,39.394092,0 -31.26084,39.496777,0 -31.199854,39.52085,0 -31.138623,39.479443,0 -31.137109,39.406934,0</coordinates>
        </LinearRing>
      </outerBoundaryIs>
    </Polygon>
    <Polygon>
      <outerBoundaryIs>
        <LinearRing>
          <coordinates>-27.075244,38.643457,0 -27.095313,38.634033,0 -27.302832,38.661035,0 -27.361914,38.697852,0 -27.385937,38.76582,0 -27.351025,38.788965,0 -27.259668,38.802686,0 -27.127002,38.789844,0 -27.041943,38.741211,0 -27.041992,38.678906,0 -27.075244,38.643457,0</coordinates>
        </LinearRing>
      </outerBoundaryIs>
    </Polygon>
    <Polygon>
      <outerBoundaryIs>
        <LinearRing>
          <coordinates>-27.778467,38.555615,0 -27.825879,38.543555,0 -28.092334,38.620557,0 -28.187256,38.655371,0 -28.310645,38.743896,0 -27.962646,38.636328,0 -27.778467,38.555615,0</coordinates>
        </LinearRing>
      </outerBoundaryIs>
    </Polygon>
    <Polygon>
      <outerBoundaryIs>
        <LinearRing>
          <coordinates>-28.641309,38.525,0 -28.743848,38.522363,0 -28.842041,38.598437,0 -28.697754,38.638477,0 -28.65542,38.614062,0 -28.624219,38.586328,0 -28.605811,38.550732,0 -28.641309,38.525,0</coordinates>
        </LinearRing>
      </outerBoundaryIs>
    </Polygon>
    <Polygon>
      <outerBoundaryIs>
        <LinearRing>
          <coordinates>-28.147266,38.452686,0 -28.064795,38.412744,0 -28.189746,38.40415,0 -28.231152,38.384668,0 -28.332422,38.412891,0 -28.454492,38.408643,0 -28.531152,38.462549,0 -28.548828,38.518555,0 -28.510254,38.553027,0 -28.402148,38.553369,0 -28.147266,38.452686,0</coordinates>
        </LinearRing>
      </outerBoundaryIs>
    </Polygon>
    <Polygon>
      <outerBoundaryIs>
        <LinearRing>
          <coordinates>-25.648975,37.840918,0 -25.585498,37.834033,0 -25.266602,37.848633,0 -25.181934,37.837891,0 -25.190723,37.764355,0 -25.251123,37.73501,0 -25.439014,37.715332,0 -25.734473,37.762891,0 -25.833691,37.826074,0 -25.847852,37.872412,0 -25.845898,37.894043,0 -25.78374,37.911133,0 -25.648975,37.840918,0</coordinates>
        </LinearRing>
      </outerBoundaryIs>
    </Polygon>
    </MultiGeometry>
  </Placemark>
    <Placemark><name>Poland</name><styleUrl>#country_border</styleUrl><Polygon>
      <outerBoundaryIs>
        <LinearRing>
          <coordinates>23.605273,51.51792,0 23.658887,51.448975,0 23.679688,51.394922,0 23.657617,51.35249,0 23.664453,51.310059,0 23.712207,51.265137,0 23.863477,51.126221,0 23.938086,50.992529,0 23.985742,50.94043,0 24.095801,50.872754,0 24.105762,50.844971,0 24.061621,50.819531,0 24.025977,50.816162,0 23.99707,50.809375,0 23.978418,50.785596,0 24.007324,50.760156,0 24.046289,50.722803,0 24.094727,50.617041,0 24.089941,50.530469,0 24.052637,50.508447,0 24.00498,50.457031,0 23.972656,50.410059,0 23.711719,50.377344,0 23.649023,50.327051,0 23.506152,50.229834,0 23.408594,50.173926,0 23.264453,50.072852,0 23.036328,49.899072,0 22.952246,49.826367,0 22.890723,49.76626,0 22.706152,49.606201,0 22.649414,49.539014,0 22.660645,49.483691,0 22.719922,49.353809,0 22.732422,49.295166,0 22.721973,49.240967,0 22.702344,49.192725,0 22.705664,49.171191,0 22.760156,49.13623,0 22.84707,49.08125,0 22.852051,49.062744,0 22.839746,49.038916,0 22.809766,49.020752,0 22.70127,49.039941,0 22.57998,49.077197,0 22.538672,49.072705,0 22.473047,49.081299,0 22.202539,49.153223,0 22.020117,49.209521,0 22.002148,49.246094,0 21.967676,49.299072,0 21.890137,49.343457,0 21.712109,49.381934,0 21.639648,49.411963,0 21.350488,49.42876,0 21.225,49.429443,0 21.136133,49.417041,0 21.079395,49.418262,0 21.001172,49.339844,0 20.947266,49.31709,0 20.868457,49.314697,0 20.799512,49.328662,0 20.729004,49.369922,0 20.616113,49.391699,0 20.53457,49.381201,0 20.474512,49.390186,0 20.422656,49.392334,0 20.404688,49.384082,0 20.362988,49.385254,0 20.302539,49.365527,0 20.236523,49.337646,0 20.163672,49.316406,0 20.107617,49.270752,0 20.057617,49.181299,0 19.916113,49.221387,0 19.868945,49.204004,0 19.802246,49.192334,0 19.756641,49.204395,0 19.767383,49.235205,0 19.787988,49.269971,0 19.787012,49.318555,0 19.773926,49.372168,0 19.730078,49.3896,0 19.66416,49.396045,0 19.630273,49.406641,0 19.62666,49.424365,0 19.593066,49.447119,0 19.534766,49.504785,0 19.479688,49.576367,0 19.441602,49.597705,0 19.38623,49.563623,0 19.302344,49.524854,0 19.250195,49.511426,0 19.149414,49.4,0 18.968359,49.39624,0 18.957227,49.448291,0 18.938184,49.498291,0 18.832227,49.510791,0 18.829297,49.540137,0 18.806934,49.613721,0 18.594629,49.757812,0 18.568848,49.81792,0 18.577148,49.841113,0 18.562402,49.879346,0 18.516211,49.902393,0 18.348438,49.929834,0 18.305273,49.914062,0 18.266309,49.930273,0 18.205273,49.964746,0 18.099219,49.992773,0 18.087695,50.007275,0 18.049512,50.031934,0 18.02832,50.035254,0 18.014648,50.020264,0 17.983789,49.999072,0 17.874805,49.972266,0 17.83125,49.983301,0 17.791699,50.006592,0 17.746582,50.056787,0 17.681055,50.100781,0 17.627051,50.116406,0 17.596289,50.139502,0 17.589355,50.157471,0 17.709277,50.193555,0 17.735449,50.230762,0 17.720117,50.298633,0 17.702246,50.307178,0 17.654688,50.284229,0 17.55459,50.264062,0 17.462305,50.254785,0 17.415234,50.254785,0 17.151953,50.37832,0 16.980762,50.416113,0 16.880078,50.427051,0 16.869141,50.414502,0 16.914746,50.345215,0 16.993359,50.259717,0 16.989648,50.236914,0 16.895313,50.201953,0 16.841797,50.186719,0 16.778613,50.157031,0 16.725293,50.116064,0 16.679102,50.097461,0 16.63916,50.102148,0 16.59668,50.121924,0 16.487598,50.248389,0 16.350488,50.345215,0 16.33418,50.366895,0 16.291309,50.371875,0 16.230762,50.394092,0 16.210352,50.42373,0 16.240723,50.454687,0 16.28252,50.483008,0 16.356641,50.500488,0 16.379102,50.516895,0 16.392285,50.54165,0 16.419727,50.573633,0 16.4125,50.585156,0 16.359961,50.621387,0 16.282227,50.655615,0 16.066406,50.629932,0 16.007227,50.611621,0 15.973828,50.635449,0 15.948535,50.670264,0 15.893945,50.676904,0 15.819238,50.708691,0 15.730566,50.739697,0 15.643945,50.748877,0 15.463965,50.793848,0 15.394629,50.796289,0 15.354395,50.811768,0 15.312598,50.845752,0 15.277051,50.883008,0 15.258594,50.958545,0 15.125977,50.992871,0 14.99375,51.014355,0 14.984473,51.003418,0 14.989941,50.927246,0 14.98291,50.886572,0 14.895801,50.861377,0 14.809375,50.858984,0 14.814258,50.871631,0 14.91748,51.00874,0 14.963867,51.095117,0 15.016602,51.252734,0 14.953125,51.377148,0 14.935547,51.435352,0 14.905957,51.46333,0 14.724707,51.523877,0 14.710938,51.544922,0 14.738672,51.627148,0 14.724902,51.661719,0 14.681348,51.698193,0 14.623926,51.770801,0 14.60166,51.832373,0 14.674902,51.904834,0 14.692969,51.958008,0 14.724805,52.030859,0 14.748145,52.070801,0 14.752539,52.081836,0 14.70459,52.110205,0 14.692383,52.150049,0 14.705371,52.207471,0 14.679883,52.25,0 14.615625,52.277637,0 14.573926,52.31416,0 14.55459,52.359668,0 14.569727,52.431104,0 14.619434,52.528516,0 14.514063,52.645605,0 14.253711,52.78252,0 14.128613,52.878223,0 14.138867,52.932861,0 14.193652,52.982324,0 14.293164,53.026758,0 14.368555,53.105566,0 14.410938,53.199023,0 14.412305,53.216748,0 14.414551,53.283496,0 14.29873,53.556445,0 14.279883,53.624756,0 14.266113,53.707129,0 14.258887,53.729639,0 14.487598,53.671875,0 14.583496,53.639355,0 14.571582,53.675879,0 14.552148,53.707324,0 14.564941,53.753516,0 14.558398,53.823193,0 14.350879,53.85874,0 14.213672,53.870752,0 14.198242,53.919043,0 14.211426,53.950342,0 14.249316,53.931934,0 14.38418,53.924707,0 14.715723,54.018311,0 15.288379,54.139893,0 15.9,54.253955,0 16.042773,54.266357,0 16.186328,54.290381,0 16.239355,54.333057,0 16.292285,54.361621,0 16.375586,54.436865,0 16.559766,54.553809,0 16.885449,54.596387,0 17.007031,54.651855,0 17.261914,54.729541,0 17.842969,54.816699,0 18.085645,54.83584,0 18.323438,54.838184,0 18.535156,54.769434,0 18.759277,54.68457,0 18.799609,54.63335,0 18.67832,54.665283,0 18.501563,54.741504,0 18.43623,54.744727,0 18.587109,54.512891,0 18.669629,54.430908,0 18.836426,54.36958,0 18.97627,54.348926,0 19.407129,54.386084,0 19.560156,54.434619,0 19.604395,54.45918,0 19.644238,54.44707,0 19.924316,54.433984,0 20.208203,54.420752,0 20.664746,54.406641,0 21.140527,54.391797,0 21.63418,54.376465,0 22.168457,54.359863,0 22.731836,54.350098,0 22.766211,54.356787,0 22.82373,54.395801,0 22.893945,54.390527,0 22.976758,54.366357,0 23.015527,54.34834,0 23.031934,54.327881,0 23.042188,54.304199,0 23.0875,54.299463,0 23.170313,54.281445,0 23.282324,54.240332,0 23.370117,54.200488,0 23.453613,54.143457,0 23.481348,54.079004,0 23.483008,54.005957,0 23.477637,53.958936,0 23.484668,53.939795,0 23.598926,53.599219,0 23.789258,53.270947,0 23.85918,53.112109,0 23.887109,53.027539,0 23.909375,52.904883,0 23.916309,52.81875,0 23.91543,52.770264,0 23.90127,52.703613,0 23.844727,52.664209,0 23.47959,52.551562,0 23.410938,52.516211,0 23.30332,52.428369,0 23.204102,52.337891,0 23.18125,52.306982,0 23.175098,52.286621,0 23.196973,52.256934,0 23.327148,52.208447,0 23.458398,52.169531,0 23.501172,52.140381,0 23.597949,52.103076,0 23.633301,52.06958,0 23.652441,52.040381,0 23.651074,51.972998,0 23.607422,51.879785,0 23.625684,51.809326,0 23.581348,51.762402,0 23.544824,51.710254,0 23.539648,51.618896,0 23.605273,51.51792,0</coordinates>
        </LinearRing>
      </outerBoundaryIs>
    </Polygon>
  </Placemark>
    <Placemark><name>Norway</name><styleUrl>#country_border</styleUrl><MultiGeometry>
    <Polygon>
      <outerBoundaryIs>
        <LinearRing>
          <coordinates>20.622168,69.036865,0 20.491992,69.033301,0 20.116699,69.020898,0 20.282324,68.934326,0 20.337109,68.899658,0 20.348047,68.84873,0 20.319434,68.754053,0 20.240039,68.673145,0 20.147461,68.607324,0 19.968848,68.542041,0 20.240039,68.477539,0 20.055957,68.390381,0 19.969824,68.356396,0 19.87002,68.362256,0 19.691211,68.392432,0 19.258984,68.465332,0 19.052637,68.492725,0 18.868262,68.501123,0 18.769824,68.500049,0 18.378613,68.562402,0 18.303027,68.55542,0 18.162598,68.528418,0 18.14707,68.467773,0 18.155957,68.316846,0 18.17666,68.200635,0 18.125,68.133447,0 18.073242,68.087842,0 17.916699,67.964893,0 17.564746,68.048438,0 17.324609,68.103809,0 17.170508,68.030127,0 16.783594,67.89502,0 16.585547,67.62832,0 16.574121,67.61958,0 16.457129,67.551758,0 16.307129,67.520605,0 16.193555,67.505176,0 16.127441,67.42583,0 16.281543,67.312061,0 16.360645,67.252002,0 16.434277,67.155078,0 16.420703,67.093359,0 16.403516,67.05498,0 16.237695,66.976416,0 15.88418,66.768848,0 15.557031,66.5521,0 15.422949,66.489844,0 15.483789,66.305957,0 15.374902,66.252051,0 15.15332,66.191064,0 15.040039,66.167529,0 14.917969,66.153711,0 14.543262,66.129346,0 14.609961,65.932275,0 14.635156,65.84502,0 14.63457,65.793262,0 14.595801,65.742871,0 14.549512,65.646387,0 14.479688,65.301465,0 14.42627,65.264355,0 14.352441,65.17085,0 14.115137,64.946143,0 13.924805,64.796777,0 13.650293,64.581543,0 13.873535,64.513574,0 14.077637,64.464014,0 14.119922,64.387744,0 14.148047,64.260303,0 14.141211,64.173535,0 14.063281,64.095508,0 14.002734,64.040723,0 13.960547,64.014014,0 13.670703,64.040625,0 13.299609,64.074805,0 13.203516,64.075098,0 12.987598,64.050488,0 12.792773,64,0 12.690039,63.957422,0 12.6625,63.940479,0 12.532715,63.843555,0 12.301953,63.671191,0 12.175195,63.595947,0 12.212109,63.492236,0 11.999902,63.291699,0 12.138672,63.08916,0 12.144629,63.08252,0 12.218164,63.000635,0 12.141016,62.947852,0 12.108594,62.919482,0 12.119629,62.825928,0 12.139844,62.721338,0 12.121875,62.66001,0 12.114551,62.591895,0 12.303516,62.285596,0 12.301367,62.21377,0 12.291992,62.167432,0 12.233691,61.976855,0 12.155371,61.720752,0 12.29209,61.653467,0 12.486816,61.572998,0 12.596094,61.541309,0 12.75752,61.445703,0 12.880762,61.352295,0 12.863672,61.290283,0 12.828223,61.221826,0 12.776367,61.173975,0 12.727832,61.108252,0 12.706055,61.059863,0 12.683008,61.046826,0 12.467578,61.041504,0 12.353711,61.023193,0 12.294141,61.002686,0 12.314648,60.892139,0 12.445312,60.689648,0 12.553809,60.545654,0 12.588672,60.450732,0 12.552832,60.354492,0 12.51582,60.305225,0 12.514648,60.238867,0 12.486133,60.106787,0 12.402051,60.040039,0 12.291992,59.967236,0 12.169238,59.912891,0 12.071875,59.897607,0 11.988281,59.891309,0 11.932129,59.863672,0 11.88125,59.782471,0 11.834277,59.697168,0 11.680762,59.592285,0 11.684863,59.555762,0 11.743359,59.431445,0 11.798145,59.289893,0 11.751855,59.157568,0 11.712207,59.018652,0 11.642773,58.926074,0 11.543555,58.893018,0 11.470703,58.909521,0 11.388281,59.036523,0 11.386426,59.065723,0 11.365918,59.104541,0 11.132129,59.143213,0 11.09082,59.141797,0 10.998926,59.164453,0 10.94502,59.17085,0 10.834473,59.183936,0 10.742578,59.295996,0 10.644922,59.389209,0 10.631055,59.428174,0 10.634375,59.60249,0 10.604492,59.680029,0 10.595313,59.764551,0 10.533887,59.695801,0 10.569531,59.587109,0 10.49375,59.541504,0 10.398145,59.519336,0 10.407129,59.455664,0 10.446387,59.443604,0 10.45459,59.37749,0 10.431348,59.279639,0 10.243164,59.062061,0 10.205176,59.038672,0 10.179395,59.009277,0 10.083105,59.028809,0 9.95957,58.968213,0 9.842578,58.958496,0 9.800195,59.027051,0 9.635156,59.117773,0 9.557227,59.112695,0 9.627148,59.06792,0 9.696094,59.009717,0 9.656934,58.971191,0 9.618457,58.946045,0 9.551074,58.933008,0 9.309961,58.856836,0 9.395801,58.805664,0 9.322949,58.747559,0 9.238672,58.739014,0 9.19375,58.711865,0 9.178125,58.675,0 8.928418,58.569971,0 8.521387,58.300586,0 8.312207,58.224463,0 8.166113,58.145313,0 8.037402,58.147266,0 7.875586,58.07998,0 7.465918,58.020947,0 7.194141,58.047656,0 7.004883,58.024219,0 6.903418,58.070508,0 6.890234,58.102295,0 6.895313,58.120752,0 6.912305,58.142871,0 6.877051,58.150732,0 6.802832,58.154541,0 6.771094,58.132227,0 6.766797,58.081543,0 6.731445,58.068311,0 6.590527,58.097314,0 6.555078,58.123437,0 6.605762,58.176367,0 6.69248,58.224023,0 6.676758,58.233789,0 6.659863,58.262744,0 6.617578,58.266406,0 6.491504,58.259424,0 6.389063,58.267969,0 6.054688,58.375146,0 5.976562,58.432324,0 5.706836,58.523633,0 5.585938,58.62041,0 5.517285,58.726514,0 5.522461,58.822656,0 5.555566,58.975195,0 5.612207,59.012891,0 5.854297,58.959473,0 6.099023,58.870264,0 6.137305,58.874658,0 6.21416,58.944678,0 6.363281,59.000928,0 6.321094,59.016455,0 6.099414,58.951953,0 6.016992,58.987695,0 5.88916,59.060498,0 5.88916,59.097949,0 5.94873,59.135449,0 5.968555,59.186133,0 5.937305,59.233984,0 5.951855,59.299072,0 6.050684,59.368164,0 6.198926,59.438086,0 6.305664,59.505566,0 6.415332,59.547119,0 6.403906,59.560986,0 6.278516,59.534521,0 6.158594,59.489648,0 6.017383,59.414453,0 5.845215,59.353467,0 5.717969,59.329834,0 5.657324,59.310254,0 5.564063,59.291211,0 5.467578,59.203809,0 5.362305,59.166357,0 5.173242,59.162549,0 5.131641,59.226465,0 5.185059,59.453662,0 5.242188,59.564307,0 5.304883,59.642578,0 5.403516,59.655762,0 5.472461,59.713086,0 5.529688,59.713086,0 5.579492,59.686621,0 5.772168,59.660938,0 5.867285,59.733984,0 5.991016,59.744678,0 6.216602,59.818359,0 6.211914,59.831787,0 6.059277,59.815576,0 5.966699,59.813184,0 5.833984,59.794678,0 5.763477,59.80791,0 5.730469,59.863086,0 5.783594,59.912793,0 5.996484,60.031494,0 6.069922,60.083496,0 6.111816,60.13208,0 6.105176,60.165137,0 6.140527,60.233496,0 6.34873,60.352979,0 6.518066,60.407568,0 6.573633,60.360596,0 6.526367,60.213623,0 6.526855,60.15293,0 6.660938,60.367236,0 6.719922,60.418164,0 6.787109,60.454102,0 6.949707,60.478223,0 6.995703,60.511963,0 6.806348,60.500781,0 6.346973,60.419092,0 6.15332,60.34624,0 6.101758,60.290137,0 5.967383,60.205566,0 5.904395,60.150635,0 5.876563,60.07002,0 5.800879,60.026221,0 5.698828,60.01001,0 5.557031,59.907764,0 5.494531,59.825586,0 5.353418,59.760107,0 5.263867,59.709766,0 5.234473,59.691797,0 5.186035,59.642285,0 5.145801,59.638818,0 5.110742,59.667822,0 5.104883,59.731689,0 5.119238,59.833691,0 5.187109,59.90708,0 5.219531,59.97876,0 5.174414,60.045703,0 5.205664,60.087939,0 5.26543,60.086475,0 5.376465,60.067236,0 5.494531,60.070312,0 5.688574,60.123193,0 5.657617,60.154102,0 5.573828,60.158496,0 5.417383,60.154102,0 5.28584,60.205713,0 5.183594,60.308398,0 5.137109,60.445605,0 5.168164,60.484814,0 5.546484,60.624561,0 5.64834,60.687988,0 5.589355,60.694287,0 5.447363,60.617334,0 5.244043,60.56958,0 5.11582,60.635986,0 5.049121,60.70752,0 5.010742,60.858545,0 5.024609,60.936133,0 5.008594,61.038184,0 5.09541,61.071338,0 5.19248,61.053711,0 5.288184,61.047168,0 5.505273,61.056104,0 5.983984,61.117334,0 6.292578,61.080957,0 6.417969,61.084277,0 6.609863,61.137012,0 6.777832,61.142432,0 6.903418,61.102148,0 6.97207,61.055957,0 6.980566,60.994141,0 7.038672,60.95293,0 7.07793,60.966309,0 7.04668,61.015283,0 7.040137,61.091162,0 7.54502,61.177148,0 7.604492,61.210547,0 7.403906,61.222168,0 7.346582,61.300586,0 7.452539,61.419238,0 7.442578,61.434619,0 7.331152,61.372021,0 7.27627,61.283936,0 7.298047,61.213623,0 7.275977,61.180957,0 7.173535,61.165967,0 6.942578,61.160547,0 6.794336,61.190381,0 6.657031,61.206592,0 6.610254,61.229102,0 6.625879,61.279297,0 6.599902,61.289648,0 6.543066,61.244531,0 6.492578,61.15459,0 6.383496,61.133887,0 6.08252,61.167285,0 5.646777,61.147607,0 5.45127,61.102344,0 5.324609,61.108252,0 5.106738,61.187549,0 5.02168,61.250586,0 4.989941,61.377686,0 5.002734,61.433594,0 5.172461,61.457129,0 5.258301,61.455469,0 5.338672,61.485498,0 5.267578,61.505029,0 5.167578,61.543359,0 5.099414,61.620166,0 4.99668,61.645215,0 4.927832,61.710693,0 4.910352,61.80957,0 4.930078,61.87832,0 4.985059,61.900439,0 5.116992,61.8854,0 5.465332,61.896924,0 5.793262,61.8271,0 6.01582,61.7875,0 6.466699,61.807422,0 6.730762,61.869775,0 6.682324,61.887012,0 6.395898,61.850977,0 6.131152,61.852441,0 5.664453,61.9229,0 5.473047,61.945605,0 5.266895,61.935596,0 5.15957,61.956982,0 5.096484,62.02666,0 5.143164,62.159912,0 5.240918,62.188672,0 5.293848,62.153906,0 5.357715,62.151709,0 5.422363,62.207373,0 5.484277,62.239111,0 5.533301,62.310889,0 5.718164,62.378906,0 5.796289,62.384668,0 5.908301,62.416016,0 5.979785,62.407129,0 6.025586,62.375684,0 6.083496,62.349609,0 6.208984,62.352783,0 6.580078,62.407275,0 6.62002,62.423291,0 6.692383,62.468066,0 6.457129,62.448096,0 6.261719,62.416309,0 6.136133,62.407471,0 6.118457,62.447168,0 6.164746,62.482422,0 6.2375,62.519922,0 6.272852,62.583838,0 6.35293,62.611133,0 6.439453,62.609668,0 6.618359,62.621289,0 6.744629,62.637891,0 6.961133,62.626758,0 7.283789,62.602295,0 7.491797,62.542822,0 7.570117,62.548193,0 7.653125,62.564014,0 7.690723,62.585596,0 7.527441,62.610303,0 7.518164,62.645508,0 7.538379,62.67207,0 7.804688,62.720996,0 8.095508,62.731836,0 8.045508,62.77124,0 7.408398,62.711768,0 7.24209,62.752344,0 7.11084,62.752002,0 7.024902,62.728809,0 6.77998,62.700732,0 6.734961,62.720703,0 6.781543,62.789648,0 6.928223,62.902734,0 6.94043,62.930469,0 7.008496,62.957666,0 7.389063,63.023291,0 7.571875,63.099512,0 7.654297,63.10918,0 7.736035,63.103857,0 7.860352,63.112793,0 8.100586,63.090967,0 8.211133,62.995508,0 8.310547,62.965527,0 8.623145,62.84624,0 8.60918,62.880566,0 8.338574,63.042187,0 8.235156,63.082178,0 8.158008,63.161523,0 8.184473,63.236523,0 8.271484,63.286572,0 8.580176,63.313379,0 8.635547,63.342334,0 8.641016,63.39209,0 8.59375,63.426123,0 8.480176,63.42417,0 8.386523,63.445264,0 8.360742,63.498877,0 8.398145,63.535107,0 8.576172,63.601172,0 8.673633,63.622607,0 8.842383,63.645898,0 9.13584,63.593652,0 9.158105,63.56626,0 9.075879,63.500391,0 9.08418,63.463428,0 9.156055,63.459326,0 9.323633,63.570361,0 9.520703,63.585693,0 9.602246,63.60957,0 9.696875,63.624561,0 9.832227,63.52417,0 9.891504,63.492041,0 9.936035,63.478857,0 9.979199,63.395264,0 10.020996,63.39082,0 10.080566,63.432715,0 10.188574,63.454785,0 10.340039,63.469336,0 10.590918,63.447217,0 10.704492,63.463574,0 10.760156,63.461279,0 10.706738,63.536328,0 10.673633,63.558008,0 10.725293,63.625,0 10.779199,63.651172,0 10.952539,63.698193,0 11.117871,63.719189,0 11.225781,63.763818,0 11.370703,63.804834,0 11.347949,63.837695,0 11.307617,63.875732,0 11.213867,63.878125,0 11.175586,63.898877,0 11.294629,63.948193,0 11.457617,64.002979,0 11.429199,64.024512,0 11.306641,64.048877,0 11.213574,64.030518,0 11.075195,63.988135,0 10.914258,63.921094,0 10.966699,63.901562,0 11.047266,63.845215,0 10.934863,63.770215,0 10.33916,63.571045,0 10.055078,63.512695,0 9.924023,63.521777,0 9.892773,63.576221,0 9.832324,63.616504,0 9.76748,63.699512,0 9.657227,63.697314,0 9.594629,63.678955,0 9.567285,63.706152,0 9.614746,63.794824,0 9.708008,63.864893,0 9.864453,63.917822,0 9.939453,63.981738,0 10.009961,64.083154,0 10.23623,64.179639,0 10.565625,64.418311,0 10.833984,64.494482,0 10.932324,64.577734,0 11.09043,64.614551,0 11.225391,64.679492,0 11.331348,64.685937,0 11.523828,64.744385,0 11.63291,64.813916,0 11.561719,64.818262,0 11.39248,64.772998,0 11.296777,64.754785,0 11.303516,64.829395,0 11.349902,64.905908,0 11.489355,64.97583,0 12.159668,65.178955,0 12.226562,65.145361,0 12.306543,65.085986,0 12.508398,65.099414,0 12.738379,65.214404,0 12.915527,65.339258,0 12.819824,65.31748,0 12.715332,65.266357,0 12.511719,65.195312,0 12.417578,65.184082,0 12.363867,65.193311,0 12.333984,65.240723,0 12.263379,65.256104,0 12.199609,65.245459,0 12.133887,65.27915,0 12.122168,65.362354,0 12.20625,65.48623,0 12.272852,65.568164,0 12.344824,65.630176,0 12.627734,65.806152,0 12.688867,65.902197,0 12.816797,65.952881,0 12.983008,65.941602,0 13.033105,65.95625,0 12.976074,66.019189,0 12.794922,66.069092,0 12.783789,66.100439,0 13.387109,66.182764,0 13.674414,66.17998,0 13.759668,66.221045,0 13.91582,66.247363,0 14.03418,66.297559,0 13.973145,66.319727,0 13.681348,66.273584,0 13.498926,66.251904,0 13.416406,66.252588,0 13.352051,66.236719,0 13.118848,66.230664,0 13.068164,66.430811,0 13.104688,66.539404,0 13.191602,66.537158,0 13.211426,66.64082,0 13.311816,66.701855,0 13.450391,66.715527,0 13.520215,66.74165,0 13.621094,66.794824,0 13.787988,66.782471,0 13.959473,66.794336,0 13.916992,66.819385,0 13.704102,66.85166,0 13.651563,66.90708,0 13.72666,66.938037,0 13.808398,66.960791,0 13.880176,66.964893,0 14.022363,67.073096,0 14.108789,67.119238,0 14.205566,67.11123,0 14.340332,67.158936,0 14.472656,67.142676,0 14.600684,67.173877,0 14.775586,67.194482,0 15.415723,67.202441,0 15.434766,67.24668,0 15.300098,67.256934,0 14.824414,67.268311,0 14.581543,67.267432,0 14.479297,67.255957,0 14.441699,67.271387,0 14.44834,67.297852,0 14.536621,67.339746,0 14.578516,67.386035,0 14.75498,67.499023,0 14.961914,67.574268,0 15.120508,67.555029,0 15.28916,67.483154,0 15.409375,67.47417,0 15.465332,67.450928,0 15.55293,67.351758,0 15.594434,67.348535,0 15.575684,67.443848,0 15.691504,67.521387,0 15.661328,67.542822,0 15.487305,67.514795,0 15.354004,67.543945,0 15.24873,67.602148,0 15.218652,67.655371,0 15.284082,67.707959,0 15.345801,67.734424,0 15.303906,67.765283,0 15.04082,67.682568,0 14.854688,67.66333,0 14.781348,67.674902,0 14.821094,67.749854,0 14.798926,67.809326,0 15.048438,67.955762,0 15.134277,67.972705,0 15.274414,67.960938,0 15.400879,67.919629,0 15.506641,67.926221,0 15.621387,67.948291,0 15.605762,67.987891,0 15.356934,68.003613,0 15.292871,68.036475,0 15.316016,68.06875,0 15.486816,68.102832,0 15.656641,68.164355,0 15.85127,68.182178,0 16.00791,68.228711,0 16.038086,68.218164,0 16.064551,68.199902,0 16.120801,68.027344,0 16.260742,67.886572,0 16.312305,67.881445,0 16.258594,68.001221,0 16.308691,68.035645,0 16.372168,68.061816,0 16.391992,68.091602,0 16.319238,68.101758,0 16.259766,68.144531,0 16.174805,68.28125,0 16.203809,68.316748,0 16.387891,68.389551,0 16.618848,68.406299,0 16.864941,68.355273,0 16.951367,68.354687,0 17.094043,68.368408,0 17.336133,68.410352,0 17.478516,68.426318,0 17.552832,68.42627,0 17.571191,68.447461,0 17.502344,68.461084,0 17.480176,68.474316,0 17.426172,68.481934,0 17.202344,68.459277,0 16.584863,68.466455,0 16.525293,68.490674,0 16.514355,68.532568,0 16.579883,68.592676,0 16.651855,68.625781,0 16.884668,68.6854,0 17.131152,68.693457,0 17.39082,68.799365,0 17.490039,68.87876,0 17.546289,69.001123,0 17.70459,69.100049,0 18.101465,69.156299,0 18.11748,69.181201,0 18.075391,69.232617,0 18.078711,69.325244,0 18.1875,69.433105,0 18.259766,69.470605,0 18.293164,69.475098,0 18.378711,69.439844,0 18.482617,69.364844,0 18.645508,69.321875,0 18.858984,69.314453,0 18.915918,69.335596,0 18.75,69.378418,0 18.624414,69.434375,0 18.614453,69.490576,0 18.674023,69.520361,0 18.766602,69.517041,0 18.882812,69.52334,0 18.991113,69.561133,0 19.006836,69.587695,0 19.011328,69.62373,0 19.038379,69.6604,0 19.197266,69.747852,0 19.687012,69.804736,0 19.722461,69.781641,0 19.695996,69.612939,0 19.639746,69.503809,0 19.641504,69.424023,0 19.736816,69.503809,0 19.864648,69.722119,0 19.960547,69.824609,0 20.068945,69.883447,0 20.146387,69.896729,0 20.223047,69.927197,0 20.324219,69.945312,0 20.355176,69.921924,0 20.387207,69.867627,0 20.332715,69.676953,0 20.338184,69.61665,0 20.277148,69.53584,0 20.04375,69.355664,0 20.054492,69.332666,0 20.107227,69.341211,0 20.197656,69.370947,0 20.486719,69.54209,0 20.739453,69.520508,0 20.742578,69.534521,0 20.661523,69.584717,0 20.5625,69.632812,0 20.532715,69.692334,0 20.545996,69.851074,0 20.62207,69.913916,0 20.840332,69.907324,0 20.971094,69.916016,0 21.032129,69.887451,0 21.163086,69.889502,0 21.253711,70.003223,0 21.43291,70.013184,0 21.590234,69.938037,0 21.77959,69.887451,0 21.931738,69.814697,0 21.974707,69.83457,0 21.892578,70.004248,0 21.802734,70.066064,0 21.607813,70.098193,0 21.400391,70.174463,0 21.346289,70.208252,0 21.355762,70.233398,0 21.53877,70.257666,0 21.780273,70.229883,0 21.995508,70.293359,0 22.054395,70.275977,0 22.219434,70.30918,0 22.321973,70.264502,0 22.384766,70.277734,0 22.421191,70.337598,0 22.68457,70.374756,0 22.85166,70.340479,0 22.941211,70.30498,0 22.982813,70.236768,0 23.046484,70.101855,0 23.176953,70.029053,0 23.25791,69.993311,0 23.353906,69.983398,0 23.400195,70.019775,0 23.310254,70.063574,0 23.286035,70.104834,0 23.329102,70.207227,0 23.379395,70.247461,0 23.66123,70.399756,0 23.897168,70.47876,0 24.038477,70.485352,0 24.285547,70.662402,0 24.355566,70.69458,0 24.42002,70.702002,0 24.403516,70.745312,0 24.268164,70.772705,0 24.263477,70.826318,0 24.441797,70.891553,0 24.658008,71.001025,0 24.764746,71.008447,0 24.831641,70.978027,0 25.042188,70.928613,0 25.171191,70.872021,0 25.264648,70.843506,0 25.325391,70.849414,0 25.375586,70.891943,0 25.435938,70.911865,0 25.569824,70.900684,0 25.649707,70.87334,0 25.711914,70.869727,0 25.768164,70.853174,0 25.781445,70.816797,0 25.665625,70.777148,0 25.468262,70.671973,0 25.273535,70.552393,0 25.209277,70.489404,0 25.146387,70.324023,0 24.994238,70.218213,0 24.982715,70.143994,0 25.043848,70.109033,0 25.211816,70.136475,0 25.418848,70.235498,0 25.470508,70.340576,0 25.988086,70.625391,0 26.230859,70.782617,0 26.506934,70.912793,0 26.661328,70.939746,0 26.733984,70.853564,0 26.675488,70.740967,0 26.558203,70.669141,0 26.644629,70.63623,0 26.628125,70.550879,0 26.601172,70.503467,0 26.583984,70.453809,0 26.585059,70.41001,0 26.666113,70.42168,0 26.989355,70.511377,0 27.071289,70.608447,0 27.147266,70.681201,0 27.183691,70.744043,0 27.309375,70.803564,0 27.546484,70.804004,0 27.555664,70.827393,0 27.269043,70.91001,0 27.235254,70.947217,0 27.331641,70.996729,0 27.59707,71.091309,0 27.733496,71.080859,0 27.815039,71.059375,0 28.141699,71.043018,0 28.392285,70.975293,0 28.382715,70.869434,0 28.326855,70.825195,0 28.271875,70.797949,0 27.950977,70.717578,0 27.898047,70.67793,0 27.998828,70.664258,0 28.215625,70.704346,0 28.271777,70.667969,0 28.202734,70.576904,0 28.191016,70.440186,0 28.166016,70.3604,0 28.166016,70.287646,0 28.192969,70.248584,0 28.280078,70.403418,0 28.309863,70.443066,0 28.437305,70.501367,0 28.484766,70.618799,0 28.609375,70.759668,0 28.749805,70.841504,0 28.831543,70.863965,0 29.102344,70.860742,0 29.218555,70.829932,0 29.321094,70.761475,0 29.397656,70.734131,0 29.639063,70.705029,0 29.721973,70.668555,0 29.7375,70.646826,0 29.796484,70.642529,0 29.959375,70.694385,0 30.065137,70.702979,0 30.237695,70.622168,0 30.203027,70.562305,0 30.213184,70.543311,0 30.42207,70.547168,0 30.595898,70.523682,0 30.926367,70.401123,0 30.960645,70.343848,0 30.944141,70.274414,0 30.468945,70.197852,0 30.262988,70.124707,0 29.925879,70.096484,0 28.781152,70.14541,0 28.804297,70.092529,0 29.601367,69.976758,0 29.646875,69.943701,0 29.621387,69.874072,0 29.620996,69.818213,0 29.635938,69.780127,0 29.694629,69.74458,0 29.79209,69.727881,0 29.990332,69.73667,0 30.088281,69.717578,0 30.155176,69.745947,0 30.180078,69.841162,0 30.237598,69.862207,0 30.348828,69.83457,0 30.397266,69.732812,0 30.42832,69.722266,0 30.484375,69.794873,0 30.594531,69.789648,0 30.714453,69.795703,0 30.869727,69.783447,0 30.924121,69.651758,0 30.922461,69.605811,0 30.89668,69.56123,0 30.860742,69.538428,0 30.788867,69.528516,0 30.61543,69.532568,0 30.379688,69.584717,0 30.227539,69.633789,0 30.180176,69.63584,0 30.159766,69.629883,0 30.196484,69.580566,0 30.186719,69.542773,0 30.16377,69.501611,0 30.131836,69.464258,0 30.087305,69.432861,0 29.994043,69.39248,0 29.832715,69.360449,0 29.388281,69.298145,0 29.353027,69.270605,0 29.209961,69.097021,0 29.170898,69.071533,0 29.118555,69.049951,0 28.96582,69.021973,0 28.891895,69.060596,0 28.832617,69.118994,0 28.846289,69.176904,0 29.024902,69.287988,0 29.191797,69.366699,0 29.238867,69.393945,0 29.333398,69.472998,0 29.141602,69.671436,0 28.800391,69.731494,0 28.411719,69.822754,0 28.269141,69.871436,0 28.047266,69.97168,0 27.889941,70.06167,0 27.747852,70.064844,0 27.591699,70.042236,0 27.348047,69.960059,0 27.205664,69.918701,0 27.127539,69.906494,0 27.108691,69.904687,0 26.934277,69.928125,0 26.740234,69.933057,0 26.584277,69.926318,0 26.525391,69.915039,0 26.308203,69.781934,0 26.156152,69.714697,0 26.072461,69.691553,0 26.011523,69.652637,0 25.961523,69.588623,0 25.850195,69.366504,0 25.767188,69.282666,0 25.748633,69.231445,0 25.768164,69.076123,0 25.74834,68.990137,0 25.64668,68.919141,0 25.575293,68.887158,0 25.480859,68.880615,0 25.357129,68.862451,0 25.249121,68.821338,0 25.172852,68.765283,0 25.086914,68.6396,0 24.941406,68.593262,0 24.802441,68.606494,0 24.703223,68.652832,0 24.490527,68.688672,0 24.332031,68.711523,0 24.154102,68.760889,0 23.997363,68.798438,0 23.854004,68.805908,0 23.772559,68.758398,0 23.707031,68.713867,0 23.4625,68.677637,0 23.324023,68.648975,0 23.144336,68.642578,0 23.07168,68.674365,0 22.811035,68.695312,0 22.500684,68.720215,0 22.410938,68.719873,0 22.38291,68.776611,0 22.300391,68.855859,0 22.079688,68.992773,0 21.989453,69.041113,0 21.819727,69.154492,0 21.621777,69.270703,0 21.59375,69.273584,0 21.46123,69.27749,0 21.266797,69.273682,0 21.14375,69.247266,0 21.066113,69.214111,0 21.052637,69.186572,0 21.127832,69.080811,0 21.104492,69.054443,0 21.065723,69.041748,0 20.889258,69.071436,0 20.675879,69.069482,0 20.622168,69.036865,0</coordinates>
        </LinearRing>
      </outerBoundaryIs>
    </Polygon>
    <Polygon>
      <outerBoundaryIs>
        <LinearRing>
          <coordinates>4.958691,61.08457,0 4.870117,61.071924,0 4.799023,61.082715,0 4.824414,61.178223,0 4.861621,61.193848,0 4.91543,61.199365,0 4.973242,61.148242,0 4.958691,61.08457,0</coordinates>
        </LinearRing>
      </outerBoundaryIs>
    </Polygon>
    <Polygon>
      <outerBoundaryIs>
        <LinearRing>
          <coordinates>5.08584,60.307568,0 5.089063,60.18877,0 4.996973,60.197754,0 4.955566,60.243311,0 4.943555,60.272412,0 4.950781,60.341162,0 4.930078,60.412061,0 4.957227,60.447266,0 4.990625,60.452051,0 5.050195,60.388965,0 5.08584,60.307568,0</coordinates>
        </LinearRing>
      </outerBoundaryIs>
    </Polygon>
    <Polygon>
      <outerBoundaryIs>
        <LinearRing>
          <coordinates>29.956152,69.796777,0 29.766211,69.767529,0 29.744238,69.791602,0 29.785938,69.829053,0 29.83584,69.905566,0 29.913965,69.902441,0 29.992969,69.873242,0 30.055176,69.838379,0 29.956152,69.796777,0</coordinates>
        </LinearRing>
      </outerBoundaryIs>
    </Polygon>
    <Polygon>
      <outerBoundaryIs>
        <LinearRing>
          <coordinates>11.967969,65.626514,0 11.901855,65.595703,0 11.77832,65.604541,0 11.765137,65.630957,0 11.800391,65.683887,0 11.875391,65.705908,0 11.972363,65.701562,0 12.003223,65.679443,0 11.967969,65.626514,0</coordinates>
        </LinearRing>
      </outerBoundaryIs>
    </Polygon>
    <Polygon>
      <outerBoundaryIs>
        <LinearRing>
          <coordinates>8.470801,63.667139,0 8.356152,63.664795,0 8.287109,63.687158,0 8.45127,63.731836,0 8.708887,63.774316,0 8.733398,63.801318,0 8.764648,63.804639,0 8.80918,63.771436,0 8.814844,63.725977,0 8.786523,63.703467,0 8.470801,63.667139,0</coordinates>
        </LinearRing>
      </outerBoundaryIs>
    </Polygon>
    <Polygon>
      <outerBoundaryIs>
        <LinearRing>
          <coordinates>8.102734,63.337598,0 8.004688,63.336914,0 7.888281,63.352344,0 7.815332,63.385059,0 7.804004,63.413916,0 7.938379,63.449805,0 8.073535,63.470801,0 8.136133,63.431348,0 8.140918,63.366406,0 8.102734,63.337598,0</coordinates>
        </LinearRing>
      </outerBoundaryIs>
    </Polygon>
    <Polygon>
      <outerBoundaryIs>
        <LinearRing>
          <coordinates>23.440527,70.815771,0 23.420898,70.784424,0 23.387109,70.753906,0 23.305176,70.72168,0 23.068164,70.594092,0 22.928906,70.573535,0 22.884766,70.553516,0 22.829102,70.541553,0 22.656055,70.559033,0 22.605371,70.533154,0 22.55752,70.515869,0 22.432227,70.50918,0 22.358691,70.514795,0 22.16875,70.562109,0 22.055762,70.61333,0 21.994531,70.657129,0 22.17002,70.656299,0 22.232617,70.666895,0 22.350293,70.657666,0 22.420996,70.702588,0 22.570703,70.697168,0 22.858105,70.728418,0 22.963574,70.710986,0 23.204688,70.815479,0 23.280176,70.812744,0 23.395605,70.842578,0 23.440527,70.815771,0</coordinates>
        </LinearRing>
      </outerBoundaryIs>
    </Polygon>
    <Polygon>
      <outerBoundaryIs>
        <LinearRing>
          <coordinates>25.586328,71.14209,0 25.853516,71.103857,0 25.94502,71.104639,0 26.077637,71.033154,0 26.146875,71.039502,0 26.133789,70.995801,0 25.999707,70.975098,0 25.791309,70.9625,0 25.760156,70.953809,0 25.582031,70.960791,0 25.482031,71.01958,0 25.314941,71.034131,0 25.315234,71.052979,0 25.423438,71.097412,0 25.586328,71.14209,0</coordinates>
        </LinearRing>
      </outerBoundaryIs>
    </Polygon>
    <Polygon>
      <outerBoundaryIs>
        <LinearRing>
          <coordinates>23.615332,70.549316,0 23.633984,70.502539,0 23.641016,70.463965,0 23.547754,70.408154,0 23.332813,70.334961,0 23.345117,70.315283,0 23.270703,70.296484,0 23.15918,70.282617,0 23.100293,70.296094,0 23.108398,70.358838,0 23.090625,70.377637,0 23.005957,70.352783,0 22.917871,70.384668,0 22.917773,70.416748,0 22.941016,70.44458,0 23.022461,70.486914,0 23.158398,70.516064,0 23.248047,70.505127,0 23.54668,70.61709,0 23.578906,70.593652,0 23.615332,70.549316,0</coordinates>
        </LinearRing>
      </outerBoundaryIs>
    </Polygon>
    <Polygon>
      <outerBoundaryIs>
        <LinearRing>
          <coordinates>24.017578,70.567383,0 23.827148,70.52749,0 23.716602,70.561865,0 23.670117,70.59707,0 23.663281,70.675244,0 23.68916,70.722803,0 23.778418,70.747363,0 23.836523,70.729395,0 23.852051,70.714355,0 23.956445,70.699609,0 24.07832,70.650586,0 24.017578,70.567383,0</coordinates>
        </LinearRing>
      </outerBoundaryIs>
    </Polygon>
    <Polygon>
      <outerBoundaryIs>
        <LinearRing>
          <coordinates>13.872852,68.265332,0 13.932324,68.248242,0 14.087695,68.253223,0 14.118848,68.246826,0 14.096777,68.218604,0 14.029297,68.187549,0 13.887695,68.168506,0 13.824023,68.121094,0 13.778418,68.10498,0 13.656152,68.104785,0 13.583984,68.093848,0 13.495215,68.05166,0 13.424219,68.082764,0 13.404395,68.060693,0 13.391504,68.02124,0 13.352051,68.009668,0 13.229395,67.995361,0 13.199512,68.087256,0 13.255957,68.120605,0 13.300195,68.160449,0 13.367969,68.166553,0 13.428711,68.163232,0 13.537988,68.249023,0 13.687695,68.273389,0 13.784082,68.276123,0 13.872852,68.265332,0</coordinates>
        </LinearRing>
      </outerBoundaryIs>
    </Polygon>
    <Polygon>
      <outerBoundaryIs>
        <LinearRing>
          <coordinates>12.971777,67.874121,0 12.824023,67.82124,0 12.87793,67.917773,0 12.957715,68.015479,0 13.068066,68.071338,0 13.122852,68.049414,0 13.097754,68.002686,0 13.098242,67.956445,0 13.074609,67.93457,0 12.971777,67.874121,0</coordinates>
        </LinearRing>
      </outerBoundaryIs>
    </Polygon>
    <Polygon>
      <outerBoundaryIs>
        <LinearRing>
          <coordinates>15.207129,68.943115,0 15.337207,68.842432,0 15.396582,68.783594,0 15.348438,68.672412,0 15.22207,68.616309,0 15.027051,68.606348,0 14.890234,68.610986,0 14.804004,68.637988,0 14.793262,68.668262,0 14.743457,68.677197,0 14.612109,68.63833,0 14.520801,68.633057,0 14.404688,68.663232,0 14.373438,68.711426,0 14.49668,68.771875,0 14.553711,68.818848,0 14.69043,68.814697,0 14.724609,68.800098,0 14.801855,68.790967,0 14.848828,68.847559,0 14.837988,68.88667,0 14.872363,68.913867,0 15.0375,68.894287,0 15.037793,69.000537,0 15.101855,69.008008,0 15.128125,69.003955,0 15.175586,68.981543,0 15.207129,68.943115,0</coordinates>
        </LinearRing>
      </outerBoundaryIs>
    </Polygon>
    <Polygon>
      <outerBoundaryIs>
        <LinearRing>
          <coordinates>19.76748,70.216699,0 19.818359,70.20498,0 19.868652,70.212256,0 19.910449,70.201904,0 19.994141,70.149268,0 20.084277,70.128564,0 20.088477,70.102051,0 20.005957,70.076221,0 19.897266,70.068457,0 19.780859,70.077441,0 19.74668,70.110498,0 19.71084,70.165332,0 19.613477,70.219092,0 19.599023,70.266162,0 19.683789,70.273584,0 19.76748,70.216699,0</coordinates>
        </LinearRing>
      </outerBoundaryIs>
    </Polygon>
    <Polygon>
      <outerBoundaryIs>
        <LinearRing>
          <coordinates>20.779199,70.089746,0 20.725293,70.066504,0 20.642578,70.057031,0 20.598047,70.071436,0 20.534668,70.080908,0 20.464258,70.076562,0 20.405078,70.119141,0 20.411719,70.154883,0 20.492773,70.20332,0 20.654883,70.230859,0 20.786035,70.219531,0 20.819434,70.205469,0 20.779199,70.089746,0</coordinates>
        </LinearRing>
      </outerBoundaryIs>
    </Polygon>
    <Polygon>
      <outerBoundaryIs>
        <LinearRing>
          <coordinates>19.255078,70.066406,0 19.34375,70.011963,0 19.422266,70.017188,0 19.445898,70.037744,0 19.499512,70.0479,0 19.607813,70.019141,0 19.592285,69.970166,0 19.442383,69.908398,0 19.334766,69.820264,0 19.19707,69.799805,0 19.130859,69.810449,0 19.007812,69.75957,0 18.90918,69.706689,0 18.806934,69.639844,0 18.800684,69.605371,0 18.784766,69.579004,0 18.410254,69.552832,0 18.274121,69.535498,0 18.129883,69.557861,0 18.061523,69.6021,0 18.083496,69.626123,0 18.227441,69.635742,0 18.232031,69.676758,0 18.268457,69.701807,0 18.315039,69.715479,0 18.349316,69.767871,0 18.40625,69.781543,0 18.512402,69.768652,0 18.583984,69.806592,0 18.624316,69.813037,0 18.674023,69.781641,0 18.697949,69.824854,0 18.674023,69.864307,0 18.686523,69.890918,0 18.823828,69.960107,0 18.883203,70.010547,0 18.968652,70.043018,0 19.050977,70.037842,0 19.074902,70.085693,0 19.050977,70.134668,0 19.060059,70.166602,0 19.132715,70.244141,0 19.212695,70.247461,0 19.249414,70.178564,0 19.255078,70.066406,0</coordinates>
        </LinearRing>
      </outerBoundaryIs>
    </Polygon>
    <Polygon>
      <outerBoundaryIs>
        <LinearRing>
          <coordinates>12.50957,65.901953,0 12.429492,65.899072,0 12.430176,65.939941,0 12.476074,65.9771,0 12.548828,66.001904,0 12.642383,66.008545,0 12.74707,66.011377,0 12.778809,65.991699,0 12.718652,65.963867,0 12.50957,65.901953,0</coordinates>
        </LinearRing>
      </outerBoundaryIs>
    </Polygon>
    <Polygon>
      <outerBoundaryIs>
        <LinearRing>
          <coordinates>12.419922,66.043262,0 12.327344,66.036621,0 12.342773,66.080762,0 12.417676,66.122656,0 12.446387,66.151318,0 12.461328,66.18501,0 12.527441,66.210547,0 12.620801,66.17793,0 12.622656,66.122461,0 12.576367,66.071924,0 12.419922,66.043262,0</coordinates>
        </LinearRing>
      </outerBoundaryIs>
    </Polygon>
    <Polygon>
      <outerBoundaryIs>
        <LinearRing>
          <coordinates>11.231445,64.865869,0 11.179004,64.838037,0 11.0625,64.8604,0 10.83252,64.843115,0 10.739844,64.870312,0 10.813477,64.923242,0 11.020996,64.978711,0 11.132617,64.976172,0 11.246191,64.90791,0 11.231445,64.865869,0</coordinates>
        </LinearRing>
      </outerBoundaryIs>
    </Polygon>
    <Polygon>
      <outerBoundaryIs>
        <LinearRing>
          <coordinates>17.503027,69.59624,0 17.623242,69.539062,0 17.677344,69.556543,0 17.783691,69.563037,0 17.862793,69.542969,0 17.927441,69.506641,0 18.004102,69.50498,0 18.052246,69.45752,0 18.076758,69.395752,0 18.021094,69.349609,0 17.94209,69.328711,0 17.920703,69.274316,0 17.950684,69.198145,0 17.773535,69.172021,0 17.568164,69.1604,0 17.487891,69.196826,0 17.323633,69.130029,0 17.160938,69.025928,0 17.08252,69.013672,0 17.077051,69.046631,0 16.960156,69.069385,0 16.810449,69.070703,0 16.81543,69.095117,0 16.842578,69.112354,0 16.971777,69.137891,0 16.997559,69.190625,0 16.974121,69.284717,0 16.996875,69.330371,0 17.001758,69.361914,0 17.083008,69.398828,0 17.36084,69.381494,0 17.394531,69.416699,0 17.373438,69.438867,0 17.229883,69.477686,0 17.251953,69.503809,0 17.355566,69.527148,0 17.453613,69.530176,0 17.483105,69.569678,0 17.488184,69.586865,0 17.503027,69.59624,0</coordinates>
        </LinearRing>
      </outerBoundaryIs>
    </Polygon>
    <Polygon>
      <outerBoundaryIs>
        <LinearRing>
          <coordinates>15.760352,68.56123,0 15.772363,68.554199,0 15.908594,68.650488,0 16.05957,68.680518,0 16.068945,68.714014,0 16.127441,68.746436,0 16.120801,68.799365,0 16.150586,68.842383,0 16.227539,68.85376,0 16.275586,68.868311,0 16.328906,68.876318,0 16.425195,68.841553,0 16.479688,68.80293,0 16.547363,68.716553,0 16.519238,68.633008,0 16.337988,68.567871,0 16.193945,68.538477,0 16.048438,68.463672,0 15.975293,68.40249,0 15.9125,68.389258,0 15.872754,68.394238,0 15.837402,68.409033,0 15.763672,68.409082,0 15.68252,68.356006,0 15.4375,68.312842,0 15.341406,68.325293,0 15.337012,68.378223,0 15.279688,68.373828,0 15.187891,68.3104,0 15.098047,68.289209,0 15.037695,68.282715,0 14.926855,68.306592,0 14.628906,68.198486,0 14.349512,68.178271,0 14.25752,68.190771,0 14.257227,68.256934,0 14.437793,68.341553,0 14.58584,68.400342,0 15.095313,68.441406,0 15.412598,68.61582,0 15.489258,68.805322,0 15.564258,68.87373,0 15.529004,68.912402,0 15.443652,68.919189,0 15.438477,68.978564,0 15.483008,69.043457,0 15.649512,69.132568,0 15.741992,69.170508,0 15.892676,69.277881,0 15.965332,69.302051,0 16.048047,69.302051,0 16.129492,69.273926,0 16.114844,69.216406,0 15.992676,69.112646,0 15.811719,69.024219,0 15.833789,68.960742,0 15.905859,68.908496,0 15.923535,68.819189,0 15.92793,68.733203,0 15.790723,68.617041,0 15.760352,68.56123,0</coordinates>
        </LinearRing>
      </outerBoundaryIs>
    </Polygon>
    <Polygon>
      <outerBoundaryIs>
        <LinearRing>
          <coordinates>-8.953564,70.83916,0 -9.045801,70.832666,0 -9.098877,70.854883,0 -8.964648,70.915918,0 -8.520801,71.030664,0 -8.343701,71.140137,0 -8.001367,71.177686,0 -7.978809,71.116895,0 -8.0021,71.04126,0 -8.302344,70.981152,0 -8.635352,70.94043,0 -8.953564,70.83916,0</coordinates>
        </LinearRing>
      </outerBoundaryIs>
    </Polygon>
    <Polygon>
      <outerBoundaryIs>
        <LinearRing>
          <coordinates>19.219336,74.391016,0 19.098535,74.352148,0 18.917578,74.410645,0 18.797461,74.485693,0 18.86123,74.51416,0 19.18291,74.51792,0 19.261523,74.478955,0 19.274707,74.456738,0 19.219336,74.391016,0</coordinates>
        </LinearRing>
      </outerBoundaryIs>
    </Polygon>
    <Polygon>
      <outerBoundaryIs>
        <LinearRing>
          <coordinates>26.875977,78.648926,0 26.729492,78.646484,0 26.45957,78.720264,0 26.407715,78.784326,0 26.455762,78.810498,0 26.585938,78.811475,0 26.78877,78.723975,0 27.007617,78.69751,0 26.875977,78.648926,0</coordinates>
        </LinearRing>
      </outerBoundaryIs>
    </Polygon>
    <Polygon>
      <outerBoundaryIs>
        <LinearRing>
          <coordinates>32.525977,80.119141,0 31.577637,80.081445,0 31.481934,80.10791,0 33.019141,80.217969,0 33.098633,80.228711,0 33.383984,80.242334,0 33.629297,80.217432,0 33.556641,80.198145,0 32.525977,80.119141,0</coordinates>
        </LinearRing>
      </outerBoundaryIs>
    </Polygon>
    <Polygon>
      <outerBoundaryIs>
        <LinearRing>
          <coordinates>21.608105,78.595703,0 21.745605,78.572021,0 22.043164,78.576953,0 22.207324,78.407666,0 22.299512,78.228174,0 22.449316,78.215234,0 22.73457,78.239941,0 22.988867,78.251953,0 23.119238,78.238623,0 23.35166,78.186279,0 23.451953,78.149463,0 23.364648,78.120508,0 23.151953,78.088086,0 23.116699,77.991504,0 23.330566,77.957861,0 23.683984,77.875439,0 23.883008,77.864746,0 24.238281,77.898535,0 24.571484,77.834424,0 24.901855,77.756592,0 24.129785,77.658252,0 24.061914,77.630615,0 23.95498,77.557715,0 23.841211,77.497754,0 23.736133,77.462354,0 23.505176,77.401416,0 23.380859,77.380322,0 23.101367,77.385059,0 22.99668,77.360791,0 22.899512,77.311377,0 22.801758,77.275781,0 22.553711,77.26665,0 22.426953,77.315918,0 22.468848,77.331104,0 22.486621,77.360107,0 22.44248,77.429346,0 22.678906,77.500146,0 22.732617,77.539355,0 22.685352,77.553516,0 22.620313,77.549609,0 22.448242,77.571143,0 22.397266,77.570117,0 22.25459,77.528857,0 22.056836,77.501172,0 21.856152,77.494141,0 21.049902,77.440967,0 20.928125,77.459668,0 20.873145,77.565332,0 21.201074,77.619482,0 21.251465,77.710938,0 21.33418,77.771777,0 21.430859,77.812109,0 21.608398,77.916064,0 21.653125,77.923535,0 21.210449,78.005762,0 21.035449,78.05918,0 20.844922,78.165869,0 20.786426,78.252148,0 20.52832,78.325586,0 20.560254,78.419385,0 20.372754,78.412012,0 20.22793,78.477832,0 20.362695,78.514795,0 21.046875,78.556738,0 21.454785,78.597559,0 21.608105,78.595703,0</coordinates>
        </LinearRing>
      </outerBoundaryIs>
    </Polygon>
    <Polygon>
      <outerBoundaryIs>
        <LinearRing>
          <coordinates>20.897852,80.249951,0 20.998438,80.238818,0 21.549219,80.24292,0 21.654883,80.218457,0 21.69668,80.15918,0 21.780664,80.13877,0 21.897754,80.132471,0 22.190234,80.059717,0 22.289746,80.049219,0 22.376367,80.089648,0 22.442676,80.190283,0 22.446191,80.30835,0 22.417871,80.365527,0 22.450781,80.402246,0 22.548828,80.416455,0 22.67207,80.412646,0 22.792578,80.433008,0 22.896875,80.468994,0 23.008008,80.473975,0 23.251367,80.44668,0 23.31543,80.425244,0 23.250098,80.380859,0 23.224609,80.317627,0 23.114551,80.186963,0 23.35332,80.178857,0 23.687988,80.206543,0 23.772949,80.244385,0 23.95293,80.30459,0 24.142969,80.295166,0 24.234082,80.303125,0 24.280176,80.329297,0 24.297559,80.3604,0 24.402637,80.355176,0 24.54668,80.295166,0 24.613672,80.28584,0 24.736328,80.301318,0 24.785938,80.300684,0 24.907031,80.27666,0 25.471289,80.233105,0 25.666895,80.209766,0 25.751172,80.188037,0 25.836328,80.175146,0 26.436719,80.175488,0 26.86084,80.16001,0 27.017188,80.125488,0 27.14834,80.059229,0 27.198633,79.906592,0 27.079883,79.865381,0 26.221094,79.677441,0 26.005859,79.617041,0 25.902051,79.561377,0 25.726367,79.439746,0 25.641211,79.403027,0 25.239063,79.345068,0 25.145117,79.338867,0 24.842871,79.367236,0 24.750586,79.3646,0 24.383398,79.301611,0 24.256836,79.263477,0 24.13291,79.215479,0 23.947754,79.194287,0 23.758789,79.205615,0 22.903711,79.230664,0 22.78916,79.264355,0 22.695703,79.329053,0 22.865527,79.411865,0 21.911426,79.381055,0 20.861133,79.397852,0 20.805566,79.409521,0 20.76084,79.441504,0 20.399512,79.463379,0 20.128223,79.4896,0 19.900195,79.533789,0 19.674609,79.591162,0 19.74668,79.617969,0 19.821094,79.633643,0 20.014844,79.640234,0 20.187109,79.632275,0 20.493457,79.632764,0 20.564844,79.690527,0 20.686816,79.707178,0 20.784082,79.748584,0 20.460742,79.774658,0 20.123438,79.778564,0 19.898633,79.744189,0 19.638086,79.728613,0 19.4,79.726562,0 18.94209,79.736328,0 18.725,79.760742,0 18.428027,79.824512,0 18.324707,79.859717,0 18.284766,79.887354,0 18.255371,79.929199,0 18.594629,79.966699,0 18.726465,79.99624,0 18.855957,80.036621,0 18.343848,80.05957,0 18.129492,80.093408,0 17.916895,80.143115,0 18.089453,80.171143,0 18.779297,80.193506,0 18.961914,80.174805,0 19.142969,80.138672,0 19.343359,80.116406,0 19.537109,80.163232,0 19.354688,80.1854,0 19.191406,80.263232,0 19.156934,80.301855,0 19.17832,80.331543,0 19.26377,80.335986,0 19.327441,80.323096,0 19.568457,80.25,0 19.751074,80.227197,0 19.802246,80.294727,0 19.810352,80.326807,0 19.777148,80.353369,0 19.691309,80.402344,0 19.614355,80.462549,0 19.733301,80.477832,0 19.851172,80.471191,0 20.104297,80.42998,0 20.359375,80.400928,0 20.475879,80.371631,0 20.693457,80.298682,0 20.897852,80.249951,0</coordinates>
        </LinearRing>
      </outerBoundaryIs>
    </Polygon>
    <Polygon>
      <outerBoundaryIs>
        <LinearRing>
          <coordinates>16.786719,79.906738,0 16.838477,79.904785,0 16.888965,79.91543,0 16.925586,79.943457,0 16.966406,79.958936,0 17.219434,79.940771,0 17.578223,79.884668,0 17.684766,79.857031,0 17.83457,79.800049,0 17.956152,79.704248,0 17.859766,79.63501,0 17.732617,79.569531,0 17.6875,79.53335,0 17.733984,79.481348,0 17.715039,79.430762,0 17.66875,79.385937,0 17.861035,79.437061,0 18.27207,79.600586,0 18.333301,79.610693,0 18.397363,79.605176,0 18.581445,79.571582,0 18.748438,79.488184,0 18.785254,79.460596,0 18.815234,79.42666,0 18.832422,79.384766,0 18.822949,79.33667,0 18.807422,79.303174,0 18.72002,79.281494,0 18.677832,79.261719,0 18.772266,79.260254,0 18.880078,79.234277,0 18.979004,79.17915,0 19.089453,79.157031,0 19.490234,79.175684,0 19.750879,79.146826,0 19.893555,79.056201,0 20.11377,79.076709,0 20.114453,79.125,0 20.162695,79.145654,0 20.458203,79.129248,0 20.611035,79.106641,0 20.767188,79.059131,0 20.500684,78.981396,0 20.720313,78.906689,0 21.089648,78.852637,0 21.312207,78.79585,0 21.352539,78.772021,0 21.38877,78.74043,0 21.243945,78.699414,0 21.096289,78.67627,0 20.724805,78.672314,0 20.387012,78.643262,0 19.76875,78.622705,0 19.676758,78.60957,0 19.65498,78.597852,0 19.618555,78.562158,0 19.380664,78.479785,0 19.150488,78.379395,0 19.055664,78.318945,0 18.983789,78.234229,0 18.957617,78.182471,0 19.008691,78.132275,0 18.995117,78.081494,0 18.82207,78.041699,0 18.712305,78.040088,0 18.574609,78.047998,0 18.439258,78.025049,0 18.430664,77.990576,0 18.438672,77.942041,0 18.404004,77.793945,0 18.361914,77.682275,0 18.29873,77.578564,0 18.22793,77.522607,0 18.137402,77.507031,0 17.84707,77.496777,0 17.62334,77.399365,0 17.44248,77.225244,0 17.348633,77.156885,0 17.152539,77.048926,0 17.187891,77.010645,0 17.249023,76.969189,0 17.141992,76.894922,0 16.97666,76.811621,0 16.979883,76.779395,0 17.035547,76.720361,0 17.062695,76.658984,0 16.935156,76.606152,0 16.700488,76.579297,0 16.461914,76.609326,0 16.345801,76.644775,0 16.238086,76.701514,0 16.123828,76.738525,0 16.004492,76.760742,0 15.546777,76.886426,0 15.124219,77.085107,0 14.738477,77.162354,0 14.486914,77.199023,0 14.36582,77.234473,0 14.247559,77.282129,0 14.145313,77.335596,0 14.050391,77.403223,0 14.004199,77.445215,0 13.995703,77.508203,0 14.026074,77.545166,0 14.071289,77.564111,0 14.377637,77.579639,0 14.487793,77.57085,0 14.596289,77.537939,0 14.69502,77.525049,0 14.920801,77.688818,0 16.205957,77.782471,0 16.619141,77.798682,0 17.033301,77.797705,0 16.96875,77.841943,0 16.914062,77.897998,0 16.85293,77.911572,0 16.539648,77.880225,0 16.060059,77.847119,0 15.826367,77.84707,0 15.585352,77.869141,0 15.344824,77.856982,0 15.096875,77.809033,0 14.846875,77.778662,0 14.603906,77.766455,0 14.089941,77.771387,0 13.9625,77.79624,0 13.791113,77.853809,0 13.749609,77.883301,0 13.71416,77.919434,0 13.680566,78.028125,0 13.717676,78.057617,0 13.770117,78.074609,0 13.824023,78.08501,0 13.936914,78.085547,0 14.047754,78.066846,0 14.307227,78.005078,0 14.248145,78.071387,0 14.994727,78.151221,0 15.341406,78.220947,0 15.519434,78.232715,0 15.698047,78.227588,0 15.658691,78.264697,0 15.657129,78.299023,0 15.783887,78.327051,0 15.875391,78.339111,0 16.150293,78.352881,0 16.776953,78.350439,0 17.00293,78.369385,0 17.171973,78.417139,0 16.991797,78.400488,0 16.81123,78.397266,0 16.726562,78.407178,0 16.535352,78.448877,0 16.448633,78.503564,0 16.696582,78.612891,0 16.782617,78.663623,0 16.530469,78.656299,0 16.446289,78.638525,0 16.15752,78.538135,0 15.944043,78.493018,0 15.680664,78.471338,0 15.417383,78.473242,0 15.359961,78.487549,0 15.279395,78.554102,0 15.254199,78.589062,0 15.264941,78.608301,0 15.34834,78.663135,0 15.391602,78.721191,0 15.38418,78.771191,0 15.322754,78.781201,0 15.225293,78.732324,0 15.137305,78.664258,0 15.016309,78.630127,0 14.891797,78.639453,0 14.838672,78.665576,0 14.792383,78.705566,0 14.743555,78.720947,0 14.689258,78.720947,0 14.577637,78.70498,0 14.467188,78.675391,0 14.505273,78.630518,0 14.51543,78.580566,0 14.467773,78.540918,0 14.431836,78.49248,0 14.545605,78.461963,0 14.638281,78.4146,0 14.499512,78.392383,0 14.363281,78.359912,0 14.238281,78.309863,0 14.110449,78.270898,0 13.907617,78.266748,0 13.65498,78.245166,0 13.150195,78.2375,0 12.912793,78.301074,0 12.869531,78.33125,0 12.822168,78.351465,0 12.664648,78.384766,0 12.434766,78.482959,0 12.25791,78.594678,0 12.138281,78.605518,0 11.961719,78.642383,0 11.865527,78.674219,0 11.773828,78.716406,0 11.746289,78.76626,0 11.755176,78.81167,0 11.861035,78.831885,0 11.611035,78.882959,0 11.36543,78.950391,0 11.456152,78.972998,0 11.547559,78.982959,0 12.274902,78.904492,0 12.323438,78.914258,0 12.40332,78.953223,0 12.375,78.966357,0 12.253125,78.975342,0 12.087305,78.975098,0 12.045801,78.983154,0 11.981836,79.025293,0 11.925684,79.077246,0 11.901953,79.111865,0 11.892773,79.152344,0 12.016113,79.213086,0 12.083984,79.267529,0 11.97832,79.292676,0 11.679297,79.291162,0 11.579785,79.283496,0 11.616406,79.205273,0 11.521191,79.15127,0 11.338867,79.109131,0 11.208105,79.129639,0 11.107227,79.232959,0 10.975391,79.304883,0 10.925781,79.350195,0 10.888086,79.41543,0 10.834375,79.462842,0 10.737598,79.520166,0 10.725,79.555518,0 10.737012,79.581641,0 10.810742,79.640918,0 10.75459,79.690332,0 10.68623,79.733594,0 10.682129,79.758252,0 10.746387,79.788672,0 10.804004,79.798779,0 10.865918,79.796582,0 11.049609,79.760303,0 11.150391,79.716992,0 11.185254,79.720459,0 11.250586,79.784863,0 11.343652,79.799414,0 11.702344,79.820605,0 12.101758,79.737549,0 12.205176,79.719092,0 12.287793,79.713135,0 12.245215,79.75,0 12.219141,79.7979,0 12.27998,79.815967,0 12.602441,79.773242,0 12.753516,79.775781,0 13.10752,79.831738,0 13.692871,79.860986,0 13.91416,79.816943,0 13.925684,79.793408,0 13.921094,79.761719,0 13.907031,79.752197,0 13.777539,79.715283,0 13.039258,79.685156,0 12.555371,79.569482,0 13.215137,79.588086,0 13.333789,79.574805,0 13.383594,79.480762,0 13.431641,79.470898,0 13.60127,79.457227,0 13.716211,79.42915,0 13.833691,79.375684,0 13.957227,79.339648,0 14.02959,79.344141,0 14.055859,79.383105,0 14.026367,79.429297,0 14.011133,79.481934,0 14.019824,79.538672,0 14.039844,79.585645,0 14.178418,79.618701,0 14.379785,79.725977,0 14.593652,79.79873,0 14.831836,79.766406,0 15.052344,79.675342,0 15.25127,79.545459,0 15.443945,79.406787,0 15.660156,79.234863,0 15.764063,79.174268,0 15.858496,79.159912,0 16.294531,78.981055,0 16.34375,78.976123,0 16.253516,79.112109,0 16.027539,79.342383,0 15.875098,79.519238,0 15.840723,79.586865,0 15.816113,79.681836,0 15.825781,79.709033,0 15.845117,79.733594,0 15.955762,79.835107,0 16.100195,79.884424,0 16.056641,79.953955,0 16.093848,80.007324,0 16.245703,80.049463,0 16.386621,80.052588,0 16.524023,80.020508,0 16.786719,79.906738,0</coordinates>
        </LinearRing>
      </outerBoundaryIs>
    </Polygon>
    <Polygon>
      <outerBoundaryIs>
        <LinearRing>
          <coordinates>11.250293,78.610693,0 11.261719,78.541699,0 11.424219,78.548584,0 11.616309,78.475098,0 11.825684,78.436084,0 11.884863,78.409326,0 11.929395,78.374902,0 12.056152,78.305615,0 12.116406,78.232568,0 11.965039,78.224854,0 11.756543,78.329004,0 11.586523,78.388232,0 11.372461,78.43877,0 11.199219,78.44126,0 11.121289,78.463281,0 10.840625,78.644727,0 10.788867,78.686523,0 10.628418,78.753857,0 10.557617,78.8375,0 10.558203,78.90293,0 10.772852,78.8875,0 10.96084,78.846387,0 11.123926,78.753369,0 11.15293,78.724463,0 11.078223,78.686035,0 11.15498,78.640576,0 11.250293,78.610693,0</coordinates>
        </LinearRing>
      </outerBoundaryIs>
    </Polygon>
    <Polygon>
      <outerBoundaryIs>
        <LinearRing>
          <coordinates>18.741602,80.300928,0 18.525,80.245605,0 18.162207,80.288184,0 18.205566,80.331787,0 18.291699,80.35835,0 18.519336,80.34834,0 18.741602,80.300928,0</coordinates>
        </LinearRing>
      </outerBoundaryIs>
    </Polygon>
    <Polygon>
      <outerBoundaryIs>
        <LinearRing>
          <coordinates>29.04707,78.912061,0 29.34541,78.905762,0 29.645117,78.921631,0 29.69668,78.904736,0 29.310547,78.8521,0 28.881152,78.880078,0 28.494531,78.887207,0 28.037891,78.828711,0 27.889063,78.852148,0 28.120996,78.908447,0 28.374023,78.927051,0 28.414746,78.961426,0 28.511133,78.967334,0 28.845215,78.97085,0 29.04707,78.912061,0</coordinates>
        </LinearRing>
      </outerBoundaryIs>
    </Polygon>
    </MultiGeometry>
  </Placemark>
    <Placemark><name>Netherlands</name><styleUrl>#country_border</styleUrl><MultiGeometry>
    <Polygon>
      <outerBoundaryIs>
        <LinearRing>
          <coordinates>5.993945,50.750439,0 5.892461,50.752557,0 5.797363,50.754541,0 5.74707,50.75957,0 5.693652,50.774658,0 5.693555,50.774756,0 5.669141,50.805957,0 5.639453,50.843604,0 5.647559,50.86665,0 5.736621,50.932129,0 5.75,50.950244,0 5.74082,50.959912,0 5.749805,50.98877,0 5.818262,51.086426,0 5.827148,51.125635,0 5.796484,51.153076,0 5.752344,51.169482,0 5.608789,51.198437,0 5.54043,51.239307,0 5.508789,51.275,0 5.476855,51.285059,0 5.429785,51.272998,0 5.31084,51.259717,0 5.21416,51.278955,0 5.099902,51.346484,0 5.073438,51.406836,0 5.059473,51.453125,0 5.030957,51.469092,0 4.992578,51.445361,0 4.943945,51.407764,0 4.848047,51.403271,0 4.820703,51.412061,0 4.816016,51.432812,0 4.810547,51.452734,0 4.78418,51.477393,0 4.755664,51.491113,0 4.633984,51.421729,0 4.58877,51.421924,0 4.531641,51.448584,0 4.503418,51.474707,0 4.440918,51.459814,0 4.384766,51.427588,0 4.404004,51.36709,0 4.37373,51.356006,0 4.304492,51.361523,0 4.226172,51.386475,0 4.138867,51.401514,0 4.006543,51.443213,0 3.821875,51.409375,0 3.693555,51.449902,0 3.586914,51.453906,0 3.520508,51.486182,0 3.448926,51.540771,0 3.499609,51.57666,0 3.548633,51.589111,0 3.743945,51.596045,0 3.886035,51.574219,0 4.141309,51.455762,0 4.205762,51.456689,0 4.274121,51.471631,0 4.239355,51.503906,0 4.175488,51.519287,0 4.080469,51.551123,0 4.004785,51.59585,0 4.182617,51.610303,0 4.158008,51.633447,0 4.13457,51.6729,0 3.946875,51.810547,0 3.978906,51.847803,0 4.026074,51.927734,0 4.084863,51.994092,0 4.131738,52.011914,0 4.208789,52.058984,0 4.37627,52.196826,0 4.482813,52.30918,0 4.562109,52.442578,0 4.67832,52.809766,0 4.712695,52.872119,0 4.76875,52.941309,0 4.839063,52.928271,0 4.887988,52.90835,0 5.06123,52.960645,0 5.358398,53.096484,0 5.445996,53.214062,0 5.532031,53.268701,0 5.873535,53.375195,0 6.062207,53.40708,0 6.353223,53.415283,0 6.563574,53.434277,0 6.816211,53.441162,0 6.912402,53.375391,0 6.968164,53.327295,0 7.058008,53.300586,0 7.197266,53.282275,0 7.188965,53.187207,0 7.189941,52.999512,0 7.179492,52.966211,0 7.11709,52.887012,0 7.050879,52.744775,0 7.033008,52.651367,0 7.013184,52.633545,0 6.748438,52.634082,0 6.710742,52.617871,0 6.705371,52.597656,0 6.71875,52.573584,0 6.712402,52.549658,0 6.691602,52.530176,0 6.70293,52.499219,0 6.748828,52.464014,0 6.83252,52.442285,0 6.92207,52.440283,0 6.968164,52.444092,0 7.001855,52.418994,0 7.035156,52.380225,0 7.032617,52.331494,0 7.019629,52.266016,0 6.977246,52.205518,0 6.855078,52.135791,0 6.800391,52.11123,0 6.749023,52.098682,0 6.724512,52.080225,0 6.712988,52.056885,0 6.715625,52.036182,0 6.802441,51.980176,0 6.800391,51.967383,0 6.775195,51.938281,0 6.741797,51.910889,0 6.517578,51.853955,0 6.425,51.858398,0 6.372168,51.830029,0 6.355664,51.824658,0 6.29707,51.850732,0 6.166504,51.880762,0 6.117188,51.87041,0 6.089844,51.853955,0 6.007617,51.833984,0 5.94873,51.802686,0 5.948535,51.762402,0 6.052734,51.658252,0 6.089355,51.637793,0 6.091113,51.598926,0 6.141602,51.550098,0 6.193262,51.488916,0 6.198828,51.45,0 6.192871,51.410596,0 6.166211,51.354834,0 6.075879,51.224121,0 6.074805,51.199023,0 6.082422,51.17998,0 6.113379,51.174707,0 6.136914,51.164844,0 6.12998,51.147412,0 5.961035,51.056689,0 5.939258,51.04082,0 5.868359,51.045312,0 5.85752,51.030127,0 5.867188,51.005664,0 5.894727,50.984229,0 5.955078,50.972949,0 6.006836,50.949951,0 6.048438,50.904883,0 5.993945,50.750439,0</coordinates>
        </LinearRing>
      </outerBoundaryIs>
    </Polygon>
    <Polygon>
      <outerBoundaryIs>
        <LinearRing>
          <coordinates>4.226172,51.386475,0 4.211426,51.34873,0 4.172559,51.30708,0 4.040039,51.24707,0 3.902051,51.207666,0 3.830762,51.212598,0 3.781934,51.233203,0 3.755664,51.254834,0 3.681836,51.275684,0 3.580273,51.286182,0 3.51709,51.263623,0 3.471973,51.242236,0 3.43252,51.245752,0 3.402832,51.263623,0 3.380078,51.291113,0 3.350098,51.377686,0 3.425781,51.393506,0 3.589453,51.399414,0 3.716504,51.369141,0 3.883398,51.354492,0 4.011035,51.395947,0 4.111523,51.360645,0 4.226172,51.386475,0</coordinates>
        </LinearRing>
      </outerBoundaryIs>
    </Polygon>
    <Polygon>
      <outerBoundaryIs>
        <LinearRing>
          <coordinates>6.333398,53.510742,0 6.193262,53.476807,0 6.159277,53.483936,0 6.167676,53.49375,0 6.290918,53.51499,0 6.333398,53.510742,0</coordinates>
        </LinearRing>
      </outerBoundaryIs>
    </Polygon>
    <Polygon>
      <outerBoundaryIs>
        <LinearRing>
          <coordinates>5.929297,53.458838,0 5.732031,53.442627,0 5.665332,53.454883,0 5.654297,53.466504,0 5.708105,53.473389,0 5.87627,53.475098,0 5.928223,53.46499,0 5.929297,53.458838,0</coordinates>
        </LinearRing>
      </outerBoundaryIs>
    </Polygon>
    <Polygon>
      <outerBoundaryIs>
        <LinearRing>
          <coordinates>5.108594,53.308008,0 4.92373,53.23457,0 4.90791,53.24624,0 5.027051,53.310205,0 5.108594,53.308008,0</coordinates>
        </LinearRing>
      </outerBoundaryIs>
    </Polygon>
    <Polygon>
      <outerBoundaryIs>
        <LinearRing>
          <coordinates>5.325781,53.385742,0 5.232617,53.377783,0 5.190234,53.391797,0 5.415137,53.431445,0 5.557422,53.443555,0 5.582617,53.438086,0 5.325781,53.385742,0</coordinates>
        </LinearRing>
      </outerBoundaryIs>
    </Polygon>
    <Polygon>
      <outerBoundaryIs>
        <LinearRing>
          <coordinates>4.886133,53.070703,0 4.787109,52.999805,0 4.726758,53.019629,0 4.70918,53.036035,0 4.739844,53.091309,0 4.886426,53.183301,0 4.886133,53.070703,0</coordinates>
        </LinearRing>
      </outerBoundaryIs>
    </Polygon>
    <Polygon>
      <outerBoundaryIs>
        <LinearRing>
          <coordinates>3.949121,51.739453,0 4.046777,51.684912,0 4.067578,51.66748,0 4.075098,51.648779,0 3.950977,51.627051,0 3.819043,51.693994,0 3.731836,51.678223,0 3.699023,51.709912,0 3.698535,51.729687,0 3.789062,51.746436,0 3.949121,51.739453,0</coordinates>
        </LinearRing>
      </outerBoundaryIs>
    </Polygon>
    <Polygon>
      <outerBoundaryIs>
        <LinearRing>
          <coordinates>6.734766,53.58252,0 6.64209,53.579199,0 6.668555,53.605664,0 6.75459,53.625488,0 6.800879,53.625488,0 6.734766,53.58252,0</coordinates>
        </LinearRing>
      </outerBoundaryIs>
    </Polygon>
    <Polygon>
      <outerBoundaryIs>
        <LinearRing>
          <coordinates>-68.205811,12.14458,0 -68.254346,12.03208,0 -68.282227,12.082275,0 -68.287256,12.171729,0 -68.307129,12.206738,0 -68.348437,12.228076,0 -68.371094,12.25752,0 -68.369238,12.301953,0 -68.219482,12.23125,0 -68.205811,12.14458,0</coordinates>
        </LinearRing>
      </outerBoundaryIs>
    </Polygon>
    <Polygon>
      <outerBoundaryIs>
        <LinearRing>
          <coordinates>-62.9375,17.495654,0 -62.961719,17.475049,0 -62.983105,17.476904,0 -62.997168,17.496826,0 -62.999609,17.530371,0 -62.979346,17.521191,0 -62.971777,17.516064,0 -62.96543,17.509277,0 -62.9375,17.495654,0</coordinates>
        </LinearRing>
      </outerBoundaryIs>
    </Polygon>
    <Polygon>
      <outerBoundaryIs>
        <LinearRing>
          <coordinates>-63.232666,17.623145,0 -63.241602,17.61958,0 -63.254492,17.628662,0 -63.252148,17.645264,0 -63.24165,17.651807,0 -63.233496,17.647217,0 -63.226904,17.634131,0 -63.232666,17.623145,0</coordinates>
        </LinearRing>
      </outerBoundaryIs>
    </Polygon>
    </MultiGeometry>
  </Placemark>
    <Placemark><name>Montenegro</name><styleUrl>#country_border</styleUrl><Polygon>
      <outerBoundaryIs>
        <LinearRing>
          <coordinates>19.194336,43.533301,0 19.191602,43.521045,0 19.196484,43.48501,0 19.21875,43.449951,0 19.298242,43.413965,0 19.414648,43.342822,0 19.551563,43.212256,0 19.614453,43.173437,0 19.670996,43.163965,0 19.781152,43.109766,0 19.858008,43.096533,0 19.944043,43.081641,0 20.167871,42.968506,0 20.268457,42.935449,0 20.339941,42.892871,0 20.347656,42.852783,0 20.344336,42.82793,0 20.215137,42.798828,0 20.192578,42.754639,0 20.12998,42.759766,0 20.054297,42.760059,0 20.029492,42.732031,0 20.065723,42.68584,0 20.089258,42.631543,0 20.070312,42.55708,0 20.063965,42.547266,0 20.045703,42.549902,0 19.939063,42.506689,0 19.859766,42.486328,0 19.788281,42.476172,0 19.754492,42.496924,0 19.737793,42.525146,0 19.740723,42.606934,0 19.727832,42.634521,0 19.703418,42.647949,0 19.654492,42.628564,0 19.597461,42.56543,0 19.544531,42.491943,0 19.465137,42.415381,0 19.399609,42.341895,0 19.329004,42.249268,0 19.280664,42.172559,0 19.330859,42.129297,0 19.361426,42.069092,0 19.352148,42.024023,0 19.361133,41.997754,0 19.345508,41.918848,0 19.342383,41.869092,0 19.186426,41.948633,0 19.122266,42.060498,0 18.894238,42.249463,0 18.63291,42.378076,0 18.619043,42.398389,0 18.633398,42.423145,0 18.645898,42.442725,0 18.591602,42.444189,0 18.553516,42.428516,0 18.51748,42.43291,0 18.47666,42.481104,0 18.438086,42.522949,0 18.436328,42.559717,0 18.453906,42.564502,0 18.480078,42.579199,0 18.534961,42.620117,0 18.545898,42.641602,0 18.543262,42.67417,0 18.466016,42.777246,0 18.455078,42.844092,0 18.443848,42.968457,0 18.460156,42.9979,0 18.488477,43.012158,0 18.623633,43.027686,0 18.621875,43.124609,0 18.62998,43.153662,0 18.656836,43.193945,0 18.674219,43.230811,0 18.749219,43.283545,0 18.851074,43.346338,0 18.895605,43.348193,0 18.934668,43.339453,0 18.978711,43.2854,0 19.02666,43.292432,0 19.036719,43.357324,0 18.973828,43.442383,0 18.940234,43.496729,0 18.950684,43.52666,0 18.974219,43.542334,0 19.02832,43.53252,0 19.080078,43.517725,0 19.112793,43.527734,0 19.164355,43.535449,0 19.194336,43.533301,0</coordinates>
        </LinearRing>
      </outerBoundaryIs>
    </Polygon>
  </Placemark>
    <Placemark><name>Moldova</name><styleUrl>#country_border</styleUrl><Polygon>
      <outerBoundaryIs>
        <LinearRing>
          <coordinates>26.618945,48.259863,0 26.64043,48.294141,0 26.84707,48.387158,0 26.900586,48.371924,0 27.008496,48.368262,0 27.228516,48.371436,0 27.336914,48.432715,0 27.403809,48.415625,0 27.458398,48.443066,0 27.549219,48.477734,0 27.562207,48.47041,0 27.57373,48.464893,0 27.714453,48.449512,0 27.82002,48.41626,0 27.890625,48.365234,0 27.963379,48.333545,0 28.038477,48.321289,0 28.080078,48.295801,0 28.088477,48.257031,0 28.158789,48.237988,0 28.291016,48.238574,0 28.347168,48.213037,0 28.326953,48.161426,0 28.340527,48.144434,0 28.3875,48.162109,0 28.423047,48.146875,0 28.441992,48.108691,0 28.463086,48.090527,0 28.530469,48.150293,0 28.60166,48.144385,0 28.773828,48.11958,0 28.86582,47.995654,0 28.923145,47.951123,0 28.97334,47.933008,0 29.036914,47.952344,0 29.092969,47.975439,0 29.125391,47.964551,0 29.194824,47.882422,0 29.211133,47.775,0 29.210742,47.731543,0 29.186035,47.658594,0 29.150879,47.580859,0 29.122949,47.530371,0 29.134863,47.489697,0 29.159766,47.455664,0 29.200586,47.444482,0 29.333789,47.375732,0 29.383398,47.328027,0 29.455664,47.292627,0 29.510645,47.290723,0 29.53916,47.270996,0 29.549316,47.246826,0 29.541797,47.185547,0 29.510938,47.128027,0 29.515039,47.091113,0 29.563477,47.04751,0 29.568652,46.996729,0 29.571973,46.964014,0 29.597754,46.938818,0 29.719727,46.88291,0 29.877832,46.828906,0 29.918066,46.782422,0 29.94248,46.723779,0 29.934766,46.625,0 29.924316,46.538867,0 30.131055,46.423096,0 30.10752,46.401562,0 30.075684,46.377832,0 29.878027,46.360205,0 29.837891,46.350537,0 29.751953,46.437793,0 29.706836,46.44873,0 29.664551,46.416748,0 29.614941,46.398828,0 29.555078,46.407764,0 29.491016,46.434668,0 29.458789,46.45376,0 29.432813,46.455957,0 29.392871,46.436914,0 29.339551,46.445068,0 29.304883,46.466602,0 29.25459,46.392627,0 29.223828,46.376953,0 29.20459,46.379346,0 29.200781,46.50498,0 29.18623,46.523975,0 29.146289,46.526904,0 29.049902,46.497021,0 28.958398,46.458496,0 28.927441,46.424121,0 28.930566,46.362256,0 28.94375,46.288428,0 29.00625,46.176465,0 28.971875,46.127637,0 28.947754,46.049951,0 28.849512,45.978662,0 28.73877,45.937158,0 28.729297,45.852002,0 28.667578,45.793848,0 28.562305,45.735791,0 28.491602,45.665771,0 28.509473,45.617822,0 28.51377,45.572412,0 28.501758,45.541553,0 28.499023,45.517725,0 28.471387,45.507178,0 28.310352,45.498584,0 28.264844,45.483887,0 28.2125,45.450439,0 28.1625,45.51377,0 28.111914,45.569141,0 28.074707,45.598975,0 28.090332,45.612744,0 28.130859,45.628271,0 28.159766,45.647119,0 28.15625,45.713086,0 28.134961,45.788867,0 28.115527,45.825537,0 28.113574,45.883057,0 28.099707,45.972607,0 28.119141,46.138672,0 28.199609,46.347559,0 28.244336,46.45127,0 28.222656,46.508057,0 28.239453,46.64082,0 28.204688,46.706396,0 28.15,46.79209,0 28.071777,46.978418,0 27.974219,47.043213,0 27.853809,47.114502,0 27.802344,47.168311,0 27.767969,47.227588,0 27.696191,47.286426,0 27.614063,47.340527,0 27.51582,47.475635,0 27.464844,47.53667,0 27.449219,47.553125,0 27.336914,47.639746,0 27.27793,47.717969,0 27.248145,47.782227,0 27.230859,47.841748,0 27.152051,47.959277,0 27.080371,48.047656,0 27.012207,48.110498,0 26.980762,48.155029,0 26.900977,48.211133,0 26.787305,48.255811,0 26.71377,48.263477,0 26.618945,48.259863,0</coordinates>
        </LinearRing>
      </outerBoundaryIs>
    </Polygon>
  </Placemark>
    <Placemark><name>Monaco</name><styleUrl>#country_border</styleUrl><Polygon>
      <outerBoundaryIs>
        <LinearRing>
          <coordinates>7.438672,43.750439,0 7.377734,43.731738,0 7.380078,43.753223,0 7.39502,43.765332,0 7.414453,43.770898,0 7.436914,43.761475,0 7.438672,43.750439,0</coordinates>
        </LinearRing>
      </outerBoundaryIs>
    </Polygon>
  </Placemark>
    <Placemark><name>Malta</name><styleUrl>#country_border</styleUrl><MultiGeometry>
    <Polygon>
      <outerBoundaryIs>
        <LinearRing>
          <coordinates>14.566211,35.852734,0 14.532715,35.820215,0 14.436426,35.82168,0 14.352344,35.872266,0 14.35127,35.978418,0 14.44834,35.957422,0 14.537012,35.886279,0 14.566211,35.852734,0</coordinates>
        </LinearRing>
      </outerBoundaryIs>
    </Polygon>
    <Polygon>
      <outerBoundaryIs>
        <LinearRing>
          <coordinates>14.313477,36.027588,0 14.253613,36.012158,0 14.194238,36.042236,0 14.180371,36.0604,0 14.263281,36.075781,0 14.303711,36.062305,0 14.320898,36.03623,0 14.313477,36.027588,0</coordinates>
        </LinearRing>
      </outerBoundaryIs>
    </Polygon>
    </MultiGeometry>
  </Placemark>
    <Placemark><name>North Macedonia</name><styleUrl>#country_border</styleUrl><Polygon>
      <outerBoundaryIs>
        <LinearRing>
          <coordinates>21.5625,42.24751,0 21.618262,42.242139,0 21.739258,42.267725,0 21.814648,42.303125,0 21.853027,42.308398,0 21.904102,42.32207,0 21.977539,42.320068,0 22.052051,42.304639,0 22.14668,42.325,0 22.239746,42.358154,0 22.277051,42.349854,0 22.317383,42.321729,0 22.344043,42.313965,0 22.498242,42.165088,0 22.582715,42.104834,0 22.682324,42.059131,0 22.796094,42.025684,0 22.836816,41.993604,0 22.90918,41.835205,0 22.943945,41.775098,0 22.991992,41.757178,0 23.003613,41.739844,0 23.005664,41.716943,0 22.951465,41.605615,0 22.929688,41.356104,0 22.916016,41.336279,0 22.859277,41.337354,0 22.783887,41.331982,0 22.755078,41.312744,0 22.724805,41.178516,0 22.603613,41.140186,0 22.493555,41.118506,0 22.400781,41.123389,0 22.237695,41.155176,0 22.184473,41.158643,0 22.138867,41.140527,0 21.993359,41.130957,0 21.929492,41.107422,0 21.779492,40.950439,0 21.627539,40.896338,0 21.575781,40.868945,0 21.459668,40.903613,0 21.404102,40.907178,0 21.32373,40.867139,0 21.147559,40.863135,0 21.1,40.856152,0 20.964258,40.849902,0 20.958594,40.871533,0 20.933496,40.903125,0 20.870215,40.91792,0 20.74082,40.905273,0 20.709277,40.928369,0 20.656055,41.06167,0 20.614453,41.083057,0 20.567871,41.127832,0 20.488965,41.272607,0 20.487012,41.336084,0 20.492383,41.391406,0 20.448633,41.521289,0 20.475586,41.554102,0 20.516211,41.574756,0 20.516602,41.627051,0 20.505176,41.706494,0 20.553125,41.862354,0 20.566211,41.873682,0 20.578516,41.866211,0 20.694922,41.853809,0 20.725,41.873535,0 20.744141,41.904297,0 20.750391,42.018359,0 20.778125,42.071045,0 21.059766,42.171289,0 21.14248,42.175,0 21.206055,42.128955,0 21.256348,42.099512,0 21.286621,42.100391,0 21.297559,42.130078,0 21.331738,42.187158,0 21.389551,42.219824,0 21.56084,42.247656,0 21.5625,42.24751,0</coordinates>
        </LinearRing>
      </outerBoundaryIs>
    </Polygon>
  </Placemark>
    <Placemark><name>Luxembourg</name><styleUrl>#country_border</styleUrl><Polygon>
      <outerBoundaryIs>
        <LinearRing>
          <coordinates>6.116504,50.120996,0 6.108301,50.094238,0 6.109766,50.034375,0 6.138184,49.974316,0 6.204883,49.915137,0 6.256055,49.872168,0 6.324609,49.837891,0 6.440918,49.805322,0 6.487305,49.798486,0 6.49375,49.754395,0 6.484766,49.707812,0 6.444629,49.682031,0 6.406738,49.644971,0 6.37832,49.599609,0 6.348438,49.512695,0 6.344336,49.452734,0 6.277344,49.477539,0 6.242188,49.494336,0 6.181055,49.498926,0 6.119922,49.485205,0 6.074121,49.454639,0 6.011426,49.445459,0 5.959473,49.454639,0 5.928906,49.477539,0 5.901367,49.489746,0 5.823438,49.505078,0 5.789746,49.538281,0 5.81543,49.553809,0 5.837598,49.57832,0 5.856543,49.612842,0 5.880371,49.644775,0 5.803711,49.732178,0 5.787988,49.758887,0 5.725,49.808301,0 5.725781,49.83335,0 5.74082,49.857178,0 5.735254,49.875635,0 5.744043,49.919629,0 5.788086,49.96123,0 5.817383,50.012695,0 5.866895,50.082812,0 5.97627,50.167187,0 6.054785,50.154297,0 6.089063,50.15459,0 6.110059,50.123779,0 6.116504,50.120996,0</coordinates>
        </LinearRing>
      </outerBoundaryIs>
    </Polygon>
  </Placemark>
    <Placemark><name>Lithuania</name><styleUrl>#country_border</styleUrl><MultiGeometry>
    <Polygon>
      <outerBoundaryIs>
        <LinearRing>
          <coordinates>20.957813,55.278906,0 20.899805,55.28667,0 21.014063,55.401953,0 21.057617,55.476807,0 21.087891,55.583105,0 21.114844,55.616504,0 21.115723,55.568164,0 21.103906,55.487744,0 21.031738,55.350488,0 20.957813,55.278906,0</coordinates>
        </LinearRing>
      </outerBoundaryIs>
    </Polygon>
    <Polygon>
      <outerBoundaryIs>
        <LinearRing>
          <coordinates>22.766211,54.356787,0 22.724316,54.405615,0 22.679883,54.493018,0 22.684473,54.562939,0 22.709668,54.632617,0 22.83125,54.838477,0 22.824707,54.871289,0 22.736523,54.928857,0 22.627441,54.970703,0 22.567285,55.059131,0 22.346387,55.064258,0 22.137891,55.059375,0 22.072363,55.063672,0 21.873926,55.100732,0 21.682715,55.160352,0 21.554688,55.195312,0 21.44707,55.234424,0 21.389258,55.275537,0 21.297559,55.264453,0 21.235742,55.264111,0 21.236328,55.271191,0 21.201074,55.343799,0 21.237891,55.455029,0 21.171094,55.617725,0 21.061914,55.813428,0 21.053809,56.022949,0 21.046094,56.070068,0 21.314648,56.188135,0 21.653516,56.314551,0 21.730566,56.325977,0 22.042871,56.400781,0 22.08457,56.406738,0 22.365918,56.392871,0 22.586914,56.375098,0 22.773242,56.377295,0 22.875586,56.396436,0 22.968262,56.38042,0 23.042969,56.324072,0 23.119824,56.330664,0 23.195898,56.367139,0 23.612695,56.333838,0 23.706738,56.334619,0 23.812695,56.329248,0 24.008203,56.295264,0 24.120703,56.264258,0 24.367871,56.283008,0 24.473633,56.284082,0 24.529004,56.296289,0 24.699512,56.381299,0 24.773242,56.395898,0 24.841016,56.411182,0 24.903027,56.398193,0 24.943848,56.325586,0 25.069922,56.200391,0 25.206934,56.178418,0 25.585742,56.130176,0 25.663184,56.104834,0 25.876367,55.994336,0 26.004199,55.940137,0 26.085547,55.896875,0 26.20957,55.812109,0 26.28125,55.750439,0 26.401074,55.703809,0 26.542871,55.672412,0 26.593555,55.667529,0 26.59082,55.622656,0 26.566602,55.546484,0 26.519238,55.448145,0 26.469531,55.371924,0 26.457617,55.34248,0 26.495313,55.318018,0 26.68125,55.306445,0 26.760156,55.293359,0 26.775684,55.273096,0 26.734375,55.246777,0 26.675,55.224902,0 26.648438,55.204199,0 26.601172,55.130176,0 26.291797,55.1396,0 26.250781,55.124512,0 26.23125,55.090137,0 26.21582,55.050391,0 26.175195,55.003271,0 26.092969,54.962305,0 25.964453,54.947168,0 25.859277,54.919287,0 25.780859,54.833252,0 25.722461,54.717871,0 25.723926,54.636035,0 25.731641,54.590381,0 25.724805,54.564258,0 25.685156,54.535791,0 25.620313,54.4604,0 25.567578,54.377051,0 25.547363,54.331836,0 25.55752,54.310693,0 25.616895,54.310107,0 25.702539,54.292969,0 25.748145,54.259668,0 25.765039,54.221191,0 25.765234,54.179785,0 25.749219,54.156982,0 25.680566,54.140479,0 25.573047,54.139893,0 25.510352,54.159619,0 25.497363,54.175244,0 25.527344,54.215137,0 25.505664,54.264941,0 25.461133,54.292773,0 25.370605,54.251221,0 25.283691,54.25127,0 25.179492,54.214258,0 25.111426,54.154932,0 25.046094,54.133057,0 24.869531,54.145166,0 24.825684,54.118994,0 24.789258,53.998242,0 24.768164,53.974658,0 24.620703,53.979834,0 24.478516,53.931836,0 24.317969,53.892969,0 24.236621,53.919971,0 24.191309,53.950439,0 24.103906,53.94502,0 24.008496,53.931641,0 23.944434,53.938965,0 23.872559,53.935693,0 23.733691,53.912256,0 23.559082,53.919824,0 23.484668,53.939795,0 23.477637,53.958936,0 23.483008,54.005957,0 23.481348,54.079004,0 23.453613,54.143457,0 23.370117,54.200488,0 23.282324,54.240332,0 23.170313,54.281445,0 23.0875,54.299463,0 23.042188,54.304199,0 23.031934,54.327881,0 23.015527,54.34834,0 22.976758,54.366357,0 22.893945,54.390527,0 22.82373,54.395801,0 22.766211,54.356787,0</coordinates>
        </LinearRing>
      </outerBoundaryIs>
    </Polygon>
    </MultiGeometry>
  </Placemark>
    <Placemark><name>Liechtenstein</name><styleUrl>#country_border</styleUrl><Polygon>
      <outerBoundaryIs>
        <LinearRing>
          <coordinates>9.580273,47.057373,0 9.502344,47.062744,0 9.487695,47.062256,0 9.479492,47.09751,0 9.484277,47.172656,0 9.527539,47.270752,0 9.536816,47.254639,0 9.542188,47.234131,0 9.551074,47.212256,0 9.555762,47.185498,0 9.571875,47.15791,0 9.601172,47.13208,0 9.610547,47.107129,0 9.595703,47.07583,0 9.580273,47.057373,0</coordinates>
        </LinearRing>
      </outerBoundaryIs>
    </Polygon>
  </Placemark>
    <Placemark><name>Latvia</name><styleUrl>#country_border</styleUrl><Polygon>
      <outerBoundaryIs>
        <LinearRing>
          <coordinates>26.593555,55.667529,0 26.542871,55.672412,0 26.401074,55.703809,0 26.28125,55.750439,0 26.20957,55.812109,0 26.085547,55.896875,0 26.004199,55.940137,0 25.876367,55.994336,0 25.663184,56.104834,0 25.585742,56.130176,0 25.206934,56.178418,0 25.069922,56.200391,0 24.943848,56.325586,0 24.903027,56.398193,0 24.841016,56.411182,0 24.773242,56.395898,0 24.699512,56.381299,0 24.529004,56.296289,0 24.473633,56.284082,0 24.367871,56.283008,0 24.120703,56.264258,0 24.008203,56.295264,0 23.812695,56.329248,0 23.706738,56.334619,0 23.612695,56.333838,0 23.195898,56.367139,0 23.119824,56.330664,0 23.042969,56.324072,0 22.968262,56.38042,0 22.875586,56.396436,0 22.773242,56.377295,0 22.586914,56.375098,0 22.365918,56.392871,0 22.08457,56.406738,0 22.042871,56.400781,0 21.730566,56.325977,0 21.653516,56.314551,0 21.314648,56.188135,0 21.046094,56.070068,0 21.014941,56.258936,0 21.031445,56.636572,0 21.071289,56.82373,0 21.257422,56.932764,0 21.350781,57.017676,0 21.405078,57.131006,0 21.421484,57.23584,0 21.45918,57.322461,0 21.728711,57.570996,0 21.942383,57.597852,0 22.231445,57.666797,0 22.55459,57.724268,0 22.616992,57.651172,0 22.648633,57.595361,0 23.037793,57.39209,0 23.136816,57.323828,0 23.287305,57.089746,0 23.647754,56.971045,0 23.931152,57.008496,0 24.054297,57.066113,0 24.28125,57.172314,0 24.382617,57.250049,0 24.403223,57.325,0 24.362988,57.645312,0 24.301563,57.784131,0 24.322559,57.870605,0 24.3625,57.866162,0 24.458887,57.907861,0 24.775781,57.985254,0 24.839063,57.988721,0 24.911328,58.00459,0 25.111035,58.063428,0 25.175195,58.032129,0 25.228711,57.996582,0 25.258301,57.996143,0 25.272656,58.009375,0 25.268652,58.032227,0 25.282617,58.048486,0 25.340039,58.039453,0 25.571289,57.942773,0 25.660156,57.920166,0 25.720898,57.913818,0 25.79375,57.868555,0 25.991113,57.838184,0 26.015234,57.814746,0 26.030371,57.785547,0 26.215039,57.662744,0 26.298047,57.601074,0 26.462109,57.544482,0 26.532617,57.531006,0 26.819727,57.588721,0 26.899805,57.608789,0 26.966016,57.609131,0 27.033398,57.57876,0 27.187109,57.53833,0 27.326563,57.525488,0 27.351953,57.528125,0 27.469727,57.524023,0 27.511133,57.508154,0 27.538672,57.429785,0 27.672754,57.368115,0 27.796875,57.316943,0 27.828613,57.293311,0 27.838281,57.247705,0 27.830273,57.194482,0 27.814551,57.166895,0 27.762793,57.135107,0 27.717383,57.054639,0 27.711133,56.978076,0 27.639453,56.845654,0 27.655664,56.843213,0 27.806055,56.86709,0 27.848633,56.853418,0 27.881543,56.82417,0 27.89209,56.741064,0 27.941406,56.703711,0 27.991602,56.645312,0 28.00752,56.599854,0 28.103125,56.545703,0 28.11084,56.510693,0 28.169238,56.386865,0 28.191699,56.315576,0 28.202051,56.2604,0 28.17334,56.190332,0 28.147949,56.14292,0 28.117871,56.145801,0 28.032031,56.133301,0 27.896289,56.076172,0 27.694238,55.941553,0 27.642285,55.911719,0 27.589453,55.80918,0 27.576758,55.798779,0 27.45918,55.803516,0 27.427148,55.805957,0 27.30918,55.803906,0 27.052539,55.830566,0 26.953027,55.812939,0 26.822461,55.709229,0 26.771875,55.693994,0 26.620215,55.679639,0 26.593555,55.667529,0</coordinates>
        </LinearRing>
      </outerBoundaryIs>
    </Polygon>
  </Placemark>
    <Placemark><name>Kosovo</name><styleUrl>#country_border</styleUrl><Polygon>
      <outerBoundaryIs>
        <LinearRing>
          <coordinates>20.344336,42.82793,0 20.468848,42.85791,0 20.486816,42.879053,0 20.458398,42.924561,0 20.475098,42.953027,0 20.624023,43.03418,0 20.648535,43.070947,0 20.657617,43.099854,0 20.637598,43.130371,0 20.609668,43.178418,0 20.623145,43.198633,0 20.700586,43.226367,0 20.763379,43.258594,0 20.800586,43.261084,0 20.823828,43.237939,0 20.823828,43.213965,0 20.844434,43.173437,0 20.890723,43.15166,0 20.967676,43.116016,0 21.057031,43.091699,0 21.127051,43.043018,0 21.222656,42.956201,0 21.237109,42.913232,0 21.323145,42.874707,0 21.403027,42.831543,0 21.390625,42.751416,0 21.6625,42.681494,0 21.723828,42.681982,0 21.75293,42.669824,0 21.752148,42.651514,0 21.730664,42.595459,0 21.619043,42.423242,0 21.609863,42.387451,0 21.52998,42.35,0 21.518945,42.328418,0 21.541602,42.280811,0 21.5625,42.24751,0 21.56084,42.247656,0 21.389551,42.219824,0 21.331738,42.187158,0 21.297559,42.130078,0 21.286621,42.100391,0 21.256348,42.099512,0 21.206055,42.128955,0 21.14248,42.175,0 21.059766,42.171289,0 20.778125,42.071045,0 20.750391,42.018359,0 20.744141,41.904297,0 20.725,41.873535,0 20.694922,41.853809,0 20.578516,41.866211,0 20.566211,41.873682,0 20.581445,41.917432,0 20.575391,42.013086,0 20.522852,42.171484,0 20.485449,42.223389,0 20.408301,42.274951,0 20.348242,42.308789,0 20.240527,42.338965,0 20.185742,42.425879,0 20.103516,42.524658,0 20.063965,42.547266,0 20.070312,42.55708,0 20.089258,42.631543,0 20.065723,42.68584,0 20.029492,42.732031,0 20.054297,42.760059,0 20.12998,42.759766,0 20.192578,42.754639,0 20.215137,42.798828,0 20.344336,42.82793,0</coordinates>
        </LinearRing>
      </outerBoundaryIs>
    </Polygon>
  </Placemark>
    <Placemark><name>Italy</name><styleUrl>#country_border</styleUrl><MultiGeometry>
    <Polygon>
      <outerBoundaryIs>
        <LinearRing>
          <coordinates>7.021094,45.925781,0 7.055762,45.903809,0 7.129004,45.88042,0 7.32793,45.912354,0 7.451563,45.944434,0 7.538574,45.978174,0 7.592578,45.972217,0 7.787891,45.921826,0 7.852344,45.947461,0 7.993164,46.015918,0 8.014258,46.051904,0 8.125195,46.160937,0 8.127246,46.187598,0 8.081543,46.256006,0 8.095703,46.271045,0 8.231934,46.341211,0 8.298535,46.403418,0 8.370703,46.445117,0 8.422559,46.446045,0 8.436816,46.431885,0 8.442969,46.402783,0 8.438477,46.282861,0 8.458398,46.245898,0 8.56543,46.159814,0 8.641699,46.110791,0 8.818555,46.077148,0 8.826758,46.061035,0 8.778027,45.996191,0 8.885156,45.918701,0 8.904297,45.861963,0 8.953711,45.830029,0 9.02373,45.845703,0 9.04668,45.875586,0 9.019141,45.928125,0 8.998926,45.983105,0 9.003027,46.014893,0 9.022363,46.051465,0 9.070996,46.102441,0 9.203418,46.219238,0 9.251074,46.286768,0 9.259766,46.39126,0 9.260156,46.475195,0 9.304395,46.495557,0 9.399316,46.480664,0 9.427637,46.482324,0 9.440625,46.430811,0 9.481055,46.348779,0 9.528711,46.306201,0 9.57959,46.296094,0 9.639453,46.295898,0 9.787793,46.346045,0 9.884473,46.367773,0 9.939258,46.361816,0 9.97168,46.327686,0 10.041016,46.238086,0 10.080566,46.227979,0 10.12832,46.238232,0 10.145215,46.253516,0 10.129883,46.287988,0 10.109668,46.362842,0 10.081934,46.420752,0 10.045605,46.4479,0 10.038281,46.483203,0 10.06123,46.546777,0 10.087012,46.599902,0 10.1375,46.614355,0 10.195508,46.621094,0 10.272266,46.564844,0 10.363086,46.54707,0 10.430664,46.550049,0 10.44248,46.582861,0 10.438281,46.618848,0 10.397949,46.665039,0 10.406055,46.734863,0 10.452832,46.864941,0 10.479395,46.855127,0 10.579785,46.853711,0 10.689258,46.846387,0 10.759766,46.793311,0 10.828906,46.775244,0 10.927344,46.769482,0 10.993262,46.777002,0 11.025098,46.796973,0 11.063477,46.859131,0 11.133887,46.936182,0 11.244434,46.975684,0 11.433203,46.983057,0 11.527539,46.997412,0 11.625488,46.996582,0 11.699414,46.984668,0 11.775684,46.986084,0 11.969531,47.039697,0 12.169434,47.082129,0 12.197168,47.075,0 12.20127,47.060889,0 12.165527,47.028174,0 12.130762,46.984766,0 12.154102,46.935254,0 12.267969,46.835889,0 12.330078,46.759814,0 12.388281,46.702637,0 12.479199,46.67251,0 12.598633,46.654102,0 12.699805,46.647461,0 12.805566,46.625879,0 13.16875,46.572656,0 13.351562,46.55791,0 13.490039,46.555566,0 13.7,46.520264,0 13.679688,46.462891,0 13.637109,46.448535,0 13.563281,46.415088,0 13.478516,46.369189,0 13.399512,46.317529,0 13.378223,46.261621,0 13.399609,46.224951,0 13.420996,46.212305,0 13.449805,46.223535,0 13.491797,46.216602,0 13.544727,46.196582,0 13.63252,46.177051,0 13.634961,46.157764,0 13.616602,46.133105,0 13.548047,46.089111,0 13.486426,46.039551,0 13.480273,46.009229,0 13.487695,45.987109,0 13.50918,45.973779,0 13.600586,45.979785,0 13.613965,45.96167,0 13.569629,45.834131,0 13.583398,45.812354,0 13.663477,45.791992,0 13.72168,45.761279,0 13.831152,45.68042,0 13.874707,45.614844,0 13.844727,45.592871,0 13.775977,45.581982,0 13.719824,45.587598,0 13.783301,45.627246,0 13.62832,45.770947,0 13.558203,45.770703,0 13.465137,45.709961,0 13.206348,45.771387,0 13.156738,45.746582,0 13.120117,45.6979,0 13.030273,45.6375,0 12.903027,45.610791,0 12.76123,45.544287,0 12.611719,45.497217,0 12.497559,45.46167,0 12.432129,45.46792,0 12.536133,45.544922,0 12.491797,45.546289,0 12.353809,45.491992,0 12.274316,45.446045,0 12.248828,45.368848,0 12.225684,45.241504,0 12.286328,45.207715,0 12.39248,45.039795,0 12.523438,44.967969,0 12.497949,44.899414,0 12.463574,44.845215,0 12.384473,44.79834,0 12.319043,44.833105,0 12.278906,44.832227,0 12.24834,44.72251,0 12.30498,44.429443,0 12.396289,44.223877,0 12.486816,44.134229,0 12.691113,43.994727,0 12.907031,43.921191,0 13.295313,43.686084,0 13.508203,43.61167,0 13.56416,43.571289,0 13.693262,43.389893,0 13.804688,43.180371,0 13.924902,42.851562,0 14.010449,42.689551,0 14.182715,42.506445,0 14.540723,42.244287,0 14.866113,42.052539,0 15.16875,41.934033,0 15.40498,41.913232,0 15.964063,41.939453,0 16.061523,41.928125,0 16.164648,41.896191,0 16.18916,41.814014,0 16.15127,41.758496,0 16.033691,41.700781,0 15.91377,41.62085,0 15.900488,41.512061,0 16.012598,41.4354,0 16.551855,41.232031,0 17.103418,41.062158,0 17.275195,40.975439,0 17.474219,40.840576,0 17.95498,40.655176,0 18.036133,40.564941,0 18.328223,40.37085,0 18.460645,40.221045,0 18.48584,40.104834,0 18.422559,39.986865,0 18.393457,39.903613,0 18.34375,39.821387,0 18.219336,39.852539,0 18.07793,39.936963,0 17.865039,40.280176,0 17.476172,40.314941,0 17.395801,40.340234,0 17.257715,40.399072,0 17.249414,40.437891,0 17.215332,40.486426,0 17.17998,40.502783,0 17.03125,40.513477,0 16.928223,40.458057,0 16.807031,40.326465,0 16.669629,40.137207,0 16.52998,39.859668,0 16.521875,39.747559,0 16.597754,39.638916,0 16.824316,39.57832,0 16.999219,39.481592,0 17.114551,39.380615,0 17.122949,39.136572,0 17.174609,38.998096,0 17.098535,38.919336,0 16.951465,38.939795,0 16.755469,38.889697,0 16.616699,38.800146,0 16.558984,38.714795,0 16.574219,38.493555,0 16.545605,38.409082,0 16.282422,38.249561,0 16.144141,38.086377,0 16.109766,38.018652,0 16.056836,37.941846,0 15.724512,37.939111,0 15.645801,38.034229,0 15.643066,38.175391,0 15.700195,38.262305,0 15.822363,38.302979,0 15.904785,38.483496,0 15.878906,38.613916,0 15.926953,38.671729,0 15.972363,38.712598,0 16.065527,38.736426,0 16.196777,38.759229,0 16.209961,38.941113,0 16.107422,39.023828,0 16.071484,39.139453,0 16.023633,39.353613,0 15.854395,39.626514,0 15.763672,39.870068,0 15.692773,39.990186,0 15.585156,40.052832,0 15.390918,40.052148,0 15.294531,40.07002,0 14.950879,40.239014,0 14.926953,40.264746,0 14.929102,40.30957,0 14.986133,40.37749,0 14.947656,40.469336,0 14.906934,40.556055,0 14.839551,40.62998,0 14.765723,40.668408,0 14.61123,40.644775,0 14.556934,40.626416,0 14.459375,40.632715,0 14.382715,40.599854,0 14.339941,40.598828,0 14.460547,40.728711,0 14.428125,40.759326,0 14.308887,40.812646,0 14.147168,40.820703,0 14.102344,40.827148,0 14.075879,40.793945,0 14.044336,40.812256,0 14.047656,40.870312,0 13.859766,41.12998,0 13.733398,41.235645,0 13.669727,41.254492,0 13.554785,41.232178,0 13.361914,41.278516,0 13.246875,41.288867,0 13.183398,41.277686,0 13.088672,41.243848,0 13.041016,41.266211,0 13.024219,41.300928,0 12.849219,41.40874,0 12.630859,41.469678,0 12.205664,41.812646,0 12.075293,41.940869,0 11.807031,42.082031,0 11.637305,42.287549,0 11.498438,42.362939,0 11.296289,42.423291,0 11.249707,42.415723,0 11.188867,42.393115,0 11.141211,42.389893,0 11.103223,42.416602,0 11.141797,42.444092,0 11.184766,42.456592,0 11.167773,42.535156,0 10.937793,42.738721,0 10.803125,42.804297,0 10.765137,42.844678,0 10.737109,42.899951,0 10.708398,42.936328,0 10.644629,42.957178,0 10.590234,42.953613,0 10.514844,42.967529,0 10.517285,43.065137,0 10.532324,43.140137,0 10.520801,43.203809,0 10.447559,43.371191,0 10.320508,43.513086,0 10.245801,43.8521,0 10.188086,43.94751,0 10.047656,44.019971,0 9.730859,44.101172,0 9.289355,44.319238,0 9.195996,44.322998,0 8.930371,44.407764,0 8.76582,44.422314,0 8.551953,44.346143,0 8.292383,44.136523,0 8.081641,43.918945,0 8.00498,43.876758,0 7.733301,43.802588,0 7.493164,43.767139,0 7.490527,43.822949,0 7.482031,43.864893,0 7.522656,43.911084,0 7.589648,43.96543,0 7.651465,44.033643,0 7.677148,44.083154,0 7.665039,44.116016,0 7.637207,44.164844,0 7.599414,44.168359,0 7.370898,44.127393,0 7.318555,44.137988,0 7.149414,44.201709,0 6.967285,44.280029,0 6.900195,44.335742,0 6.874805,44.392041,0 6.893848,44.428174,0 6.878613,44.463281,0 6.842969,44.510693,0 6.875195,44.564551,0 6.931934,44.631641,0 6.960352,44.677148,0 7.00791,44.688965,0 7.030664,44.716699,0 6.992676,44.827295,0 6.972852,44.84502,0 6.939844,44.85874,0 6.889355,44.860303,0 6.801074,44.883154,0 6.738184,44.921387,0 6.724707,44.972998,0 6.691406,45.022607,0 6.634766,45.068164,0 6.627734,45.117969,0 6.692285,45.144287,0 6.780371,45.145312,0 6.842285,45.135645,0 6.98125,45.215576,0 7.032422,45.222607,0 7.07832,45.239941,0 7.116797,45.349023,0 7.146387,45.381738,0 7.153418,45.400928,0 7.126074,45.423682,0 7.013672,45.500488,0 6.962402,45.580566,0 6.881445,45.670361,0 6.80625,45.71001,0 6.790918,45.740869,0 6.78916,45.780078,0 6.804492,45.814551,0 6.94082,45.868359,0 7.021094,45.925781,0</coordinates>
        </LinearRing>
      </outerBoundaryIs>
      <innerBoundaryIs>
        <LinearRing>
          <coordinates>12.43916,41.898389,0 12.438379,41.906201,0 12.430566,41.905469,0 12.427539,41.900732,0 12.430566,41.897559,0 12.43916,41.898389,0</coordinates>
        </LinearRing>
      </innerBoundaryIs>
      <innerBoundaryIs>
        <LinearRing>
          <coordinates>12.485254,43.901416,0 12.514648,43.952979,0 12.503711,43.989746,0 12.441113,43.982422,0 12.396875,43.93457,0 12.426367,43.894092,0 12.485254,43.901416,0</coordinates>
        </LinearRing>
      </innerBoundaryIs>
    </Polygon>
    <Polygon>
      <outerBoundaryIs>
        <LinearRing>
          <coordinates>10.395117,42.858154,0 10.42832,42.819189,0 10.432227,42.796582,0 10.409961,42.770996,0 10.419336,42.713184,0 10.335645,42.761133,0 10.208984,42.736914,0 10.13125,42.742041,0 10.109766,42.785059,0 10.127539,42.810303,0 10.248242,42.815771,0 10.285742,42.828076,0 10.358984,42.822314,0 10.395117,42.858154,0</coordinates>
        </LinearRing>
      </outerBoundaryIs>
    </Polygon>
    <Polygon>
      <outerBoundaryIs>
        <LinearRing>
          <coordinates>13.938281,40.705615,0 13.893652,40.696973,0 13.867676,40.70874,0 13.853516,40.724072,0 13.871191,40.761816,0 13.962109,40.739404,0 13.96084,40.718164,0 13.938281,40.705615,0</coordinates>
        </LinearRing>
      </outerBoundaryIs>
    </Polygon>
    <Polygon>
      <outerBoundaryIs>
        <LinearRing>
          <coordinates>12.05127,36.757031,0 12.00332,36.745996,0 11.940625,36.780371,0 11.936426,36.828613,0 11.948047,36.843066,0 12.024219,36.820947,0 12.048047,36.776367,0 12.05127,36.757031,0</coordinates>
        </LinearRing>
      </outerBoundaryIs>
    </Polygon>
    <Polygon>
      <outerBoundaryIs>
        <LinearRing>
          <coordinates>15.576563,38.220312,0 15.508887,38.106641,0 15.475684,38.062939,0 15.234473,37.784814,0 15.206836,37.720557,0 15.189844,37.650732,0 15.164844,37.589551,0 15.131055,37.531885,0 15.099512,37.458594,0 15.105664,37.375488,0 15.116992,37.334717,0 15.145996,37.308008,0 15.193652,37.282861,0 15.230273,37.244336,0 15.174121,37.20918,0 15.236035,37.138721,0 15.288672,37.096924,0 15.295703,37.055176,0 15.294531,37.013281,0 15.185156,36.934814,0 15.142383,36.891602,0 15.11582,36.839258,0 15.104297,36.785254,0 15.116309,36.736475,0 15.112598,36.687842,0 15.002441,36.693896,0 14.889648,36.723535,0 14.775977,36.7104,0 14.614355,36.766602,0 14.555469,36.776758,0 14.501855,36.798682,0 14.367285,36.972852,0 14.259082,37.046436,0 14.142969,37.103662,0 14.024316,37.107129,0 13.905469,37.100635,0 13.800586,37.135889,0 13.587109,37.25415,0 13.360938,37.34873,0 13.264941,37.410352,0 13.221094,37.451807,0 13.169922,37.479297,0 13.040332,37.506543,0 12.924121,37.570508,0 12.871191,37.575195,0 12.757324,37.567383,0 12.699023,37.571826,0 12.640234,37.594336,0 12.526758,37.669531,0 12.454395,37.773779,0 12.435547,37.819775,0 12.486816,37.938721,0 12.547656,38.05293,0 12.60166,38.084961,0 12.664355,38.10791,0 12.702344,38.141699,0 12.734375,38.183057,0 12.850684,38.063721,0 12.902734,38.034863,0 12.955469,38.041309,0 13.049023,38.084082,0 13.056836,38.130908,0 13.159961,38.190332,0 13.291113,38.191455,0 13.35166,38.180518,0 13.383496,38.126807,0 13.433496,38.110254,0 13.491309,38.103125,0 13.681543,38.000732,0 13.734863,37.984033,0 13.788867,37.981201,0 13.936621,38.02417,0 14.05,38.040527,0 14.287695,38.016846,0 14.416211,38.042578,0 14.505957,38.045508,0 14.636719,38.085059,0 14.737207,38.150781,0 14.789648,38.166992,0 14.845898,38.17168,0 14.981934,38.167578,0 15.11875,38.152734,0 15.176074,38.168066,0 15.224023,38.211035,0 15.27959,38.230371,0 15.340723,38.217334,0 15.49873,38.290869,0 15.568359,38.295898,0 15.634668,38.267578,0 15.576563,38.220312,0</coordinates>
        </LinearRing>
      </outerBoundaryIs>
    </Polygon>
    <Polygon>
      <outerBoundaryIs>
        <LinearRing>
          <coordinates>9.632031,40.882031,0 9.682031,40.818115,0 9.794336,40.556201,0 9.805273,40.499561,0 9.782813,40.441504,0 9.754199,40.400293,0 9.642969,40.268408,0 9.659473,40.159229,0 9.700781,40.091797,0 9.706738,40.017041,0 9.686035,39.924365,0 9.616992,39.354395,0 9.583594,39.253564,0 9.5625,39.166016,0 9.486328,39.139551,0 9.388086,39.167529,0 9.26416,39.216797,0 9.206934,39.213818,0 9.149316,39.196973,0 9.101758,39.211279,0 9.056348,39.23916,0 9.022656,39.043262,0 8.966602,38.963721,0 8.881348,38.912891,0 8.801172,38.909668,0 8.718555,38.926709,0 8.648535,38.926562,0 8.59541,38.964307,0 8.55332,39.030322,0 8.48623,39.110498,0 8.418164,39.205713,0 8.410742,39.291797,0 8.399121,39.481592,0 8.418652,39.523047,0 8.44707,39.562793,0 8.461035,39.647705,0 8.451172,39.72168,0 8.471094,39.748096,0 8.510742,39.72168,0 8.540527,39.731592,0 8.538672,39.769678,0 8.547754,39.839209,0 8.495898,39.897461,0 8.407813,39.917236,0 8.399316,39.978174,0 8.408594,40.037646,0 8.455078,40.077588,0 8.470801,40.130713,0 8.471289,40.292676,0 8.40918,40.352344,0 8.385352,40.442676,0 8.353223,40.500537,0 8.295508,40.558643,0 8.230273,40.605957,0 8.189941,40.651611,0 8.180859,40.771045,0 8.203809,40.870703,0 8.224219,40.91333,0 8.245215,40.907031,0 8.310156,40.85752,0 8.363281,40.846338,0 8.468457,40.834326,0 8.571875,40.850195,0 8.698926,40.895264,0 8.821191,40.949902,0 8.998145,41.110352,0 9.107227,41.14292,0 9.163086,41.185156,0 9.182129,41.242188,0 9.228418,41.25708,0 9.283008,41.20166,0 9.350781,41.195898,0 9.455176,41.150146,0 9.500195,41.106348,0 9.53877,41.053662,0 9.575684,41.030518,0 9.615332,41.017285,0 9.621191,41.004883,0 9.589746,40.99248,0 9.553711,40.932129,0 9.574023,40.914746,0 9.632031,40.882031,0</coordinates>
        </LinearRing>
      </outerBoundaryIs>
    </Polygon>
    <Polygon>
      <outerBoundaryIs>
        <LinearRing>
          <coordinates>8.478906,39.067529,0 8.421484,38.968652,0 8.360938,39.038672,0 8.358594,39.098779,0 8.366797,39.115918,0 8.440625,39.090625,0 8.478906,39.067529,0</coordinates>
        </LinearRing>
      </outerBoundaryIs>
    </Polygon>
    <Polygon>
      <outerBoundaryIs>
        <LinearRing>
          <coordinates>8.286035,41.039844,0 8.252734,40.994141,0 8.205664,40.997461,0 8.224023,41.031299,0 8.267383,41.099121,0 8.320215,41.121875,0 8.34375,41.101611,0 8.318945,41.062744,0 8.286035,41.039844,0</coordinates>
        </LinearRing>
      </outerBoundaryIs>
    </Polygon>
    </MultiGeometry>
  </Placemark>
    <Placemark><name>Ireland</name><styleUrl>#country_border</styleUrl><MultiGeometry>
    <Polygon>
      <outerBoundaryIs>
        <LinearRing>
          <coordinates>-9.948193,53.913135,0 -9.952441,53.88457,0 -10.026514,53.920557,0 -10.0625,53.959717,0 -10.265723,53.977686,0 -10.181055,54.016846,0 -10.139746,54.005225,0 -9.996387,54.003613,0 -9.956152,53.987207,0 -9.948193,53.913135,0</coordinates>
        </LinearRing>
      </outerBoundaryIs>
    </Polygon>
    <Polygon>
      <outerBoundaryIs>
        <LinearRing>
          <coordinates>-7.218652,55.091992,0 -7.376904,55.027686,0 -7.401416,55.00332,0 -7.445996,54.905127,0 -7.45127,54.8771,0 -7.502197,54.825439,0 -7.550391,54.767969,0 -7.606445,54.745703,0 -7.68999,54.728027,0 -7.7375,54.710449,0 -7.797266,54.719287,0 -7.872949,54.717871,0 -7.910596,54.69834,0 -7.90874,54.68335,0 -7.886133,54.666064,0 -7.819824,54.639697,0 -7.746289,54.61582,0 -7.754395,54.594922,0 -7.793799,54.57124,0 -8.044336,54.512451,0 -8.118945,54.476953,0 -8.144824,54.453516,0 -8.118262,54.414258,0 -7.918457,54.296582,0 -7.884473,54.283789,0 -7.854932,54.215283,0 -7.67876,54.18667,0 -7.606543,54.143848,0 -7.544434,54.133594,0 -7.409424,54.137305,0 -7.355176,54.12124,0 -7.324512,54.133447,0 -7.306738,54.156006,0 -7.193066,54.214111,0 -7.155469,54.239502,0 -7.178076,54.274902,0 -7.202588,54.301807,0 -7.133496,54.355371,0 -7.049707,54.408252,0 -7.007715,54.406689,0 -6.936133,54.374316,0 -6.877246,54.329102,0 -6.869238,54.294043,0 -6.85835,54.268652,0 -6.802588,54.214355,0 -6.766602,54.195605,0 -6.669531,54.184717,0 -6.646875,54.163428,0 -6.664209,54.084766,0 -6.649805,54.058643,0 -6.548145,54.057275,0 -6.440283,54.063623,0 -6.402588,54.060645,0 -6.363672,54.0771,0 -6.303662,54.094873,0 -6.218018,54.088721,0 -6.175732,54.053516,0 -6.156934,54.017236,0 -6.230664,54.003613,0 -6.307617,54.011035,0 -6.345166,53.987207,0 -6.347607,53.941309,0 -6.321582,53.882178,0 -6.270117,53.840234,0 -6.229004,53.745703,0 -6.194873,53.640869,0 -6.141846,53.577539,0 -6.130957,53.498926,0 -6.13877,53.460303,0 -6.129102,53.390869,0 -6.15166,53.366406,0 -6.134717,53.301221,0 -6.072266,53.166309,0 -6.04502,53.091162,0 -6.027393,52.9271,0 -6.071484,52.865625,0 -6.130664,52.807275,0 -6.169336,52.738135,0 -6.199219,52.663477,0 -6.217236,52.543115,0 -6.34541,52.402002,0 -6.399951,52.366943,0 -6.463184,52.345361,0 -6.325,52.24668,0 -6.437939,52.202686,0 -6.561084,52.188818,0 -6.697314,52.213525,0 -6.782227,52.210498,0 -6.859717,52.178564,0 -6.890234,52.159229,0 -6.914648,52.168555,0 -6.965771,52.249512,0 -7.003271,52.165918,0 -7.081787,52.139307,0 -7.216211,52.144971,0 -7.440869,52.122705,0 -7.527295,52.098877,0 -7.563184,52.061621,0 -7.589844,52.018555,0 -7.624902,51.993115,0 -7.664551,51.979736,0 -7.837988,51.947998,0 -7.872168,51.935303,0 -7.95249,51.865771,0 -8.057812,51.825586,0 -8.14502,51.813525,0 -8.222461,51.854004,0 -8.254297,51.87832,0 -8.290234,51.890674,0 -8.40918,51.88877,0 -8.371631,51.87627,0 -8.347363,51.847705,0 -8.335596,51.792969,0 -8.349121,51.739307,0 -8.407812,51.712061,0 -8.477832,51.707031,0 -8.588281,51.651367,0 -8.734473,51.636182,0 -8.813428,51.584912,0 -9.296484,51.498242,0 -9.323877,51.497217,0 -9.390576,51.519287,0 -9.462891,51.529053,0 -9.534863,51.522168,0 -9.737305,51.47373,0 -9.835352,51.48335,0 -9.710352,51.603711,0 -9.542383,51.664453,0 -9.524902,51.681104,0 -9.579834,51.689258,0 -9.899023,51.64707,0 -10.009912,51.611133,0 -10.120752,51.600684,0 -10.069434,51.655566,0 -9.926416,51.730713,0 -9.849707,51.766113,0 -9.802881,51.780127,0 -9.749512,51.824268,0 -9.598828,51.874414,0 -10.084229,51.770996,0 -10.211719,51.783594,0 -10.241748,51.812451,0 -10.341064,51.798926,0 -10.378711,51.86875,0 -10.231592,51.974512,0 -10.14585,52.02002,0 -10.044043,52.04458,0 -9.946045,52.079834,0 -9.909668,52.122949,0 -9.955811,52.13667,0 -10.249512,52.125732,0 -10.390234,52.134912,0 -10.382617,52.169092,0 -10.356689,52.206934,0 -10.210938,52.27168,0 -10.13208,52.28208,0 -10.061768,52.275928,0 -9.993115,52.259326,0 -9.937305,52.237646,0 -9.772119,52.250098,0 -9.841064,52.291455,0 -9.853223,52.375488,0 -9.906055,52.403711,0 -9.838477,52.442676,0 -9.761133,52.466357,0 -9.632227,52.546924,0 -9.586328,52.55918,0 -9.33125,52.57876,0 -9.056152,52.621143,0 -8.783447,52.679639,0 -8.923291,52.712305,0 -8.990283,52.75542,0 -9.0979,52.668262,0 -9.175391,52.634912,0 -9.394238,52.61709,0 -9.463477,52.626904,0 -9.561035,52.653955,0 -9.591357,52.643652,0 -9.619531,52.622754,0 -9.764355,52.57998,0 -9.916602,52.569727,0 -9.7396,52.648193,0 -9.51499,52.781152,0 -9.464893,52.823193,0 -9.393652,52.89624,0 -9.415723,52.92876,0 -9.461963,52.947266,0 -9.299219,53.097559,0 -9.241895,53.124854,0 -9.137598,53.129248,0 -9.061133,53.153076,0 -9.027441,53.153174,0 -8.997168,53.162061,0 -8.930127,53.20708,0 -9.033545,53.235742,0 -9.140332,53.250488,0 -9.470752,53.234863,0 -9.514209,53.238232,0 -9.555176,53.252051,0 -9.581738,53.271973,0 -9.601758,53.323047,0 -9.625977,53.334473,0 -9.700586,53.334473,0 -9.774072,53.318848,0 -9.825391,53.320361,0 -9.875781,53.342725,0 -9.79541,53.394971,0 -9.899023,53.407275,0 -10.003906,53.397021,0 -10.09126,53.412842,0 -10.093994,53.445605,0 -10.054395,53.47832,0 -10.10625,53.509326,0 -10.116992,53.548535,0 -10.061719,53.567822,0 -10.001367,53.561426,0 -9.878271,53.59043,0 -9.720654,53.604492,0 -9.855859,53.633105,0 -9.909717,53.657617,0 -9.912305,53.695117,0 -9.901611,53.727197,0 -9.745068,53.781494,0 -9.578223,53.80542,0 -9.590527,53.841162,0 -9.578857,53.879834,0 -9.74751,53.891016,0 -9.914062,53.863721,0 -9.89624,53.937598,0 -9.856348,54.004297,0 -9.848486,54.048291,0 -9.856445,54.095361,0 -9.934473,54.075244,0 -9.943604,54.141602,0 -9.9771,54.187109,0 -10.092676,54.155762,0 -10.089697,54.21582,0 -10.056396,54.257812,0 -9.995947,54.276025,0 -9.935937,54.268115,0 -9.824561,54.268896,0 -9.717139,54.300439,0 -9.562305,54.308545,0 -9.315527,54.298633,0 -9.145898,54.209619,0 -9.1021,54.225537,0 -9.034277,54.281787,0 -9.002441,54.287988,0 -8.746777,54.263477,0 -8.588037,54.231104,0 -8.545557,54.241211,0 -8.568457,54.303613,0 -8.623145,54.346875,0 -8.554443,54.403564,0 -8.470996,54.441943,0 -8.415234,54.461084,0 -8.286523,54.484863,0 -8.230371,54.507275,0 -8.192969,54.580127,0 -8.133447,54.64082,0 -8.456543,54.609277,0 -8.763916,54.681201,0 -8.715186,54.732031,0 -8.650293,54.760889,0 -8.538281,54.782959,0 -8.527686,54.809473,0 -8.470996,54.831543,0 -8.377295,54.889453,0 -8.411719,54.965088,0 -8.393262,55.02041,0 -8.325781,55.056445,0 -8.304688,55.108203,0 -8.274609,55.146289,0 -8.137695,55.159912,0 -8.006104,55.195312,0 -7.958594,55.191895,0 -7.803174,55.200049,0 -7.750537,55.185791,0 -7.762549,55.24834,0 -7.66709,55.256494,0 -7.629785,55.243994,0 -7.613379,55.199658,0 -7.57002,55.171387,0 -7.556641,55.122217,0 -7.585693,55.084229,0 -7.634277,55.05498,0 -7.589844,55.025049,0 -7.65874,54.970947,0 -7.584375,54.993994,0 -7.478418,55.046973,0 -7.483936,55.090283,0 -7.501953,55.144727,0 -7.531445,55.193848,0 -7.517871,55.247949,0 -7.458301,55.281787,0 -7.301758,55.298779,0 -7.365967,55.360205,0 -7.308789,55.36582,0 -7.24668,55.353027,0 -7.155322,55.305176,0 -7.060254,55.267627,0 -6.96167,55.237891,0 -7.056396,55.17832,0 -7.172852,55.137012,0 -7.218652,55.091992,0</coordinates>
        </LinearRing>
      </outerBoundaryIs>
    </Polygon>
    </MultiGeometry>
  </Placemark>
    <Placemark><name>Iceland</name><styleUrl>#country_border</styleUrl><Polygon>
      <outerBoundaryIs>
        <LinearRing>
          <coordinates>-15.543115,66.228516,0 -15.428467,66.224805,0 -15.240918,66.259131,0 -15.162402,66.281689,0 -14.969971,66.359717,0 -14.856104,66.381445,0 -14.680664,66.376123,0 -14.59585,66.381543,0 -14.593896,66.373975,0 -14.70166,66.342285,0 -14.788232,66.331445,0 -14.912207,66.284277,0 -15.02998,66.177881,0 -15.117383,66.125635,0 -15.116406,66.102441,0 -15.010303,66.061279,0 -14.894043,66.037891,0 -14.787158,66.059082,0 -14.74043,66.05083,0 -14.698193,66.020215,0 -14.674365,65.989893,0 -14.668994,65.959863,0 -14.688232,65.896973,0 -14.752539,65.833789,0 -14.839307,65.780908,0 -14.8271,65.764258,0 -14.75752,65.755664,0 -14.426221,65.789941,0 -14.391846,65.787402,0 -14.372803,65.770361,0 -14.369092,65.738721,0 -14.350879,65.710107,0 -14.318164,65.684473,0 -14.328369,65.658252,0 -14.473389,65.575342,0 -14.302295,65.627539,0 -14.166943,65.642285,0 -13.935449,65.616064,0 -13.840723,65.585938,0 -13.785254,65.533008,0 -13.705127,65.550537,0 -13.670312,65.549512,0 -13.617871,65.519336,0 -13.616016,65.487158,0 -13.654443,65.441309,0 -13.667773,65.398975,0 -13.708008,65.381592,0 -13.783252,65.368994,0 -13.804785,65.354785,0 -13.771631,65.32251,0 -13.722852,65.290967,0 -13.653467,65.289502,0 -13.641113,65.275,0 -13.639551,65.257471,0 -13.648926,65.236963,0 -13.671582,65.222852,0 -13.707422,65.215137,0 -13.754883,65.192529,0 -13.580811,65.143018,0 -13.558594,65.124658,0 -13.556104,65.097656,0 -13.569678,65.068115,0 -13.599316,65.035938,0 -13.651855,65.016846,0 -13.777246,65.013721,0 -13.854004,64.992871,0 -13.827832,64.958008,0 -13.829834,64.914014,0 -13.85293,64.862158,0 -13.95166,64.783643,0 -14.044434,64.741895,0 -14.135156,64.714795,0 -14.296973,64.724365,0 -14.385107,64.745215,0 -14.375293,64.677441,0 -14.465381,64.635693,0 -14.44834,64.60083,0 -14.416992,64.583105,0 -14.432568,64.53833,0 -14.475391,64.493994,0 -14.54707,64.445947,0 -14.628223,64.415967,0 -14.789551,64.379834,0 -14.927393,64.319678,0 -15.021582,64.295898,0 -15.255859,64.296924,0 -15.494971,64.258203,0 -15.83291,64.17666,0 -16.060449,64.11123,0 -16.236035,64.037207,0 -16.468066,63.916357,0 -16.640332,63.865479,0 -16.739697,63.851758,0 -16.933057,63.840918,0 -17.095117,63.808105,0 -17.633447,63.746582,0 -17.815723,63.712988,0 -17.839258,63.682373,0 -17.914844,63.636377,0 -17.91958,63.619727,0 -17.886377,63.606885,0 -17.880273,63.590186,0 -17.946924,63.535742,0 -18.080029,63.496338,0 -18.14292,63.496973,0 -18.219043,63.530859,0 -18.252197,63.529687,0 -18.265234,63.524512,0 -18.266016,63.513867,0 -18.222266,63.473193,0 -18.302832,63.454248,0 -18.653613,63.406689,0 -19.250195,63.441992,0 -19.486572,63.478516,0 -19.778271,63.536572,0 -19.951953,63.552051,0 -20.198145,63.555811,0 -20.400439,63.637109,0 -20.494043,63.687354,0 -20.501562,63.708203,0 -20.491016,63.731982,0 -20.469971,63.748193,0 -20.438477,63.756982,0 -20.371729,63.757861,0 -20.363037,63.764941,0 -20.413965,63.805176,0 -20.462695,63.792139,0 -20.592969,63.735352,0 -20.650928,63.737402,0 -20.727051,63.765771,0 -20.729932,63.793359,0 -20.87876,63.803906,0 -21.008105,63.838379,0 -21.136572,63.887939,0 -21.155762,63.906836,0 -21.094043,63.934424,0 -21.105957,63.939844,0 -21.152393,63.944531,0 -21.24624,63.935449,0 -21.387598,63.872803,0 -21.448633,63.858398,0 -22.372559,63.84375,0 -22.606885,63.837256,0 -22.652197,63.827734,0 -22.693018,63.868506,0 -22.729395,63.959473,0 -22.742969,64.019385,0 -22.733643,64.048389,0 -22.701172,64.083203,0 -22.650928,64.077295,0 -22.603076,64.049609,0 -22.559814,64.010352,0 -22.510059,63.991455,0 -22.187598,64.039209,0 -22.056641,64.071338,0 -22.000977,64.101855,0 -21.935449,64.15376,0 -21.865918,64.180322,0 -21.832764,64.20542,0 -21.767578,64.284863,0 -21.722559,64.321777,0 -21.668652,64.349023,0 -21.606006,64.366602,0 -21.46333,64.37915,0 -21.557178,64.397852,0 -21.64668,64.397852,0 -21.951221,64.313916,0 -22.053369,64.313916,0 -22.049072,64.327002,0 -22.006006,64.350684,0 -21.90127,64.391602,0 -21.973193,64.394678,0 -22.000684,64.413184,0 -22.003809,64.452197,0 -21.950342,64.51499,0 -21.702393,64.597803,0 -21.61665,64.61001,0 -21.590625,64.626367,0 -21.623145,64.639746,0 -21.674951,64.647705,0 -21.924414,64.562549,0 -22.106006,64.533057,0 -22.159961,64.538818,0 -22.253906,64.571875,0 -22.28418,64.586572,0 -22.324707,64.624414,0 -22.320117,64.647217,0 -22.233594,64.713965,0 -22.247559,64.726904,0 -22.307031,64.733496,0 -22.467041,64.794971,0 -22.720312,64.788818,0 -23.346973,64.824365,0 -23.476465,64.809277,0 -23.689941,64.756543,0 -23.818994,64.73916,0 -23.878564,64.750635,0 -23.932764,64.778516,0 -23.981982,64.816113,0 -24.026172,64.863428,0 -24.007031,64.896436,0 -23.924414,64.915234,0 -23.863818,64.92417,0 -23.693213,64.912744,0 -23.485303,64.94585,0 -23.352686,64.952783,0 -23.3146,64.958008,0 -23.236523,64.993262,0 -23.197998,65.002148,0 -23.137891,64.989795,0 -23.108838,64.965869,0 -22.899512,65.003027,0 -22.827686,65.02168,0 -22.81958,65.033105,0 -22.788086,65.046484,0 -22.683984,65.026367,0 -22.599707,65.025732,0 -22.494482,65.039551,0 -22.308447,65.045654,0 -21.892139,65.048779,0 -21.829785,65.079102,0 -21.800439,65.105908,0 -21.763721,65.17373,0 -21.77998,65.187695,0 -22.03999,65.125244,0 -22.099316,65.126221,0 -22.400293,65.159326,0 -22.509082,65.196777,0 -22.473437,65.226855,0 -22.313965,65.291602,0 -22.149316,65.343555,0 -21.906982,65.399707,0 -21.850244,65.421533,0 -21.844385,65.447363,0 -22.005762,65.493457,0 -22.311475,65.480713,0 -22.389697,65.5354,0 -22.643604,65.567773,0 -22.812646,65.547412,0 -22.90249,65.580469,0 -23.12207,65.534766,0 -23.604541,65.468604,0 -23.796484,65.422754,0 -23.899902,65.407568,0 -24.018994,65.44502,0 -24.223975,65.487207,0 -24.454785,65.500342,0 -24.475684,65.525195,0 -24.341064,65.601221,0 -24.248926,65.61499,0 -24.156104,65.608008,0 -23.979004,65.55498,0 -23.856738,65.538379,0 -24.01001,65.616211,0 -24.006006,65.646143,0 -24.017578,65.690918,0 -24.065039,65.710156,0 -24.111914,65.759717,0 -24.092627,65.776465,0 -24.032422,65.782324,0 -23.909082,65.765576,0 -23.615918,65.67959,0 -23.471973,65.694824,0 -23.392969,65.726514,0 -23.285352,65.75,0 -23.315918,65.762256,0 -23.569287,65.763721,0 -23.704736,65.781201,0 -23.773242,65.806348,0 -23.832617,65.849219,0 -23.811719,65.868896,0 -23.741309,65.88457,0 -23.524951,65.880029,0 -23.66748,65.954297,0 -23.766553,65.996973,0 -23.777344,66.017578,0 -23.770557,66.043457,0 -23.757129,66.060791,0 -23.737158,66.069434,0 -23.488867,66.026074,0 -23.434473,66.024219,0 -23.484668,66.052246,0 -23.593555,66.093408,0 -23.598535,66.108838,0 -23.552637,66.121582,0 -23.52998,66.14502,0 -23.52793,66.164404,0 -23.452539,66.181006,0 -23.376562,66.181738,0 -23.3,66.166602,0 -23.062549,66.08623,0 -23.028516,66.063672,0 -23.017285,66.033936,0 -23.028906,65.99707,0 -23.018994,65.982129,0 -22.926221,65.994824,0 -22.852246,65.979297,0 -22.815332,65.983496,0 -22.72334,66.039014,0 -22.659863,66.025928,0 -22.621582,65.999951,0 -22.609717,65.976465,0 -22.604053,65.944189,0 -22.620215,65.876953,0 -22.616016,65.86748,0 -22.551562,65.90542,0 -22.441699,65.908301,0 -22.427539,65.927393,0 -22.424219,65.998096,0 -22.433154,66.057666,0 -22.445312,66.07002,0 -22.806445,66.152588,0 -22.869238,66.17207,0 -22.9479,66.212744,0 -22.931982,66.233203,0 -22.861621,66.251465,0 -22.755518,66.25874,0 -22.509375,66.257764,0 -22.484424,66.266309,0 -22.532129,66.287744,0 -22.646094,66.301563,0 -22.672754,66.313916,0 -22.68623,66.337695,0 -22.821338,66.324707,0 -22.972021,66.32417,0 -23.116943,66.338721,0 -23.119922,66.357227,0 -23.062695,66.384375,0 -22.944336,66.429443,0 -22.889209,66.440625,0 -22.72373,66.432764,0 -22.559326,66.44541,0 -22.426123,66.430127,0 -22.320459,66.385498,0 -22.170215,66.307129,0 -21.966992,66.256982,0 -21.948389,66.24126,0 -21.840234,66.200195,0 -21.625293,66.089697,0 -21.406885,66.025586,0 -21.396777,66.009277,0 -21.432715,65.990088,0 -21.51665,65.967578,0 -21.497461,65.955078,0 -21.387793,65.93877,0 -21.308789,65.895313,0 -21.303467,65.876465,0 -21.374902,65.741895,0 -21.412842,65.71333,0 -21.456641,65.698242,0 -21.658447,65.723584,0 -21.610352,65.680762,0 -21.46626,65.635156,0 -21.433643,65.609668,0 -21.455127,65.584668,0 -21.439404,65.578906,0 -21.386621,65.592432,0 -21.364746,65.578223,0 -21.373877,65.536377,0 -21.396338,65.50166,0 -21.432178,65.474072,0 -21.421875,65.462158,0 -21.365479,65.46582,0 -21.312549,65.458691,0 -21.22998,65.420605,0 -21.162988,65.304248,0 -21.129687,65.266602,0 -21.105713,65.3,0 -21.075586,65.384961,0 -21.047314,65.428369,0 -21.02085,65.430273,0 -20.997998,65.444531,0 -20.978857,65.471191,0 -20.939746,65.565186,0 -20.804346,65.636426,0 -20.739697,65.658252,0 -20.678955,65.663086,0 -20.649414,65.654199,0 -20.548145,65.579492,0 -20.486523,65.566943,0 -20.454834,65.571045,0 -20.411523,65.621729,0 -20.356641,65.719043,0 -20.344092,65.827734,0 -20.373926,65.947705,0 -20.356592,66.033252,0 -20.292139,66.084375,0 -20.20752,66.100098,0 -20.102686,66.080469,0 -20.026074,66.049268,0 -19.874756,65.930127,0 -19.752637,65.867773,0 -19.647852,65.800781,0 -19.593555,65.779053,0 -19.489697,65.768066,0 -19.461816,65.772363,0 -19.443262,65.787842,0 -19.433887,65.814453,0 -19.45625,65.984912,0 -19.427051,66.037988,0 -19.382959,66.075684,0 -19.195312,66.0979,0 -19.093213,66.121533,0 -18.99375,66.160352,0 -18.911328,66.181152,0 -18.845898,66.183936,0 -18.777539,66.168799,0 -18.706201,66.135742,0 -18.594922,66.071338,0 -18.454932,65.964551,0 -18.276953,65.884717,0 -18.183643,65.758008,0 -18.163721,65.736572,0 -18.141943,65.734082,0 -18.118408,65.750537,0 -18.10332,65.773926,0 -18.099023,65.830273,0 -18.148877,65.905029,0 -18.315332,66.093164,0 -18.318213,66.128809,0 -18.297168,66.157422,0 -18.179883,66.160547,0 -17.906982,66.143311,0 -17.819824,66.114111,0 -17.634326,65.99917,0 -17.582227,65.971387,0 -17.550439,65.964404,0 -17.539014,65.97832,0 -17.467041,65.999658,0 -17.417236,66.025537,0 -17.334277,66.088867,0 -17.153027,66.202832,0 -17.115381,66.206201,0 -17.062451,66.197217,0 -16.969531,66.167383,0 -16.925439,66.143457,0 -16.838037,66.125244,0 -16.748437,66.131641,0 -16.624756,66.171582,0 -16.48501,66.195947,0 -16.437109,66.252539,0 -16.428076,66.278369,0 -16.540674,66.446729,0 -16.493359,66.481152,0 -16.249316,66.5229,0 -16.035889,66.526074,0 -15.9854,66.514648,0 -15.850928,66.432861,0 -15.759766,66.391699,0 -15.71377,66.358594,0 -15.702783,66.285742,0 -15.647363,66.258789,0 -15.543115,66.228516,0</coordinates>
        </LinearRing>
      </outerBoundaryIs>
    </Polygon>
  </Placemark>
    <Placemark><name>Hungary</name><styleUrl>#country_border</styleUrl><Polygon>
      <outerBoundaryIs>
        <LinearRing>
          <coordinates>22.131836,48.405322,0 22.227148,48.413428,0 22.231152,48.412158,0 22.253711,48.407373,0 22.269434,48.360889,0 22.272168,48.358008,0 22.295117,48.327295,0 22.316699,48.286621,0 22.350195,48.256055,0 22.423828,48.243311,0 22.520117,48.205371,0 22.582422,48.134033,0 22.676367,48.104395,0 22.683105,48.103613,0 22.701563,48.107031,0 22.769141,48.109619,0 22.782227,48.095215,0 22.83623,48.060303,0 22.857227,48.029541,0 22.846484,47.99707,0 22.856055,47.960303,0 22.87666,47.947266,0 22.851758,47.922559,0 22.676758,47.799023,0 22.608398,47.766309,0 22.562891,47.75957,0 22.491406,47.772559,0 22.41748,47.762646,0 22.351465,47.73623,0 22.290625,47.727832,0 22.244629,47.696387,0 22.185059,47.629053,0 22.111914,47.572021,0 22.037988,47.536621,0 21.999707,47.505029,0 21.995313,47.395703,0 21.954297,47.364258,0 21.899219,47.332568,0 21.869336,47.30459,0 21.785449,47.138135,0 21.721777,47.084814,0 21.661426,47.043896,0 21.651465,47.006543,0 21.652637,46.96377,0 21.58418,46.878369,0 21.494434,46.789746,0 21.477051,46.753369,0 21.49707,46.704297,0 21.411035,46.647852,0 21.361328,46.620752,0 21.320215,46.607812,0 21.294531,46.572461,0 21.252246,46.486377,0 21.263281,46.447754,0 21.264551,46.412305,0 21.191797,46.391553,0 21.17041,46.352686,0 21.151953,46.304346,0 21.12168,46.282422,0 21.039844,46.242236,0 20.837012,46.259717,0 20.760254,46.24624,0 20.737402,46.21748,0 20.732715,46.194434,0 20.707422,46.172803,0 20.661035,46.145654,0 20.613672,46.133496,0 20.508105,46.166943,0 20.280957,46.133008,0 20.241797,46.108594,0 20.210156,46.126025,0 20.161426,46.141895,0 19.934082,46.161475,0 19.844434,46.145898,0 19.724512,46.151904,0 19.613477,46.169189,0 19.530762,46.155176,0 19.45752,46.087354,0 19.421289,46.064453,0 19.392871,46.049805,0 19.330273,46.028516,0 19.278125,46.002881,0 19.208398,45.984424,0 19.146289,45.987012,0 19.087305,46.016162,0 19.066211,46.009521,0 19.047656,45.982666,0 19.015723,45.959717,0 18.927832,45.931396,0 18.905371,45.931738,0 18.900293,45.931738,0 18.833008,45.91084,0 18.721777,45.899365,0 18.666016,45.907471,0 18.564648,45.813281,0 18.533594,45.796143,0 18.437305,45.767334,0 18.358301,45.753027,0 18.290625,45.764453,0 18.263965,45.765479,0 17.963867,45.770264,0 17.807129,45.79043,0 17.706445,45.827246,0 17.639648,45.868359,0 17.607031,45.91377,0 17.529199,45.941309,0 17.406348,45.951074,0 17.310645,45.996143,0 17.242188,46.076611,0 17.149609,46.140332,0 17.032715,46.187305,0 16.939941,46.253662,0 16.871484,46.339307,0 16.748047,46.416406,0 16.569922,46.48501,0 16.516211,46.499902,0 16.505664,46.52207,0 16.418457,46.607227,0 16.38125,46.638672,0 16.38457,46.680811,0 16.367188,46.704785,0 16.335449,46.721631,0 16.318457,46.78252,0 16.308496,46.827979,0 16.283594,46.857275,0 16.093066,46.863281,0 16.252539,46.971924,0 16.331836,47.002197,0 16.423926,46.996973,0 16.453418,47.006787,0 16.46123,47.022461,0 16.476953,47.057861,0 16.484766,47.09126,0 16.492676,47.122656,0 16.482813,47.140381,0 16.438379,47.145898,0 16.416895,47.223437,0 16.439746,47.252734,0 16.462598,47.273145,0 16.434375,47.367432,0 16.442871,47.399512,0 16.514746,47.404541,0 16.574414,47.424658,0 16.623047,47.447559,0 16.636621,47.476611,0 16.676563,47.536035,0 16.639746,47.608887,0 16.432129,47.656299,0 16.421289,47.674463,0 16.469629,47.695068,0 16.521094,47.724463,0 16.550977,47.747363,0 16.590918,47.750537,0 16.647461,47.739014,0 16.747559,47.686279,0 16.785938,47.678662,0 16.823047,47.693994,0 16.862695,47.697266,0 16.973438,47.695312,0 17.066602,47.707568,0 17.045605,47.76377,0 17.045898,47.804541,0 17.030078,47.837109,0 17.039941,47.872949,0 17.077734,47.900879,0 17.089063,47.963623,0 17.147363,48.005957,0 17.174609,48.012061,0 17.277246,48.004346,0 17.301563,47.993359,0 17.317285,47.990918,0 17.480664,47.887598,0 17.635254,47.809912,0 17.761914,47.770166,0 17.947949,47.766895,0 18.145605,47.763428,0 18.47627,47.777002,0 18.724219,47.787158,0 18.740625,47.806494,0 18.778027,47.852881,0 18.74834,47.892676,0 18.750098,47.939453,0 18.791895,48.000293,0 18.91416,48.05083,0 19.265137,48.073047,0 19.466992,48.110693,0 19.497461,48.162109,0 19.564258,48.212842,0 19.625391,48.223096,0 19.70918,48.199805,0 19.810059,48.155029,0 19.898633,48.131348,0 19.950391,48.146631,0 20.128613,48.222021,0 20.333789,48.295557,0 20.475,48.495117,0 20.490039,48.526904,0 20.643164,48.549707,0 20.866602,48.545654,0 20.981152,48.519678,0 21.067285,48.505908,0 21.196387,48.510596,0 21.382422,48.553467,0 21.451367,48.552246,0 21.504688,48.521875,0 21.563184,48.495703,0 21.602637,48.463672,0 21.63252,48.418506,0 21.648633,48.401465,0 21.674609,48.378369,0 21.721484,48.346582,0 21.766992,48.338086,0 22.111328,48.393359,0 22.131836,48.405322,0</coordinates>
        </LinearRing>
      </outerBoundaryIs>
    </Polygon>
  </Placemark>
    <Placemark><name>Greece</name><styleUrl>#country_border</styleUrl><MultiGeometry>
    <Polygon>
      <outerBoundaryIs>
        <LinearRing>
          <coordinates>27.860156,36.553906,0 27.838281,36.537988,0 27.788086,36.583691,0 27.785742,36.60752,0 27.836816,36.634863,0 27.8625,36.641162,0 27.869824,36.62251,0 27.869043,36.582666,0 27.860156,36.553906,0</coordinates>
        </LinearRing>
      </outerBoundaryIs>
    </Polygon>
    <Polygon>
      <outerBoundaryIs>
        <LinearRing>
          <coordinates>20.612305,38.38335,0 20.624707,38.267871,0 20.695215,38.246191,0 20.788867,38.14209,0 20.780762,38.088818,0 20.761328,38.070557,0 20.606152,38.119727,0 20.568945,38.097656,0 20.523535,38.106641,0 20.495508,38.16416,0 20.49873,38.184375,0 20.47334,38.218799,0 20.452148,38.23418,0 20.391016,38.188428,0 20.352539,38.179883,0 20.352246,38.221729,0 20.408691,38.336768,0 20.435059,38.356201,0 20.481445,38.318213,0 20.519629,38.332324,0 20.54834,38.394531,0 20.550293,38.456543,0 20.563184,38.474951,0 20.612305,38.38335,0</coordinates>
        </LinearRing>
      </outerBoundaryIs>
    </Polygon>
    <Polygon>
      <outerBoundaryIs>
        <LinearRing>
          <coordinates>20.888477,37.805371,0 20.993945,37.708008,0 20.909082,37.732129,0 20.818555,37.664746,0 20.703809,37.743457,0 20.635059,37.823145,0 20.619531,37.855029,0 20.691504,37.929541,0 20.758691,37.852979,0 20.839844,37.840723,0 20.888477,37.805371,0</coordinates>
        </LinearRing>
      </outerBoundaryIs>
    </Polygon>
    <Polygon>
      <outerBoundaryIs>
        <LinearRing>
          <coordinates>20.686719,38.608691,0 20.647852,38.600977,0 20.614355,38.60625,0 20.583984,38.601709,0 20.554688,38.582568,0 20.55791,38.661865,0 20.59248,38.760156,0 20.634668,38.817578,0 20.694141,38.844238,0 20.719629,38.79917,0 20.714844,38.63833,0 20.686719,38.608691,0</coordinates>
        </LinearRing>
      </outerBoundaryIs>
    </Polygon>
    <Polygon>
      <outerBoundaryIs>
        <LinearRing>
          <coordinates>20.758691,38.329443,0 20.709277,38.318604,0 20.646387,38.414307,0 20.623633,38.480322,0 20.649707,38.483984,0 20.674805,38.476318,0 20.70127,38.451416,0 20.701074,38.425928,0 20.711621,38.398633,0 20.73916,38.365771,0 20.758691,38.329443,0</coordinates>
        </LinearRing>
      </outerBoundaryIs>
    </Polygon>
    <Polygon>
      <outerBoundaryIs>
        <LinearRing>
          <coordinates>20.07793,39.432715,0 20.099609,39.376611,0 19.975,39.411426,0 19.883984,39.461523,0 19.808887,39.585303,0 19.648926,39.726172,0 19.646484,39.76709,0 19.707324,39.798096,0 19.838574,39.820117,0 19.891699,39.797266,0 19.926074,39.77373,0 19.936816,39.746729,0 19.862207,39.692627,0 19.84668,39.668115,0 19.904102,39.619482,0 19.903125,39.6,0 19.927344,39.505908,0 19.955273,39.47041,0 20.027734,39.44209,0 20.07793,39.432715,0</coordinates>
        </LinearRing>
      </outerBoundaryIs>
    </Polygon>
    <Polygon>
      <outerBoundaryIs>
        <LinearRing>
          <coordinates>23.41543,38.958643,0 23.471973,38.850098,0 23.525,38.813477,0 23.63623,38.770215,0 23.688477,38.764697,0 23.878223,38.686572,0 24.099023,38.670996,0 24.127539,38.648486,0 24.154688,38.588281,0 24.199707,38.541016,0 24.211035,38.504248,0 24.1875,38.463428,0 24.220117,38.338623,0 24.275781,38.22002,0 24.359668,38.1625,0 24.463965,38.145117,0 24.563281,38.14751,0 24.588379,38.123975,0 24.578516,38.020166,0 24.536523,37.979736,0 24.502344,37.969922,0 24.472656,37.980518,0 24.445801,38.00498,0 24.416504,38.016553,0 24.359473,38.018555,0 24.317773,38.060352,0 24.212012,38.117529,0 24.192578,38.15166,0 24.189063,38.204297,0 24.144141,38.243066,0 24.102832,38.316846,0 24.063574,38.337207,0 24.041895,38.374121,0 24.040137,38.38999,0 23.88623,38.400732,0 23.758789,38.401221,0 23.650781,38.443066,0 23.617383,38.552539,0 23.55332,38.581982,0 23.505273,38.612939,0 23.465234,38.655859,0 23.364063,38.73501,0 23.252148,38.801221,0 23.143945,38.844824,0 23.029102,38.873389,0 22.935742,38.839648,0 22.881348,38.847656,0 22.870313,38.870508,0 22.986328,38.915918,0 23.145801,39.002686,0 23.258203,39.031348,0 23.312695,39.034912,0 23.41543,38.958643,0</coordinates>
        </LinearRing>
      </outerBoundaryIs>
    </Polygon>
    <Polygon>
      <outerBoundaryIs>
        <LinearRing>
          <coordinates>23.779785,39.114404,0 23.735156,39.080566,0 23.666113,39.095361,0 23.593945,39.208594,0 23.779785,39.114404,0</coordinates>
        </LinearRing>
      </outerBoundaryIs>
    </Polygon>
    <Polygon>
      <outerBoundaryIs>
        <LinearRing>
          <coordinates>23.887988,39.158301,0 23.841211,39.146582,0 23.888086,39.226367,0 23.970898,39.267725,0 23.939746,39.200537,0 23.887988,39.158301,0</coordinates>
        </LinearRing>
      </outerBoundaryIs>
    </Polygon>
    <Polygon>
      <outerBoundaryIs>
        <LinearRing>
          <coordinates>24.674707,38.809229,0 24.569043,38.784814,0 24.541016,38.788672,0 24.564551,38.819434,0 24.566406,38.832373,0 24.461035,38.888623,0 24.473438,38.96167,0 24.485645,38.980273,0 24.564063,38.942236,0 24.58125,38.878857,0 24.674707,38.809229,0</coordinates>
        </LinearRing>
      </outerBoundaryIs>
    </Polygon>
    <Polygon>
      <outerBoundaryIs>
        <LinearRing>
          <coordinates>24.774219,40.615186,0 24.645898,40.579443,0 24.515527,40.647021,0 24.516699,40.687207,0 24.585547,40.76875,0 24.62334,40.79292,0 24.719141,40.786279,0 24.773633,40.730273,0 24.786328,40.703857,0 24.768652,40.658887,0 24.774219,40.615186,0</coordinates>
        </LinearRing>
      </outerBoundaryIs>
    </Polygon>
    <Polygon>
      <outerBoundaryIs>
        <LinearRing>
          <coordinates>23.550977,37.925879,0 23.511426,37.901172,0 23.466797,37.902393,0 23.435254,37.911475,0 23.419336,37.93125,0 23.439063,37.940674,0 23.462207,37.980371,0 23.483691,37.991113,0 23.515527,37.986035,0 23.534863,37.970215,0 23.550977,37.925879,0</coordinates>
        </LinearRing>
      </outerBoundaryIs>
    </Polygon>
    <Polygon>
      <outerBoundaryIs>
        <LinearRing>
          <coordinates>23.053809,36.189795,0 23.042188,36.146387,0 22.939453,36.176221,0 22.91084,36.220996,0 22.905664,36.320312,0 22.932617,36.36875,0 22.950488,36.383936,0 22.997852,36.328125,0 23.09707,36.246582,0 23.053809,36.189795,0</coordinates>
        </LinearRing>
      </outerBoundaryIs>
    </Polygon>
    <Polygon>
      <outerBoundaryIs>
        <LinearRing>
          <coordinates>27.176074,35.465283,0 27.137891,35.409082,0 27.099121,35.456445,0 27.11582,35.511133,0 27.070703,35.597754,0 27.156055,35.72627,0 27.158008,35.788672,0 27.223145,35.820459,0 27.207031,35.714453,0 27.157227,35.629492,0 27.208887,35.558936,0 27.233594,35.478564,0 27.176074,35.465283,0</coordinates>
        </LinearRing>
      </outerBoundaryIs>
    </Polygon>
    <Polygon>
      <outerBoundaryIs>
        <LinearRing>
          <coordinates>27.019727,36.959033,0 26.919922,36.945215,0 26.937695,37.024609,0 26.888672,37.087256,0 26.966602,37.0521,0 27.016016,37.009668,0 27.040137,37.001562,0 27.03457,36.975977,0 27.019727,36.959033,0</coordinates>
        </LinearRing>
      </outerBoundaryIs>
    </Polygon>
    <Polygon>
      <outerBoundaryIs>
        <LinearRing>
          <coordinates>26.949609,36.7271,0 26.918359,36.725928,0 26.955566,36.774219,0 27.061133,36.840381,0 27.214941,36.898633,0 27.265625,36.905127,0 27.352148,36.868896,0 27.193164,36.809131,0 27.150977,36.777588,0 27.033594,36.770752,0 26.949609,36.7271,0</coordinates>
        </LinearRing>
      </outerBoundaryIs>
    </Polygon>
    <Polygon>
      <outerBoundaryIs>
        <LinearRing>
          <coordinates>25.545898,36.967578,0 25.456738,36.929688,0 25.395898,36.984375,0 25.361914,37.07041,0 25.525293,37.196387,0 25.564355,37.185107,0 25.587891,37.152539,0 25.584277,37.039307,0 25.545898,36.967578,0</coordinates>
        </LinearRing>
      </outerBoundaryIs>
    </Polygon>
    <Polygon>
      <outerBoundaryIs>
        <LinearRing>
          <coordinates>25.278906,37.068408,0 25.199414,36.991309,0 25.133301,36.999658,0 25.105469,37.034961,0 25.146484,37.107422,0 25.235059,37.148535,0 25.275293,37.137842,0 25.271484,37.08418,0 25.278906,37.068408,0</coordinates>
        </LinearRing>
      </outerBoundaryIs>
    </Polygon>
    <Polygon>
      <outerBoundaryIs>
        <LinearRing>
          <coordinates>25.482422,36.392627,0 25.435938,36.340088,0 25.370508,36.358936,0 25.397168,36.378955,0 25.412891,36.404883,0 25.414648,36.442285,0 25.396875,36.465332,0 25.408984,36.47373,0 25.467383,36.435059,0 25.482422,36.392627,0</coordinates>
        </LinearRing>
      </outerBoundaryIs>
    </Polygon>
    <Polygon>
      <outerBoundaryIs>
        <LinearRing>
          <coordinates>25.381738,36.674023,0 25.364355,36.65835,0 25.288672,36.721533,0 25.259961,36.758447,0 25.295898,36.78916,0 25.406934,36.717334,0 25.381738,36.674023,0</coordinates>
        </LinearRing>
      </outerBoundaryIs>
    </Polygon>
    <Polygon>
      <outerBoundaryIs>
        <LinearRing>
          <coordinates>26.824414,37.811426,0 26.947363,37.778467,0 26.981543,37.781982,0 27.039648,37.77002,0 27.055078,37.709277,0 26.978125,37.700488,0 26.844922,37.644727,0 26.788281,37.656982,0 26.720508,37.705469,0 26.612891,37.710498,0 26.581055,37.72373,0 26.638672,37.780859,0 26.743359,37.809766,0 26.824414,37.811426,0</coordinates>
        </LinearRing>
      </outerBoundaryIs>
    </Polygon>
    <Polygon>
      <outerBoundaryIs>
        <LinearRing>
          <coordinates>26.029297,37.529395,0 25.982422,37.525586,0 25.996777,37.565576,0 26.086328,37.634912,0 26.211523,37.638281,0 26.325586,37.673047,0 26.351367,37.674316,0 26.296875,37.61958,0 26.204883,37.568506,0 26.029297,37.529395,0</coordinates>
        </LinearRing>
      </outerBoundaryIs>
    </Polygon>
    <Polygon>
      <outerBoundaryIs>
        <LinearRing>
          <coordinates>25.859375,36.79043,0 25.771094,36.782227,0 25.743164,36.789746,0 25.796777,36.807031,0 25.834375,36.825391,0 25.852441,36.847559,0 25.941992,36.886572,0 26.000684,36.937402,0 26.064453,36.902734,0 25.984668,36.879687,0 25.859375,36.79043,0</coordinates>
        </LinearRing>
      </outerBoundaryIs>
    </Polygon>
    <Polygon>
      <outerBoundaryIs>
        <LinearRing>
          <coordinates>26.460645,36.5854,0 26.381641,36.561523,0 26.331445,36.511377,0 26.27002,36.546924,0 26.269824,36.59541,0 26.337012,36.580566,0 26.38418,36.607861,0 26.37002,36.638574,0 26.421289,36.624219,0 26.460645,36.5854,0</coordinates>
        </LinearRing>
      </outerBoundaryIs>
    </Polygon>
    <Polygon>
      <outerBoundaryIs>
        <LinearRing>
          <coordinates>24.355957,37.576855,0 24.288965,37.528271,0 24.277441,37.601123,0 24.32041,37.677734,0 24.379102,37.682715,0 24.400781,37.649023,0 24.355957,37.576855,0</coordinates>
        </LinearRing>
      </outerBoundaryIs>
    </Polygon>
    <Polygon>
      <outerBoundaryIs>
        <LinearRing>
          <coordinates>24.435742,37.344434,0 24.378906,37.314111,0 24.397754,37.383447,0 24.369727,37.419629,0 24.394824,37.450391,0 24.43125,37.475195,0 24.448535,37.449561,0 24.481445,37.408008,0 24.435742,37.344434,0</coordinates>
        </LinearRing>
      </outerBoundaryIs>
    </Polygon>
    <Polygon>
      <outerBoundaryIs>
        <LinearRing>
          <coordinates>24.535742,36.76377,0 24.5375,36.705029,0 24.530664,36.683984,0 24.325977,36.655615,0 24.344922,36.722998,0 24.357422,36.744287,0 24.425195,36.712939,0 24.450195,36.728955,0 24.460352,36.747461,0 24.535742,36.76377,0</coordinates>
        </LinearRing>
      </outerBoundaryIs>
    </Polygon>
    <Polygon>
      <outerBoundaryIs>
        <LinearRing>
          <coordinates>24.942871,37.493506,0 24.937891,37.389697,0 24.911523,37.390576,0 24.896191,37.406592,0 24.895313,37.446338,0 24.906543,37.508887,0 24.942871,37.493506,0</coordinates>
        </LinearRing>
      </outerBoundaryIs>
    </Polygon>
    <Polygon>
      <outerBoundaryIs>
        <LinearRing>
          <coordinates>24.991699,37.759619,0 24.962207,37.692383,0 24.884082,37.770508,0 24.798535,37.824023,0 24.766504,37.870703,0 24.714355,37.898877,0 24.700195,37.96167,0 24.763379,37.9875,0 24.79043,37.990137,0 24.855078,37.913672,0 24.956348,37.904785,0 24.948438,37.857666,0 24.980469,37.796924,0 24.991699,37.759619,0</coordinates>
        </LinearRing>
      </outerBoundaryIs>
    </Polygon>
    <Polygon>
      <outerBoundaryIs>
        <LinearRing>
          <coordinates>25.255859,37.599609,0 25.21875,37.535107,0 25.156348,37.545068,0 25.051953,37.614453,0 25.016309,37.645947,0 24.996484,37.676904,0 25.039355,37.680664,0 25.091797,37.647998,0 25.225391,37.630664,0 25.255859,37.599609,0</coordinates>
        </LinearRing>
      </outerBoundaryIs>
    </Polygon>
    <Polygon>
      <outerBoundaryIs>
        <LinearRing>
          <coordinates>24.720898,36.921436,0 24.702637,36.91709,0 24.676465,36.959277,0 24.670996,36.998584,0 24.681445,37.021631,0 24.716113,37.023828,0 24.763184,36.949219,0 24.720898,36.921436,0</coordinates>
        </LinearRing>
      </outerBoundaryIs>
    </Polygon>
    <Polygon>
      <outerBoundaryIs>
        <LinearRing>
          <coordinates>26.094043,38.218066,0 25.998535,38.161523,0 25.891895,38.243311,0 25.874316,38.269629,0 25.952637,38.302637,0 25.991406,38.353516,0 25.959961,38.416016,0 25.85127,38.508398,0 25.846094,38.574023,0 26.0125,38.601709,0 26.110449,38.544629,0 26.160352,38.540723,0 26.141211,38.486182,0 26.149609,38.468457,0 26.157031,38.30293,0 26.110742,38.279639,0 26.103125,38.23418,0 26.094043,38.218066,0</coordinates>
        </LinearRing>
      </outerBoundaryIs>
    </Polygon>
    <Polygon>
      <outerBoundaryIs>
        <LinearRing>
          <coordinates>26.410156,39.329443,0 26.392773,39.270117,0 26.531055,39.171777,0 26.578223,39.109521,0 26.595605,39.048828,0 26.583984,39.031445,0 26.531543,39.064355,0 26.488672,39.074805,0 26.503125,39.031445,0 26.547168,38.994141,0 26.46875,38.972803,0 26.390137,38.973926,0 26.16084,39.025879,0 26.10791,39.081055,0 26.245117,39.164111,0 26.273145,39.197559,0 26.175977,39.194287,0 26.072363,39.095605,0 25.90625,39.138965,0 25.855469,39.178662,0 25.844141,39.200049,0 25.90957,39.287549,0 26.026465,39.284619,0 26.088379,39.304297,0 26.164844,39.331982,0 26.16543,39.373535,0 26.347754,39.383008,0 26.410156,39.329443,0</coordinates>
        </LinearRing>
      </outerBoundaryIs>
    </Polygon>
    <Polygon>
      <outerBoundaryIs>
        <LinearRing>
          <coordinates>25.685742,40.426562,0 25.572656,40.400439,0 25.448047,40.482812,0 25.568555,40.515869,0 25.624316,40.491992,0 25.664258,40.463867,0 25.685742,40.426562,0</coordinates>
        </LinearRing>
      </outerBoundaryIs>
    </Polygon>
    <Polygon>
      <outerBoundaryIs>
        <LinearRing>
          <coordinates>25.437695,39.983301,0 25.399902,39.949561,0 25.37207,39.891309,0 25.357031,39.808105,0 25.29873,39.806104,0 25.263379,39.822949,0 25.251758,39.854395,0 25.249414,39.894141,0 25.223828,39.892578,0 25.203223,39.849414,0 25.185156,39.829932,0 25.126465,39.82583,0 25.062207,39.852393,0 25.065234,39.909863,0 25.052344,39.976367,0 25.058008,39.999658,0 25.23418,40.00542,0 25.285742,39.956299,0 25.348047,39.984766,0 25.373633,40.015527,0 25.449121,40.034814,0 25.437695,39.983301,0</coordinates>
        </LinearRing>
      </outerBoundaryIs>
    </Polygon>
    <Polygon>
      <outerBoundaryIs>
        <LinearRing>
          <coordinates>25.402734,37.419141,0 25.307129,37.412988,0 25.312695,37.489307,0 25.348145,37.50918,0 25.462988,37.471094,0 25.457422,37.44707,0 25.402734,37.419141,0</coordinates>
        </LinearRing>
      </outerBoundaryIs>
    </Polygon>
    <Polygon>
      <outerBoundaryIs>
        <LinearRing>
          <coordinates>24.523535,37.125098,0 24.486523,37.110059,0 24.424805,37.131982,0 24.441211,37.186865,0 24.483789,37.210205,0 24.529102,37.192334,0 24.535938,37.167676,0 24.523535,37.125098,0</coordinates>
        </LinearRing>
      </outerBoundaryIs>
    </Polygon>
    <Polygon>
      <outerBoundaryIs>
        <LinearRing>
          <coordinates>27.842773,35.929297,0 27.770605,35.908301,0 27.745703,35.911035,0 27.715527,35.957324,0 27.757324,36.069189,0 27.718652,36.141113,0 27.716309,36.171582,0 27.774414,36.21377,0 27.815234,36.276953,0 27.914453,36.345312,0 28.171484,36.426221,0 28.231836,36.433643,0 28.230078,36.370264,0 28.144043,36.209863,0 28.067676,36.129687,0 28.087793,36.065332,0 27.965527,36.04751,0 27.842773,35.929297,0</coordinates>
        </LinearRing>
      </outerBoundaryIs>
    </Polygon>
    <Polygon>
      <outerBoundaryIs>
        <LinearRing>
          <coordinates>23.852246,35.535449,0 23.920605,35.528174,0 24.013281,35.529443,0 24.034375,35.5354,0 24.093359,35.593848,0 24.166016,35.595215,0 24.197754,35.537451,0 24.124023,35.51084,0 24.108984,35.495801,0 24.123145,35.483643,0 24.178516,35.459521,0 24.255371,35.468604,0 24.257715,35.423145,0 24.274902,35.385986,0 24.312891,35.363818,0 24.354004,35.359473,0 24.444922,35.366016,0 24.53457,35.380762,0 24.626953,35.409912,0 24.721289,35.424805,0 25.003125,35.409863,0 25.104297,35.346924,0 25.296777,35.339355,0 25.475684,35.306201,0 25.569629,35.328076,0 25.730176,35.348584,0 25.755859,35.326367,0 25.735156,35.184033,0 25.74502,35.142725,0 25.791309,35.122852,0 25.837109,35.132568,0 25.893359,35.179199,0 26.028027,35.215283,0 26.167871,35.215088,0 26.285547,35.309766,0 26.320215,35.315137,0 26.298633,35.268604,0 26.280859,35.159229,0 26.255566,35.095166,0 26.244336,35.044678,0 26.165625,35.018604,0 26.04668,35.01416,0 25.829688,35.025195,0 25.610938,35.007324,0 25.205762,34.959277,0 24.799805,34.934473,0 24.745215,34.950635,0 24.743945,35.014355,0 24.735156,35.058301,0 24.708887,35.089062,0 24.583398,35.115332,0 24.463672,35.160352,0 23.994336,35.221924,0 23.883594,35.246094,0 23.703906,35.233496,0 23.638086,35.235156,0 23.592773,35.257227,0 23.561621,35.295166,0 23.547559,35.415576,0 23.569824,35.534766,0 23.608691,35.56626,0 23.626563,35.530371,0 23.672656,35.513916,0 23.71543,35.550146,0 23.715039,35.604736,0 23.736914,35.655518,0 23.770801,35.634229,0 23.793359,35.556201,0 23.852246,35.535449,0</coordinates>
        </LinearRing>
      </outerBoundaryIs>
    </Polygon>
    <Polygon>
      <outerBoundaryIs>
        <LinearRing>
          <coordinates>26.320898,41.716553,0 26.410547,41.696338,0 26.4625,41.663379,0 26.49502,41.633252,0 26.544531,41.607227,0 26.581348,41.60127,0 26.609766,41.512158,0 26.624902,41.401758,0 26.602344,41.35415,0 26.536426,41.343115,0 26.330664,41.23877,0 26.325684,41.143262,0 26.328418,41.097021,0 26.332617,41.064307,0 26.354102,41.036768,0 26.354102,40.99707,0 26.331055,40.954492,0 26.241211,40.883203,0 26.178906,40.826514,0 26.10918,40.749658,0 26.069727,40.740283,0 26.038965,40.726758,0 26.010742,40.769141,0 25.855664,40.844092,0 25.496777,40.887793,0 25.325293,40.943115,0 25.250098,40.932812,0 25.104492,40.994727,0 25.004688,40.967529,0 24.792969,40.85752,0 24.678711,40.869482,0 24.556543,40.935596,0 24.477051,40.947754,0 24.383789,40.912744,0 24.234375,40.786133,0 24.082324,40.724072,0 23.946094,40.74834,0 23.762793,40.747803,0 23.743262,40.677002,0 23.778711,40.627979,0 23.878906,40.544385,0 23.831934,40.481543,0 23.866797,40.418555,0 23.932031,40.405762,0 24.030566,40.409326,0 24.212793,40.327783,0 24.29248,40.241797,0 24.343359,40.147705,0 24.232422,40.215186,0 24.158789,40.280029,0 24.056055,40.303564,0 23.913184,40.358789,0 23.823438,40.368018,0 23.72793,40.329736,0 23.720508,40.286279,0 23.823438,40.205127,0 23.917578,40.155225,0 23.96748,40.114551,0 24.000781,40.024609,0 23.981836,39.994043,0 23.94707,39.965576,0 23.835352,40.022266,0 23.664551,40.223828,0 23.42627,40.263965,0 23.386426,40.221973,0 23.433203,40.11543,0 23.46709,40.073926,0 23.674121,39.958887,0 23.65752,39.934473,0 23.627344,39.924072,0 23.395605,39.989844,0 23.328223,40.089941,0 23.312012,40.216455,0 23.098145,40.304297,0 22.896484,40.399902,0 22.851367,40.490625,0 22.892871,40.524268,0 22.922266,40.590869,0 22.811426,40.578613,0 22.741895,40.536475,0 22.629492,40.495557,0 22.624902,40.428613,0 22.642676,40.366602,0 22.605469,40.276416,0 22.569336,40.119336,0 22.592188,40.036914,0 22.835742,39.800586,0 22.919043,39.628906,0 22.978809,39.563818,0 23.103418,39.492041,0 23.233398,39.358447,0 23.288477,39.288818,0 23.327734,39.174902,0 23.218359,39.104395,0 23.154688,39.101465,0 23.119434,39.132764,0 23.16875,39.210449,0 23.161719,39.257764,0 22.992871,39.331055,0 22.921387,39.306348,0 22.838965,39.258594,0 22.886035,39.169971,0 22.938965,39.111523,0 22.965527,39.030908,0 23.066699,39.037939,0 22.930469,38.947705,0 22.802637,38.901611,0 22.676855,38.898926,0 22.596777,38.890576,0 22.569141,38.86748,0 22.634277,38.850684,0 22.6875,38.84917,0 22.774023,38.800391,0 23.020313,38.741895,0 23.137695,38.667969,0 23.25293,38.66123,0 23.368945,38.525537,0 23.569629,38.489404,0 23.683984,38.352441,0 23.836035,38.325488,0 23.966992,38.275,0 24.005371,38.226807,0 24.024512,38.139795,0 24.033008,37.955322,0 24.061328,37.81792,0 24.062305,37.774512,0 24.055371,37.709619,0 24.019727,37.677734,0 23.971582,37.676758,0 23.877344,37.777783,0 23.732813,37.884082,0 23.580469,38.010547,0 23.537207,38.032764,0 23.501758,38.034863,0 23.420215,37.99209,0 23.193652,37.959033,0 23.087402,37.912842,0 23.047461,37.902637,0 23.036328,37.878369,0 23.086133,37.853125,0 23.147168,37.795312,0 23.147168,37.71626,0 23.197559,37.620215,0 23.262695,37.59541,0 23.347559,37.597559,0 23.396191,37.579785,0 23.408789,37.541553,0 23.458105,37.496924,0 23.490625,37.463867,0 23.489258,37.440186,0 23.252539,37.377295,0 23.203027,37.348535,0 23.161523,37.333838,0 23.1,37.36377,0 23.096484,37.440576,0 23.015137,37.481787,0 22.940527,37.51709,0 22.851074,37.532227,0 22.775,37.585107,0 22.725391,37.542139,0 22.765039,37.393311,0 22.851074,37.29082,0 22.99502,37.015869,0 23.060352,36.853516,0 23.073535,36.774951,0 23.041016,36.644531,0 23.111719,36.547607,0 23.160156,36.448096,0 23.106836,36.451855,0 23.060547,36.486963,0 22.98291,36.528369,0 22.832324,36.687109,0 22.779883,36.786182,0 22.717188,36.793945,0 22.608398,36.779736,0 22.489063,36.568164,0 22.489453,36.446924,0 22.427734,36.475781,0 22.374805,36.513574,0 22.38125,36.646191,0 22.375977,36.701904,0 22.231152,36.882568,0 22.164746,36.902832,0 22.133789,36.963916,0 22.080469,37.028955,0 22.011719,37.016504,0 21.955566,36.990088,0 21.940039,36.891797,0 21.934277,36.803662,0 21.892383,36.737305,0 21.738086,36.863232,0 21.58291,37.080957,0 21.578809,37.200391,0 21.69248,37.309277,0 21.678906,37.387207,0 21.571289,37.541016,0 21.416211,37.639941,0 21.329297,37.669336,0 21.288477,37.774512,0 21.205273,37.828857,0 21.137988,37.85415,0 21.124707,37.891602,0 21.14502,37.919287,0 21.308105,38.027441,0 21.403711,38.19668,0 21.451172,38.204736,0 21.54873,38.1646,0 21.658398,38.175098,0 21.748438,38.274219,0 21.824707,38.328125,0 21.95332,38.321191,0 22.24375,38.188721,0 22.555859,38.113232,0 22.711523,38.046924,0 22.799609,37.981201,0 22.846387,37.967578,0 22.920313,37.958301,0 22.916992,38.007471,0 22.893164,38.050928,0 22.954785,38.074609,0 23.12207,38.07334,0 23.152539,38.096387,0 23.183496,38.133691,0 23.148926,38.176074,0 23.093555,38.196436,0 23.034375,38.2021,0 22.99541,38.215527,0 22.93252,38.201953,0 22.834375,38.234717,0 22.783691,38.261719,0 22.753906,38.289502,0 22.583398,38.344922,0 22.42168,38.438525,0 22.385254,38.385547,0 22.319922,38.356836,0 22.226855,38.352832,0 21.965332,38.412451,0 21.804688,38.366943,0 21.71709,38.355029,0 21.650098,38.354004,0 21.567676,38.333594,0 21.472559,38.321387,0 21.390137,38.407812,0 21.355469,38.474805,0 21.331055,38.487305,0 21.329785,38.424365,0 21.30332,38.373926,0 21.182617,38.345557,0 21.113184,38.384668,0 21.059766,38.503271,0 20.992188,38.654004,0 20.873242,38.775732,0 20.776855,38.80752,0 20.768555,38.874414,0 20.777344,38.927881,0 20.893164,38.941113,0 21.074219,38.885156,0 21.111621,38.896289,0 21.152344,38.92207,0 21.144531,38.979199,0 21.118359,39.02998,0 21.068555,39.032275,0 21.034082,39.02627,0 20.922754,39.036768,0 20.779688,39.008545,0 20.713379,39.035156,0 20.691309,39.06748,0 20.57168,39.147705,0 20.468262,39.255273,0 20.300781,39.3271,0 20.191406,39.545801,0 20.099414,39.64126,0 20.00127,39.709424,0 20.022559,39.710693,0 20.059766,39.699121,0 20.131055,39.661621,0 20.206836,39.653516,0 20.248242,39.678369,0 20.27207,39.701172,0 20.287598,39.738574,0 20.293848,39.782227,0 20.306152,39.79668,0 20.364063,39.791748,0 20.382422,39.802637,0 20.381641,39.841797,0 20.344238,39.890625,0 20.311328,39.950781,0 20.311133,39.979443,0 20.338477,39.991064,0 20.383691,40.017187,0 20.408008,40.049463,0 20.456055,40.065576,0 20.527051,40.068506,0 20.60625,40.082666,0 20.657422,40.117383,0 20.664941,40.151758,0 20.696973,40.246387,0 20.717871,40.292676,0 20.75166,40.334912,0 20.77002,40.391895,0 20.806055,40.445459,0 20.881641,40.46792,0 20.950195,40.494385,0 21.001953,40.563379,0 21.030859,40.622461,0 21.031055,40.658643,0 20.987891,40.717773,0 20.955762,40.775293,0 20.964258,40.849902,0 21.1,40.856152,0 21.147559,40.863135,0 21.32373,40.867139,0 21.404102,40.907178,0 21.459668,40.903613,0 21.575781,40.868945,0 21.627539,40.896338,0 21.779492,40.950439,0 21.929492,41.107422,0 21.993359,41.130957,0 22.138867,41.140527,0 22.184473,41.158643,0 22.237695,41.155176,0 22.400781,41.123389,0 22.493555,41.118506,0 22.603613,41.140186,0 22.724805,41.178516,0 22.755078,41.312744,0 22.783887,41.331982,0 22.859277,41.337354,0 22.916016,41.336279,0 23.025586,41.325635,0 23.155957,41.32207,0 23.239844,41.384961,0 23.37207,41.389648,0 23.433398,41.39873,0 23.53584,41.386035,0 23.635156,41.386768,0 23.762305,41.412988,0 23.880859,41.455957,0 23.973535,41.452295,0 24.011328,41.460059,0 24.03291,41.469092,0 24.056055,41.527246,0 24.230371,41.530811,0 24.289453,41.525049,0 24.386719,41.523535,0 24.487891,41.555225,0 24.518262,41.552539,0 24.569336,41.467383,0 24.595996,41.442725,0 24.651074,41.419971,0 24.77373,41.356104,0 24.795801,41.3729,0 24.846875,41.394238,0 24.993555,41.36499,0 25.133398,41.315771,0 25.251172,41.243555,0 25.381934,41.264355,0 25.527051,41.299805,0 25.621484,41.310107,0 25.723926,41.315039,0 25.784961,41.33042,0 25.92334,41.311914,0 26.066406,41.350684,0 26.135352,41.385742,0 26.155176,41.434863,0 26.143555,41.521533,0 26.11123,41.608203,0 26.076953,41.640186,0 26.066016,41.673242,0 26.085547,41.70415,0 26.107422,41.725684,0 26.200586,41.743799,0 26.320898,41.716553,0</coordinates>
        </LinearRing>
      </outerBoundaryIs>
    </Polygon>
    </MultiGeometry>
  </Placemark>
    <Placemark><name>France</name><styleUrl>#country_border</styleUrl><MultiGeometry>
    <Polygon>
      <outerBoundaryIs>
        <LinearRing>
          <coordinates>9.480371,42.80542,0 9.454199,42.658594,0 9.473242,42.615576,0 9.509375,42.585596,0 9.526172,42.552637,0 9.556445,42.160937,0 9.550684,42.129736,0 9.428418,41.972412,0 9.400879,41.926221,0 9.394824,41.731201,0 9.374219,41.678809,0 9.330859,41.627148,0 9.253418,41.460059,0 9.186133,41.384912,0 9.003027,41.476562,0 8.89502,41.516162,0 8.84209,41.558887,0 8.80752,41.588379,0 8.829785,41.627686,0 8.879004,41.668555,0 8.886816,41.700684,0 8.770996,41.737109,0 8.717969,41.761426,0 8.718652,41.804004,0 8.758691,41.87041,0 8.74043,41.925146,0 8.673633,41.922363,0 8.621875,41.930713,0 8.615137,41.959131,0 8.653418,41.995557,0 8.702539,42.043115,0 8.700977,42.095605,0 8.641602,42.118213,0 8.587793,42.16084,0 8.566211,42.218799,0 8.60791,42.258447,0 8.675488,42.284033,0 8.625879,42.343408,0 8.592383,42.344727,0 8.565625,42.357715,0 8.5875,42.385303,0 8.640039,42.426562,0 8.713086,42.549756,0 8.814844,42.60791,0 8.994922,42.645312,0 9.043652,42.66167,0 9.088379,42.70498,0 9.137891,42.73291,0 9.198047,42.729199,0 9.253516,42.712451,0 9.287695,42.694629,0 9.313379,42.713184,0 9.338379,42.766895,0 9.323047,42.814062,0 9.330957,42.943799,0 9.363184,43.017383,0 9.415234,43.021484,0 9.463281,42.981006,0 9.46084,42.945215,0 9.478613,42.860498,0 9.480371,42.80542,0</coordinates>
        </LinearRing>
      </outerBoundaryIs>
    </Polygon>
    <Polygon>
      <outerBoundaryIs>
        <LinearRing>
          <coordinates>7.615625,47.592725,0 7.494922,47.547363,0 7.467383,47.507666,0 7.42002,47.455176,0 7.343164,47.433105,0 7.265723,47.425781,0 7.203125,47.432715,0 7.16748,47.453711,0 7.169238,47.473242,0 7.136035,47.489844,0 7.053418,47.489355,0 6.968359,47.453223,0 6.900391,47.394238,0 6.921484,47.36123,0 6.984082,47.352539,0 7.000586,47.339453,0 7.000586,47.32251,0 6.978516,47.302051,0 6.952051,47.267187,0 6.820703,47.163184,0 6.688086,47.058252,0 6.666895,47.026514,0 6.624805,47.004346,0 6.45625,46.94834,0 6.438574,46.925879,0 6.429004,46.832275,0 6.410156,46.75542,0 6.285156,46.683057,0 6.160742,46.611035,0 6.129688,46.566992,0 6.107031,46.516064,0 6.067969,46.458545,0 6.060254,46.428174,0 6.123242,46.378613,0 6.115918,46.337646,0 6.095898,46.279395,0 6.036133,46.238086,0 5.97002,46.214697,0 5.971484,46.151221,0 6.006641,46.142334,0 6.086621,46.147021,0 6.199414,46.193066,0 6.272949,46.252246,0 6.22959,46.308447,0 6.224219,46.319434,0 6.234668,46.332617,0 6.321875,46.393701,0 6.428906,46.430518,0 6.578223,46.437354,0 6.758105,46.415771,0 6.776074,46.406641,0 6.767383,46.369189,0 6.78418,46.313965,0 6.816797,46.275195,0 6.77207,46.165137,0 6.805664,46.130664,0 6.858008,46.089404,0 6.897266,46.051758,0 6.953711,46.017139,0 7.003906,45.958838,0 7.021094,45.925781,0 6.94082,45.868359,0 6.804492,45.814551,0 6.78916,45.780078,0 6.790918,45.740869,0 6.80625,45.71001,0 6.881445,45.670361,0 6.962402,45.580566,0 7.013672,45.500488,0 7.126074,45.423682,0 7.153418,45.400928,0 7.146387,45.381738,0 7.116797,45.349023,0 7.07832,45.239941,0 7.032422,45.222607,0 6.98125,45.215576,0 6.842285,45.135645,0 6.780371,45.145312,0 6.692285,45.144287,0 6.627734,45.117969,0 6.634766,45.068164,0 6.691406,45.022607,0 6.724707,44.972998,0 6.738184,44.921387,0 6.801074,44.883154,0 6.889355,44.860303,0 6.939844,44.85874,0 6.972852,44.84502,0 6.992676,44.827295,0 7.030664,44.716699,0 7.00791,44.688965,0 6.960352,44.677148,0 6.931934,44.631641,0 6.875195,44.564551,0 6.842969,44.510693,0 6.878613,44.463281,0 6.893848,44.428174,0 6.874805,44.392041,0 6.900195,44.335742,0 6.967285,44.280029,0 7.149414,44.201709,0 7.318555,44.137988,0 7.370898,44.127393,0 7.599414,44.168359,0 7.637207,44.164844,0 7.665039,44.116016,0 7.677148,44.083154,0 7.651465,44.033643,0 7.589648,43.96543,0 7.522656,43.911084,0 7.482031,43.864893,0 7.490527,43.822949,0 7.493164,43.767139,0 7.438672,43.750439,0 7.436914,43.761475,0 7.414453,43.770898,0 7.39502,43.765332,0 7.380078,43.753223,0 7.377734,43.731738,0 7.261523,43.696094,0 7.181445,43.659131,0 6.864746,43.43833,0 6.716602,43.373584,0 6.687402,43.33457,0 6.657227,43.26167,0 6.570215,43.199072,0 6.494043,43.169287,0 6.305371,43.138721,0 6.115918,43.072363,0 6.030566,43.100977,0 5.809473,43.0979,0 5.671582,43.177832,0 5.406543,43.228516,0 5.320215,43.344922,0 5.199512,43.35249,0 5.12041,43.348975,0 5.073145,43.366602,0 5.06084,43.406299,0 5.059766,43.444531,0 4.975977,43.426953,0 4.911914,43.426953,0 4.87373,43.411621,0 4.843555,43.393945,0 4.80791,43.405225,0 4.787207,43.401416,0 4.789062,43.378906,0 4.712109,43.373291,0 4.628711,43.387109,0 4.409766,43.447217,0 4.376172,43.456396,0 4.224219,43.479639,0 4.162793,43.503662,0 4.113086,43.563037,0 4.075098,43.581836,0 4.052637,43.593066,0 3.91084,43.563086,0 3.861621,43.516357,0 3.784766,43.461621,0 3.258887,43.193213,0 3.162891,43.080762,0 3.051758,42.915137,0 3.043066,42.837891,0 3.090918,42.590869,0 3.197852,42.461182,0 3.211426,42.431152,0 3.152148,42.431006,0 3.052637,42.447217,0 2.97002,42.467236,0 2.891406,42.456055,0 2.815625,42.429248,0 2.749414,42.413037,0 2.701855,42.408496,0 2.67002,42.393018,0 2.654785,42.362109,0 2.65166,42.340479,0 2.567969,42.345801,0 2.374414,42.390283,0 2.200391,42.420947,0 2.09834,42.386084,0 2.032715,42.353516,0 1.986523,42.358496,0 1.951465,42.392773,0 1.92793,42.426318,0 1.859766,42.45708,0 1.706055,42.50332,0 1.713965,42.525635,0 1.740234,42.556738,0 1.739453,42.575928,0 1.709863,42.604443,0 1.568164,42.63501,0 1.501367,42.642725,0 1.458887,42.62168,0 1.42832,42.595898,0 1.349414,42.690674,0 1.293262,42.709961,0 1.208301,42.713135,0 1.111133,42.742041,0 1.010059,42.778955,0 0.764453,42.838037,0 0.696875,42.845117,0 0.669824,42.835742,0 0.651758,42.800439,0 0.641992,42.700635,0 0.631641,42.6896,0 0.517676,42.686279,0 0.377246,42.700146,0 0.312891,42.693262,0 0.255469,42.69292,0 0.201367,42.719336,0 -0.041162,42.689111,0 -0.081494,42.703857,0 -0.140039,42.748926,0 -0.205322,42.785303,0 -0.256055,42.803955,0 -0.299316,42.825342,0 -0.338574,42.828809,0 -0.398438,42.808105,0 -0.481152,42.799316,0 -0.549805,42.802002,0 -0.586426,42.798975,0 -0.740186,42.909521,0 -0.762646,42.939795,0 -0.839209,42.948193,0 -0.933838,42.949512,0 -1.175439,43.021143,0 -1.285449,43.059619,0 -1.301562,43.082471,0 -1.300049,43.100977,0 -1.318848,43.096973,0 -1.352734,43.064258,0 -1.370508,43.037598,0 -1.394043,43.032617,0 -1.42876,43.036768,0 -1.46084,43.051758,0 -1.480469,43.071143,0 -1.459424,43.10498,0 -1.422607,43.149121,0 -1.407324,43.197119,0 -1.410693,43.240088,0 -1.471729,43.267676,0 -1.561475,43.279199,0 -1.627148,43.282471,0 -1.712842,43.307031,0 -1.753271,43.324707,0 -1.792725,43.372559,0 -1.794043,43.407324,0 -1.631445,43.438037,0 -1.484863,43.56377,0 -1.345996,44.020215,0 -1.245508,44.559863,0 -1.170801,44.661816,0 -1.076953,44.689844,0 -1.152881,44.764014,0 -1.200391,44.726465,0 -1.220312,44.686621,0 -1.245215,44.666699,0 -1.189062,45.161475,0 -1.149072,45.342627,0 -1.081006,45.532422,0 -0.941748,45.45708,0 -0.826318,45.380664,0 -0.76665,45.314355,0 -0.691113,45.093457,0 -0.633984,45.047119,0 -0.548486,45.000586,0 -0.582275,45.051367,0 -0.641113,45.090186,0 -0.733105,45.384619,0 -0.790771,45.468018,0 -0.880664,45.538184,0 -1.169971,45.685937,0 -1.195996,45.714453,0 -1.209961,45.770898,0 -1.114355,45.768506,0 -1.031738,45.741064,0 -1.041504,45.772656,0 -1.066016,45.805664,0 -1.104395,45.925342,0 -1.136377,46.204834,0 -1.132031,46.252686,0 -1.146289,46.311377,0 -1.238818,46.324512,0 -1.312793,46.326904,0 -1.39248,46.350098,0 -1.786523,46.514844,0 -1.921436,46.684814,0 -2.059375,46.810303,0 -2.09248,46.865039,0 -2.090283,46.920508,0 -2.018896,47.037646,0 -2.081934,47.111621,0 -2.143555,47.126318,0 -2.19707,47.162939,0 -2.148584,47.223926,0 -2.108301,47.262939,0 -2.027588,47.273584,0 -1.921729,47.260645,0 -1.821289,47.225342,0 -1.742529,47.215967,0 -1.975391,47.310693,0 -2.353027,47.27876,0 -2.434424,47.290967,0 -2.503125,47.312061,0 -2.530029,47.381592,0 -2.476318,47.412939,0 -2.427686,47.470898,0 -2.482715,47.511621,0 -2.554053,47.527051,0 -2.665918,47.526172,0 -2.770312,47.513867,0 -2.796777,47.537256,0 -2.733105,47.601807,0 -2.787207,47.625537,0 -2.859375,47.614453,0 -2.964062,47.601074,0 -3.064209,47.621338,0 -3.158838,47.694678,0 -3.221582,47.694141,0 -3.264697,47.685107,0 -3.328613,47.71333,0 -3.395898,47.72041,0 -3.443945,47.711035,0 -3.507812,47.753125,0 -3.900928,47.837549,0 -4.070703,47.847852,0 -4.226416,47.809619,0 -4.312109,47.8229,0 -4.375098,47.877441,0 -4.427979,47.968945,0 -4.678809,48.039502,0 -4.629199,48.085791,0 -4.512402,48.096729,0 -4.377832,48.128809,0 -4.329443,48.169971,0 -4.434619,48.217969,0 -4.512207,48.229736,0 -4.544336,48.246973,0 -4.577148,48.290039,0 -4.530664,48.309717,0 -4.4979,48.299268,0 -4.40332,48.293066,0 -4.241406,48.303662,0 -4.301758,48.34707,0 -4.364404,48.356738,0 -4.393164,48.367627,0 -4.524805,48.372314,0 -4.584717,48.35752,0 -4.719385,48.363135,0 -4.748535,48.41001,0 -4.7625,48.450244,0 -4.720752,48.539893,0 -4.531201,48.619971,0 -4.058887,48.70752,0 -3.855664,48.694727,0 -3.714795,48.710498,0 -3.545996,48.765674,0 -3.471484,48.812939,0 -3.231445,48.84082,0 -3.003223,48.790674,0 -2.792871,48.601074,0 -2.692334,48.536816,0 -2.446191,48.648291,0 -2.079443,48.64502,0 -2.003711,48.58208,0 -1.973145,48.635107,0 -1.905713,48.697119,0 -1.851953,48.668848,0 -1.824707,48.630518,0 -1.437646,48.641406,0 -1.376465,48.652588,0 -1.480469,48.697607,0 -1.565479,48.805518,0 -1.583105,49.202393,0 -1.690332,49.313184,0 -1.813428,49.490137,0 -1.870068,49.595117,0 -1.875391,49.631396,0 -1.856445,49.683789,0 -1.705127,49.680957,0 -1.588232,49.667676,0 -1.365723,49.707275,0 -1.258643,49.680176,0 -1.264941,49.598242,0 -1.232275,49.494873,0 -1.194971,49.444824,0 -1.138525,49.387891,0 -0.959131,49.393164,0 -0.765527,49.359717,0 -0.520898,49.354541,0 -0.163477,49.296777,0 -0.011182,49.330225,0 0.136133,49.401514,0 0.416895,49.448389,0 0.439258,49.473193,0 0.277637,49.463281,0 0.129395,49.508447,0 0.109375,49.55752,0 0.126563,49.601562,0 0.186719,49.703027,0 0.616211,49.862939,0 0.924121,49.910205,0 1.245508,49.998242,0 1.407227,50.088525,0 1.514063,50.205078,0 1.548438,50.230713,0 1.592773,50.252197,0 1.551563,50.293945,0 1.579492,50.739258,0 1.60957,50.819482,0 1.672266,50.88501,0 1.767676,50.935693,0 1.9125,50.990625,0 2.445703,51.066504,0 2.524902,51.097119,0 2.536035,51.049512,0 2.574805,50.988574,0 2.601465,50.955273,0 2.579297,50.911768,0 2.596777,50.875928,0 2.669141,50.811426,0 2.759375,50.750635,0 2.839746,50.711768,0 2.862402,50.716016,0 2.921973,50.727051,0 3.022852,50.766895,0 3.106836,50.779443,0 3.154883,50.748926,0 3.182031,50.731689,0 3.234961,50.662939,0 3.249805,50.591162,0 3.27334,50.531543,0 3.316211,50.507373,0 3.476953,50.499463,0 3.59541,50.477344,0 3.626758,50.457324,0 3.667285,50.324805,0 3.689355,50.306055,0 3.718848,50.32168,0 3.748047,50.343506,0 3.788574,50.346973,0 3.858105,50.338574,0 3.949707,50.335938,0 4.044141,50.321338,0 4.174609,50.246484,0 4.169629,50.221777,0 4.144141,50.178418,0 4.135254,50.143799,0 4.157715,50.129883,0 4.192188,50.094141,0 4.183887,50.052832,0 4.150293,50.023877,0 4.136816,50,0 4.137012,49.984473,0 4.149316,49.971582,0 4.176074,49.960254,0 4.36875,49.944971,0 4.54502,49.960254,0 4.656152,50.002441,0 4.675098,50.046875,0 4.706641,50.09707,0 4.772852,50.139062,0 4.818652,50.153174,0 4.860547,50.135889,0 4.790039,49.95957,0 4.841504,49.914502,0 4.849121,49.847119,0 4.867578,49.788135,0 4.930566,49.789258,0 5.006934,49.778369,0 5.061035,49.756543,0 5.124121,49.721484,0 5.215039,49.689258,0 5.278809,49.67793,0 5.301953,49.650977,0 5.353516,49.619824,0 5.434668,49.554492,0 5.507324,49.510889,0 5.542383,49.511035,0 5.610059,49.528223,0 5.710449,49.539209,0 5.789746,49.538281,0 5.823438,49.505078,0 5.901367,49.489746,0 5.928906,49.477539,0 5.959473,49.454639,0 6.011426,49.445459,0 6.074121,49.454639,0 6.119922,49.485205,0 6.181055,49.498926,0 6.242188,49.494336,0 6.277344,49.477539,0 6.344336,49.452734,0 6.382227,49.458154,0 6.458105,49.442871,0 6.534277,49.394678,0 6.566309,49.346191,0 6.574707,49.319678,0 6.607617,49.290869,0 6.735449,49.160596,0 6.77627,49.15415,0 6.820703,49.173926,0 6.849512,49.201953,0 6.891211,49.20752,0 6.958301,49.194629,0 7.001465,49.179883,0 7.022168,49.123437,0 7.036719,49.112695,0 7.065723,49.124854,0 7.117383,49.127539,0 7.199902,49.113623,0 7.313379,49.129541,0 7.404199,49.153076,0 7.450586,49.152197,0 7.525488,49.086377,0 7.610938,49.061768,0 7.799219,49.041895,0 8.00127,49.010937,0 8.080664,48.985889,0 8.134863,48.973584,0 8.140332,48.886426,0 8.124023,48.873291,0 7.922754,48.698535,0 7.837988,48.636035,0 7.794824,48.546826,0 7.765137,48.41001,0 7.705664,48.280029,0 7.616602,48.156787,0 7.58418,48.064307,0 7.608496,48.002588,0 7.593262,47.905664,0 7.538574,47.773633,0 7.529395,47.673877,0 7.56543,47.606543,0 7.615625,47.592725,0</coordinates>
        </LinearRing>
      </outerBoundaryIs>
    </Polygon>
    <Polygon>
      <outerBoundaryIs>
        <LinearRing>
          <coordinates>-1.17832,45.904053,0 -1.213574,45.816602,0 -1.280273,45.897119,0 -1.368701,45.967676,0 -1.388867,46.032959,0 -1.388672,46.050391,0 -1.285059,46.002686,0 -1.17832,45.904053,0</coordinates>
        </LinearRing>
      </outerBoundaryIs>
    </Polygon>
    <Polygon>
      <outerBoundaryIs>
        <LinearRing>
          <coordinates>45.180273,-12.976758,0 45.117578,-12.984961,0 45.087695,-12.958496,0 45.069434,-12.895605,0 45.088281,-12.835059,0 45.093555,-12.786133,0 45.042578,-12.70127,0 45.092383,-12.653027,0 45.134766,-12.70918,0 45.158789,-12.712988,0 45.223145,-12.752148,0 45.204297,-12.824316,0 45.208594,-12.847949,0 45.179395,-12.920215,0 45.180273,-12.976758,0</coordinates>
        </LinearRing>
      </outerBoundaryIs>
    </Polygon>
    <Polygon>
      <outerBoundaryIs>
        <LinearRing>
          <coordinates>55.797363,-21.339355,0 55.656152,-21.369043,0 55.557617,-21.358301,0 55.362695,-21.273633,0 55.310352,-21.217383,0 55.232813,-21.058398,0 55.25,-21.002441,0 55.311328,-20.904102,0 55.450488,-20.865137,0 55.596484,-20.87959,0 55.661914,-20.90625,0 55.73916,-21.021484,0 55.839063,-21.138574,0 55.822461,-21.277832,0 55.797363,-21.339355,0</coordinates>
        </LinearRing>
      </outerBoundaryIs>
    </Polygon>
    <Polygon>
      <outerBoundaryIs>
        <LinearRing>
          <coordinates>-60.82627,14.494482,0 -60.836621,14.437402,0 -60.862109,14.42627,0 -60.899414,14.473779,0 -61.063721,14.46709,0 -61.088867,14.50957,0 -61.090332,14.529687,0 -61.011328,14.601904,0 -61.104297,14.62124,0 -61.141113,14.652393,0 -61.219727,14.804395,0 -61.21333,14.848584,0 -61.180811,14.871924,0 -61.127393,14.875293,0 -61.0271,14.826172,0 -60.952539,14.75625,0 -60.927148,14.755176,0 -60.918652,14.735352,0 -60.933691,14.686182,0 -60.88916,14.644531,0 -60.869971,14.613721,0 -60.82627,14.494482,0</coordinates>
        </LinearRing>
      </outerBoundaryIs>
    </Polygon>
    <Polygon>
      <outerBoundaryIs>
        <LinearRing>
          <coordinates>-61.327148,16.23042,0 -61.444824,16.219287,0 -61.522168,16.228027,0 -61.53999,16.299609,0 -61.500586,16.360205,0 -61.528906,16.433789,0 -61.510645,16.477686,0 -61.471191,16.506641,0 -61.406445,16.468311,0 -61.396143,16.413428,0 -61.355469,16.363184,0 -61.172607,16.256104,0 -61.327148,16.23042,0</coordinates>
        </LinearRing>
      </outerBoundaryIs>
    </Polygon>
    <Polygon>
      <outerBoundaryIs>
        <LinearRing>
          <coordinates>-61.589551,16.006934,0 -61.670459,15.962061,0 -61.710254,15.975928,0 -61.759424,16.062061,0 -61.794092,16.300977,0 -61.767139,16.340479,0 -61.748047,16.355273,0 -61.641504,16.325977,0 -61.597021,16.292187,0 -61.552344,16.270898,0 -61.575049,16.227148,0 -61.563867,16.047754,0 -61.589551,16.006934,0</coordinates>
        </LinearRing>
      </outerBoundaryIs>
    </Polygon>
    <Polygon>
      <outerBoundaryIs>
        <LinearRing>
          <coordinates>-61.230469,15.889941,0 -61.28623,15.886035,0 -61.310742,15.894678,0 -61.318408,15.954883,0 -61.275293,15.99624,0 -61.25,16.006299,0 -61.212354,15.959912,0 -61.203418,15.92124,0 -61.230469,15.889941,0</coordinates>
        </LinearRing>
      </outerBoundaryIs>
    </Polygon>
    <Polygon>
      <outerBoundaryIs>
        <LinearRing>
          <coordinates>-54.61626,2.326758,0 -54.604736,2.335791,0 -54.568408,2.342578,0 -54.535937,2.343311,0 -54.485547,2.416113,0 -54.402002,2.461523,0 -54.256738,2.713721,0 -54.195508,2.817871,0 -54.188086,2.874854,0 -54.170703,2.993604,0 -54.203125,3.138184,0 -54.188037,3.17876,0 -54.063184,3.35332,0 -54.00957,3.448535,0 -54.005957,3.530518,0 -53.990479,3.589551,0 -54.005908,3.62041,0 -54.034229,3.629395,0 -54.081982,3.705957,0 -54.112793,3.769434,0 -54.197461,3.834424,0 -54.255518,3.901074,0 -54.350732,4.054102,0 -54.342139,4.140039,0 -54.369141,4.170947,0 -54.398389,4.20249,0 -54.39624,4.241406,0 -54.416016,4.337646,0 -54.440674,4.428027,0 -54.449609,4.48501,0 -54.426074,4.583008,0 -54.440234,4.691992,0 -54.471143,4.749316,0 -54.479687,4.836523,0 -54.47334,4.914697,0 -54.446875,4.958789,0 -54.452197,5.013477,0 -54.331641,5.187402,0 -54.240186,5.288232,0 -54.155957,5.358984,0 -54.085303,5.411816,0 -53.9896,5.676025,0 -53.919922,5.768994,0 -53.847168,5.782227,0 -53.454443,5.563477,0 -53.270361,5.543262,0 -52.899316,5.425049,0 -52.76499,5.273486,0 -52.453955,5.021338,0 -52.290527,4.942187,0 -52.288916,4.876123,0 -52.324609,4.770898,0 -52.219971,4.862793,0 -52.058105,4.717383,0 -52.012305,4.645996,0 -51.961914,4.514404,0 -51.979346,4.429883,0 -52.001709,4.38623,0 -52.00293,4.352295,0 -51.954785,4.399072,0 -51.927686,4.436133,0 -51.91958,4.524316,0 -51.880273,4.63374,0 -51.827539,4.635693,0 -51.785645,4.570508,0 -51.698633,4.286816,0 -51.66582,4.228809,0 -51.653271,4.13877,0 -51.658105,4.098486,0 -51.652539,4.061279,0 -51.683447,4.039697,0 -51.76709,3.992676,0 -51.805273,3.929932,0 -51.82749,3.86958,0 -51.879492,3.828564,0 -51.928906,3.776953,0 -51.944336,3.735107,0 -51.990625,3.702002,0 -51.999512,3.646875,0 -52.116113,3.452295,0 -52.162598,3.364697,0 -52.229443,3.27168,0 -52.27124,3.237109,0 -52.327881,3.181738,0 -52.356641,3.117725,0 -52.356641,3.051562,0 -52.396387,2.972217,0 -52.418408,2.903857,0 -52.455859,2.86416,0 -52.554688,2.647656,0 -52.559473,2.573145,0 -52.583008,2.528906,0 -52.653174,2.425732,0 -52.700635,2.363672,0 -52.783398,2.317187,0 -52.87041,2.26665,0 -52.903467,2.211523,0 -52.964844,2.183545,0 -53.009717,2.181738,0 -53.082275,2.201709,0 -53.180078,2.211328,0 -53.229785,2.204883,0 -53.252197,2.232275,0 -53.285498,2.295215,0 -53.334424,2.339746,0 -53.366016,2.324219,0 -53.431836,2.279443,0 -53.508984,2.253125,0 -53.563965,2.261914,0 -53.683691,2.29292,0 -53.734717,2.308545,0 -53.750146,2.33501,0 -53.767773,2.354834,0 -53.794238,2.345996,0 -53.829541,2.312939,0 -53.876611,2.278271,0 -53.946436,2.232568,0 -54.089746,2.150488,0 -54.130078,2.121045,0 -54.167383,2.137061,0 -54.227979,2.15332,0 -54.293066,2.154248,0 -54.433105,2.20752,0 -54.515088,2.245459,0 -54.550488,2.293066,0 -54.591943,2.31377,0 -54.61626,2.326758,0</coordinates>
        </LinearRing>
      </outerBoundaryIs>
    </Polygon>
    </MultiGeometry>
  </Placemark>
    <Placemark><name>Åland</name><styleUrl>#country_border</styleUrl><MultiGeometry>
    <Polygon>
      <outerBoundaryIs>
        <LinearRing>
          <coordinates>19.989551,60.351172,0 20.020215,60.350879,0 20.033887,60.359326,0 20.087402,60.353418,0 20.167871,60.314697,0 20.184082,60.29375,0 20.239551,60.283008,0 20.258887,60.261279,0 20.194727,60.193555,0 20.155078,60.192285,0 20.125488,60.200879,0 20.073242,60.193457,0 20.042578,60.180664,0 20.032324,60.15249,0 20.033984,60.093555,0 19.799805,60.081738,0 19.745996,60.098975,0 19.672266,60.233008,0 19.686914,60.267627,0 19.736523,60.282373,0 19.779004,60.285547,0 19.785254,60.213379,0 19.847656,60.220557,0 19.867188,60.268115,0 19.871582,60.301611,0 19.854688,60.318506,0 19.812305,60.331592,0 19.787793,60.354053,0 19.823047,60.390186,0 19.888281,60.405811,0 19.944531,60.35752,0 19.989551,60.351172,0</coordinates>
        </LinearRing>
      </outerBoundaryIs>
    </Polygon>
    <Polygon>
      <outerBoundaryIs>
        <LinearRing>
          <coordinates>19.662305,60.187158,0 19.66748,60.164746,0 19.629199,60.170361,0 19.599805,60.162695,0 19.579883,60.135059,0 19.536523,60.144971,0 19.519043,60.18457,0 19.551367,60.243848,0 19.628809,60.246094,0 19.662305,60.187158,0</coordinates>
        </LinearRing>
      </outerBoundaryIs>
    </Polygon>
    <Polygon>
      <outerBoundaryIs>
        <LinearRing>
          <coordinates>20.611328,60.040674,0 20.603418,60.016943,0 20.521777,60.01167,0 20.4875,60.032764,0 20.41123,60.030127,0 20.397949,60.040674,0 20.42959,60.061719,0 20.490137,60.074902,0 20.569141,60.069629,0 20.611328,60.040674,0</coordinates>
        </LinearRing>
      </outerBoundaryIs>
    </Polygon>
    </MultiGeometry>
  </Placemark>
    <Placemark><name>Finland</name><styleUrl>#country_border</styleUrl><MultiGeometry>
    <Polygon>
      <outerBoundaryIs>
        <LinearRing>
          <coordinates>24.155469,65.805273,0 24.049023,65.989844,0 23.994629,66.060352,0 23.907324,66.148242,0 23.751465,66.191162,0 23.720996,66.21543,0 23.700293,66.252637,0 23.693555,66.304297,0 23.673828,66.380713,0 23.682031,66.443408,0 23.701172,66.480762,0 23.768359,66.505859,0 23.865527,66.576611,0 23.88584,66.628027,0 23.894141,66.706885,0 23.938867,66.775732,0 23.988574,66.810547,0 23.976074,66.838232,0 23.941797,66.877832,0 23.869336,66.934033,0 23.758984,67.002588,0 23.677344,67.068115,0 23.641504,67.129395,0 23.623047,67.184131,0 23.626074,67.233936,0 23.656641,67.267822,0 23.760938,67.310498,0 23.774902,67.328613,0 23.733594,67.4229,0 23.66084,67.440039,0 23.537109,67.44917,0 23.468066,67.449951,0 23.454883,67.460254,0 23.451465,67.479199,0 23.46543,67.517871,0 23.504492,67.562158,0 23.537012,67.590381,0 23.541309,67.614307,0 23.500195,67.696191,0 23.487793,67.796582,0 23.501855,67.875195,0 23.63291,67.933203,0 23.638867,67.954395,0 23.474219,68.017334,0 23.355469,68.088672,0 23.318555,68.130322,0 23.18252,68.136621,0 23.097852,68.257568,0 22.975391,68.316455,0 22.854102,68.367334,0 22.782422,68.391016,0 22.362109,68.464062,0 22.195117,68.477979,0 21.997461,68.520605,0 21.850195,68.574121,0 21.724023,68.608545,0 21.616016,68.650977,0 21.46543,68.690674,0 21.422363,68.724609,0 21.259766,68.787451,0 21.183398,68.828809,0 20.918555,68.906934,0 20.908984,68.937744,0 20.907031,68.96748,0 20.895117,68.979834,0 20.622168,69.036865,0 20.675879,69.069482,0 20.889258,69.071436,0 21.065723,69.041748,0 21.104492,69.054443,0 21.127832,69.080811,0 21.052637,69.186572,0 21.066113,69.214111,0 21.14375,69.247266,0 21.266797,69.273682,0 21.46123,69.27749,0 21.59375,69.273584,0 21.621777,69.270703,0 21.819727,69.154492,0 21.989453,69.041113,0 22.079688,68.992773,0 22.300391,68.855859,0 22.38291,68.776611,0 22.410938,68.719873,0 22.500684,68.720215,0 22.811035,68.695312,0 23.07168,68.674365,0 23.144336,68.642578,0 23.324023,68.648975,0 23.4625,68.677637,0 23.707031,68.713867,0 23.772559,68.758398,0 23.854004,68.805908,0 23.997363,68.798438,0 24.154102,68.760889,0 24.332031,68.711523,0 24.490527,68.688672,0 24.703223,68.652832,0 24.802441,68.606494,0 24.941406,68.593262,0 25.086914,68.6396,0 25.172852,68.765283,0 25.249121,68.821338,0 25.357129,68.862451,0 25.480859,68.880615,0 25.575293,68.887158,0 25.64668,68.919141,0 25.74834,68.990137,0 25.768164,69.076123,0 25.748633,69.231445,0 25.767188,69.282666,0 25.850195,69.366504,0 25.961523,69.588623,0 26.011523,69.652637,0 26.072461,69.691553,0 26.156152,69.714697,0 26.308203,69.781934,0 26.525391,69.915039,0 26.584277,69.926318,0 26.740234,69.933057,0 26.934277,69.928125,0 27.108691,69.904687,0 27.127539,69.906494,0 27.205664,69.918701,0 27.348047,69.960059,0 27.591699,70.042236,0 27.747852,70.064844,0 27.889941,70.06167,0 28.047266,69.97168,0 28.269141,69.871436,0 28.411719,69.822754,0 28.800391,69.731494,0 29.141602,69.671436,0 29.333398,69.472998,0 29.238867,69.393945,0 29.191797,69.366699,0 29.024902,69.287988,0 28.846289,69.176904,0 28.832617,69.118994,0 28.891895,69.060596,0 28.96582,69.021973,0 28.898926,69.009668,0 28.692188,68.961035,0 28.566016,68.928223,0 28.414062,68.90415,0 28.453516,68.872266,0 28.705957,68.865527,0 28.744824,68.856445,0 28.772852,68.840039,0 28.777637,68.813818,0 28.752051,68.771436,0 28.479297,68.537646,0 28.470703,68.488379,0 28.560156,68.351367,0 28.685156,68.189795,0 29.062988,68.117969,0 29.343848,68.061865,0 29.524219,67.929102,0 29.821582,67.754004,0 29.979199,67.688574,0 29.988086,67.668262,0 29.941211,67.547461,0 29.750586,67.426416,0 29.572266,67.324365,0 29.387695,67.201416,0 29.243359,67.096582,0 29.087012,66.970947,0 29.069043,66.930225,0 29.066211,66.891748,0 29.093066,66.849219,0 29.293262,66.695508,0 29.371191,66.617041,0 29.464355,66.532178,0 29.544336,66.439697,0 29.590723,66.356836,0 29.670898,66.276123,0 29.720703,66.234863,0 29.803516,66.177051,0 29.903418,66.091064,0 29.936621,66.022949,0 30.0875,65.786523,0 30.102734,65.72627,0 30.095313,65.681689,0 30.029004,65.670703,0 29.882617,65.663623,0 29.723926,65.634375,0 29.715918,65.624561,0 29.819434,65.56875,0 29.728027,65.473438,0 29.714844,65.336963,0 29.617188,65.265332,0 29.608008,65.248682,0 29.612402,65.234766,0 29.629688,65.223877,0 29.810547,65.204736,0 29.826172,65.185303,0 29.826953,65.145068,0 29.81084,65.10791,0 29.72002,65.080322,0 29.622461,65.039502,0 29.600879,65.001953,0 29.604199,64.968408,0 29.6375,64.911768,0 29.70166,64.845752,0 29.783203,64.804297,0 30.072852,64.765039,0 30.110254,64.732568,0 30.126172,64.688086,0 30.120117,64.644629,0 29.985547,64.557715,0 29.986621,64.524268,0 30.041895,64.443359,0 30.108105,64.366113,0 30.390625,64.282422,0 30.487891,64.236523,0 30.51377,64.2,0 30.52793,64.141113,0 30.526074,64.077295,0 30.503906,64.020605,0 30.415332,63.94751,0 30.210254,63.80332,0 30.004102,63.747314,0 29.991504,63.735156,0 30.055371,63.689014,0 30.418555,63.504053,0 30.655273,63.41748,0 30.974805,63.300635,0 31.180859,63.208301,0 31.247461,63.141895,0 31.336719,63.068066,0 31.437012,63.007715,0 31.509277,62.955322,0 31.536523,62.921631,0 31.533984,62.8854,0 31.437305,62.776123,0 31.382422,62.69165,0 31.285645,62.567822,0 31.186719,62.481396,0 30.935742,62.323779,0 30.565625,62.127588,0 30.479688,62.068213,0 30.306445,61.964844,0 30.009961,61.757373,0 29.933203,61.711572,0 29.690137,61.546094,0 29.579395,61.493457,0 29.492383,61.444238,0 29.25166,61.287793,0 28.992969,61.169043,0 28.739063,61.05874,0 28.662891,61.002832,0 28.568164,60.960205,0 28.455078,60.919629,0 28.407422,60.896924,0 28.151953,60.74585,0 27.797656,60.536133,0 27.761621,60.532861,0 27.669336,60.498975,0 27.525098,60.490771,0 27.462402,60.464844,0 27.241895,60.538672,0 27.205273,60.543457,0 27.075586,60.525146,0 26.951172,60.471484,0 26.721484,60.455078,0 26.607422,60.437695,0 26.534668,60.412891,0 26.519727,60.471582,0 26.551172,60.545996,0 26.601758,60.595605,0 26.606445,60.62793,0 26.569336,60.624561,0 26.495801,60.551807,0 26.456445,60.466797,0 26.377734,60.424072,0 26.204688,60.406592,0 26.036035,60.474902,0 25.955957,60.474219,0 26.00625,60.425293,0 26.040234,60.371582,0 26.03584,60.341504,0 25.945898,60.346777,0 25.845801,60.3146,0 25.758008,60.267529,0 25.71543,60.267432,0 25.656445,60.333203,0 25.548242,60.30249,0 25.455762,60.26123,0 25.267871,60.24834,0 25.155859,60.194092,0 24.957617,60.157471,0 24.84873,60.15835,0 24.600488,60.114258,0 24.517969,60.046289,0 24.445605,60.021289,0 24.342578,60.042334,0 24.025195,60.00918,0 23.721777,59.965674,0 23.592676,59.968164,0 23.463574,59.98623,0 23.326758,59.925781,0 23.181445,59.844922,0 23.021289,59.816016,0 22.963867,59.826367,0 23.009766,59.868799,0 23.115723,59.912695,0 23.188477,59.972217,0 23.198438,60.021826,0 23.148438,60.041309,0 23.080176,60.047266,0 22.994141,60.098535,0 22.911719,60.209717,0 22.86709,60.21582,0 22.844434,60.186621,0 22.819141,60.101367,0 22.793457,60.076807,0 22.749805,60.057275,0 22.697363,60.037598,0 22.646191,60.028027,0 22.462695,60.029199,0 22.438574,60.072266,0 22.438574,60.090283,0 22.471094,60.146973,0 22.442676,60.156885,0 22.469727,60.201318,0 22.512988,60.198926,0 22.564258,60.205518,0 22.589941,60.228369,0 22.587988,60.255664,0 22.516699,60.262744,0 22.512305,60.281348,0 22.575879,60.359082,0 22.584961,60.380566,0 22.560352,60.38501,0 22.520508,60.376562,0 22.25791,60.400928,0 21.933984,60.500293,0 21.854297,60.50542,0 21.805273,60.594141,0 21.727148,60.58291,0 21.613281,60.530957,0 21.527832,60.57041,0 21.436035,60.596387,0 21.410645,60.636963,0 21.411914,60.696826,0 21.404004,60.767432,0 21.378906,60.850049,0 21.360547,60.96748,0 21.377734,61.059229,0 21.450977,61.127148,0 21.479102,61.170508,0 21.513477,61.281201,0 21.521191,61.41084,0 21.501758,61.45498,0 21.506641,61.484326,0 21.565039,61.484326,0 21.552344,61.509521,0 21.52666,61.523291,0 21.498242,61.551953,0 21.522461,61.567139,0 21.592383,61.568213,0 21.598047,61.577881,0 21.605957,61.591553,0 21.551855,61.666846,0 21.545605,61.702734,0 21.470508,61.81167,0 21.384863,61.914941,0 21.255957,61.989648,0 21.30166,62.112646,0 21.353711,62.223828,0 21.343359,62.277393,0 21.323438,62.342578,0 21.165625,62.414062,0 21.142188,62.514795,0 21.103613,62.622949,0 21.118164,62.689258,0 21.143848,62.73999,0 21.195703,62.790527,0 21.45752,62.95,0 21.473535,63.033252,0 21.650977,63.039307,0 21.568652,63.113721,0 21.549219,63.155518,0 21.545117,63.204297,0 21.800391,63.237695,0 21.895703,63.210254,0 22.120313,63.244141,0 22.319727,63.310449,0 22.316211,63.345654,0 22.285547,63.377197,0 22.243262,63.437939,0 22.273242,63.454785,0 22.345996,63.442383,0 22.312598,63.472559,0 22.318652,63.504395,0 22.398047,63.491162,0 22.527637,63.57998,0 22.532324,63.647852,0 22.75625,63.68335,0 23.014453,63.821826,0 23.133594,63.864941,0 23.24873,63.896143,0 23.493945,64.034473,0 23.598926,64.040918,0 23.65293,64.13418,0 23.861426,64.258252,0 23.924805,64.274121,0 24.022266,64.385986,0 24.27832,64.515283,0 24.440625,64.680127,0 24.530176,64.738672,0 24.55791,64.801025,0 24.657617,64.806299,0 24.747559,64.8521,0 24.942188,64.884033,0 25.134277,64.875195,0 25.214258,64.853467,0 25.288184,64.860352,0 25.280762,64.916406,0 25.228027,64.951025,0 25.271094,64.984277,0 25.372656,65.009473,0 25.362305,65.065137,0 25.340234,65.098633,0 25.255859,65.143262,0 25.297852,65.243213,0 25.30791,65.352734,0 25.347852,65.479248,0 25.241797,65.546289,0 24.839355,65.660352,0 24.764258,65.656396,0 24.674902,65.670703,0 24.581543,65.757129,0 24.623242,65.831689,0 24.628027,65.85918,0 24.591602,65.85835,0 24.532617,65.822021,0 24.404297,65.780469,0 24.2375,65.812354,0 24.155469,65.805273,0</coordinates>
        </LinearRing>
      </outerBoundaryIs>
    </Polygon>
    <Polygon>
      <outerBoundaryIs>
        <LinearRing>
          <coordinates>21.994238,60.33667,0 21.921484,60.332275,0 21.818652,60.381836,0 21.805664,60.401221,0 21.845996,60.412451,0 21.819336,60.452295,0 21.827246,60.469922,0 21.906836,60.438477,0 21.950293,60.401709,0 21.907813,60.393164,0 21.979785,60.355225,0 21.994238,60.33667,0</coordinates>
        </LinearRing>
      </outerBoundaryIs>
    </Polygon>
    <Polygon>
      <outerBoundaryIs>
        <LinearRing>
          <coordinates>21.217773,63.241309,0 21.228516,63.222656,0 21.287109,63.227783,0 21.366016,63.261768,0 21.421973,63.245898,0 21.415625,63.197363,0 21.377637,63.199219,0 21.367188,63.207227,0 21.318457,63.179492,0 21.309766,63.162695,0 21.253418,63.152002,0 21.149316,63.199463,0 21.083887,63.277539,0 21.236328,63.277734,0 21.221777,63.259131,0 21.217773,63.241309,0</coordinates>
        </LinearRing>
      </outerBoundaryIs>
    </Polygon>
    <Polygon>
      <outerBoundaryIs>
        <LinearRing>
          <coordinates>22.175098,60.370752,0 22.301758,60.347559,0 22.35498,60.355859,0 22.415527,60.303369,0 22.312891,60.269971,0 22.305762,60.228564,0 22.346289,60.202832,0 22.360547,60.165576,0 22.258301,60.165625,0 22.209375,60.196973,0 22.188086,60.236768,0 22.140527,60.264893,0 22.077148,60.286328,0 22.108203,60.314893,0 22.125879,60.355859,0 22.175098,60.370752,0</coordinates>
        </LinearRing>
      </outerBoundaryIs>
    </Polygon>
    <Polygon>
      <outerBoundaryIs>
        <LinearRing>
          <coordinates>21.450879,60.52959,0 21.436914,60.483057,0 21.369043,60.488232,0 21.3,60.479785,0 21.244336,60.525977,0 21.214551,60.603857,0 21.224707,60.620605,0 21.268066,60.638281,0 21.30127,60.595557,0 21.450879,60.52959,0</coordinates>
        </LinearRing>
      </outerBoundaryIs>
    </Polygon>
    <Polygon>
      <outerBoundaryIs>
        <LinearRing>
          <coordinates>21.833203,60.140527,0 21.733105,60.106152,0 21.69502,60.114355,0 21.704785,60.172314,0 21.764258,60.198828,0 21.864355,60.201807,0 21.833203,60.140527,0</coordinates>
        </LinearRing>
      </outerBoundaryIs>
    </Polygon>
    <Polygon>
      <outerBoundaryIs>
        <LinearRing>
          <coordinates>21.62832,60.107812,0 21.540625,60.0979,0 21.486035,60.126807,0 21.506738,60.14834,0 21.567969,60.172314,0 21.634082,60.168994,0 21.648145,60.140869,0 21.62832,60.107812,0</coordinates>
        </LinearRing>
      </outerBoundaryIs>
    </Polygon>
    <Polygon>
      <outerBoundaryIs>
        <LinearRing>
          <coordinates>24.848242,64.991016,0 24.698926,64.957813,0 24.578613,64.978564,0 24.576563,65.042871,0 24.651172,65.073975,0 24.786035,65.086426,0 24.970605,65.055322,0 24.997559,65.038721,0 24.891797,65.02627,0 24.848242,64.991016,0</coordinates>
        </LinearRing>
      </outerBoundaryIs>
    </Polygon>
    </MultiGeometry>
  </Placemark>
    <Placemark><name>Estonia</name><styleUrl>#country_border</styleUrl><MultiGeometry>
    <Polygon>
      <outerBoundaryIs>
        <LinearRing>
          <coordinates>27.351953,57.528125,0 27.326563,57.525488,0 27.187109,57.53833,0 27.033398,57.57876,0 26.966016,57.609131,0 26.899805,57.608789,0 26.819727,57.588721,0 26.532617,57.531006,0 26.462109,57.544482,0 26.298047,57.601074,0 26.215039,57.662744,0 26.030371,57.785547,0 26.015234,57.814746,0 25.991113,57.838184,0 25.79375,57.868555,0 25.720898,57.913818,0 25.660156,57.920166,0 25.571289,57.942773,0 25.340039,58.039453,0 25.282617,58.048486,0 25.268652,58.032227,0 25.272656,58.009375,0 25.258301,57.996143,0 25.228711,57.996582,0 25.175195,58.032129,0 25.111035,58.063428,0 24.911328,58.00459,0 24.839063,57.988721,0 24.775781,57.985254,0 24.458887,57.907861,0 24.3625,57.866162,0 24.322559,57.870605,0 24.332031,57.909766,0 24.463867,58.105957,0 24.4875,58.261621,0 24.535742,58.283008,0 24.549707,58.30459,0 24.529102,58.354248,0 24.392188,58.386084,0 24.336914,58.381396,0 24.287207,58.328027,0 24.235645,58.289551,0 24.114844,58.266113,0 24.010938,58.306641,0 23.767578,58.36084,0 23.706055,58.433008,0 23.691504,58.505615,0 23.562793,58.57583,0 23.509277,58.658545,0 23.530664,58.71626,0 23.647461,58.75415,0 23.680762,58.787158,0 23.533594,58.781934,0 23.503613,58.789844,0 23.497168,58.819531,0 23.432031,58.920654,0 23.489648,58.960498,0 23.515039,58.999219,0 23.467773,59.032178,0 23.480176,59.069678,0 23.516992,59.107568,0 23.494434,59.195654,0 23.640527,59.242334,0 23.78252,59.275146,0 24.083398,59.291895,0 24.053613,59.372314,0 24.175391,59.375928,0 24.380371,59.472656,0 24.583594,59.455664,0 24.877539,59.52207,0 25.44375,59.521143,0 25.520898,59.559473,0 25.507422,59.597998,0 25.509277,59.639014,0 25.615723,59.627539,0 25.79375,59.634668,0 26.46084,59.553906,0 26.625,59.553906,0 26.852051,59.471777,0 26.974707,59.450635,0 27.33584,59.450488,0 27.892578,59.414209,0 28.001855,59.469824,0 28.0125,59.484277,0 28.06582,59.453174,0 28.133008,59.403076,0 28.151074,59.374414,0 28.12832,59.357568,0 28.061328,59.343262,0 28.046094,59.327832,0 28.016406,59.301709,0 27.938184,59.297021,0 27.897656,59.277637,0 27.849512,59.192676,0 27.757617,59.052002,0 27.621777,58.944971,0 27.513086,58.886279,0 27.464453,58.841309,0 27.43418,58.787256,0 27.427051,58.733057,0 27.531348,58.435254,0 27.530078,58.381494,0 27.505566,58.32627,0 27.487793,58.270068,0 27.502441,58.221338,0 27.571094,58.138086,0 27.644141,58.013916,0 27.673438,57.934619,0 27.721973,57.905469,0 27.76875,57.884131,0 27.778516,57.870703,0 27.776953,57.856738,0 27.752832,57.841016,0 27.54209,57.799414,0 27.514746,57.764209,0 27.491992,57.724951,0 27.4,57.666797,0 27.371777,57.612549,0 27.354297,57.550293,0 27.351953,57.528125,0</coordinates>
        </LinearRing>
      </outerBoundaryIs>
    </Polygon>
    <Polygon>
      <outerBoundaryIs>
        <LinearRing>
          <coordinates>22.617383,58.62124,0 22.688379,58.597021,0 22.753809,58.604687,0 22.820117,58.621533,0 22.964258,58.605713,0 23.292871,58.483496,0 23.323242,58.45083,0 23.127148,58.435986,0 23.082617,58.398486,0 23.035449,58.372314,0 22.979883,58.363867,0 22.885156,58.311279,0 22.757031,58.260889,0 22.730273,58.230664,0 22.498438,58.23623,0 22.37168,58.217139,0 22.269336,58.160742,0 22.227344,58.051807,0 22.152441,57.966797,0 22.07627,57.936035,0 21.996875,57.931348,0 21.978027,57.963281,0 21.985547,57.995166,0 22.15293,58.115332,0 22.187695,58.154346,0 22.104395,58.17168,0 22.03457,58.213379,0 21.882129,58.262354,0 21.854492,58.30166,0 21.891016,58.30459,0 21.924414,58.315869,0 21.965039,58.348828,0 21.984082,58.38667,0 21.862305,58.497168,0 21.924414,58.514258,0 22.001855,58.510254,0 22.081348,58.478125,0 22.168555,58.51582,0 22.205566,58.521387,0 22.266602,58.507959,0 22.328125,58.580859,0 22.474414,58.604883,0 22.546973,58.627393,0 22.617383,58.62124,0</coordinates>
        </LinearRing>
      </outerBoundaryIs>
    </Polygon>
    <Polygon>
      <outerBoundaryIs>
        <LinearRing>
          <coordinates>22.92373,58.826904,0 22.841699,58.777441,0 22.792871,58.797217,0 22.767285,58.820898,0 22.661426,58.70918,0 22.542188,58.68999,0 22.472656,58.712061,0 22.478906,58.753809,0 22.411035,58.863379,0 22.307422,58.895459,0 22.161914,58.898486,0 22.05625,58.943604,0 22.462598,58.974316,0 22.50459,59.026465,0 22.587207,59.081201,0 22.649414,59.087109,0 22.702246,59.074414,0 22.712207,59.031982,0 22.725488,59.015088,0 22.909863,58.991211,0 22.981641,58.919824,0 23.008691,58.833936,0 22.92373,58.826904,0</coordinates>
        </LinearRing>
      </outerBoundaryIs>
    </Polygon>
    <Polygon>
      <outerBoundaryIs>
        <LinearRing>
          <coordinates>23.343555,58.550342,0 23.260352,58.53999,0 23.063477,58.611084,0 23.109082,58.659229,0 23.16543,58.678125,0 23.332813,58.648584,0 23.356445,58.575537,0 23.343555,58.550342,0</coordinates>
        </LinearRing>
      </outerBoundaryIs>
    </Polygon>
    </MultiGeometry>
  </Placemark>
    <Placemark><name>Faroe Is.</name><styleUrl>#country_border</styleUrl><MultiGeometry>
    <Polygon>
      <outerBoundaryIs>
        <LinearRing>
          <coordinates>-6.623193,61.805957,0 -6.642773,61.768311,0 -6.670166,61.768652,0 -6.764258,61.815332,0 -6.83916,61.840771,0 -6.863965,61.862256,0 -6.884766,61.899121,0 -6.841797,61.903711,0 -6.790771,61.895361,0 -6.662109,61.861768,0 -6.62583,61.826709,0 -6.623193,61.805957,0</coordinates>
        </LinearRing>
      </outerBoundaryIs>
    </Polygon>
    <Polygon>
      <outerBoundaryIs>
        <LinearRing>
          <coordinates>-6.699463,61.444629,0 -6.679688,61.414307,0 -6.703027,61.417676,0 -6.770508,61.452246,0 -6.888135,61.534766,0 -6.929248,61.60293,0 -6.934863,61.634326,0 -6.905908,61.630811,0 -6.881641,61.602783,0 -6.77002,61.584375,0 -6.740625,61.570508,0 -6.741064,61.536377,0 -6.703516,61.495947,0 -6.699463,61.444629,0</coordinates>
        </LinearRing>
      </outerBoundaryIs>
    </Polygon>
    <Polygon>
      <outerBoundaryIs>
        <LinearRing>
          <coordinates>-7.186865,62.139307,0 -7.097119,62.100537,0 -7.065186,62.073242,0 -7.116797,62.046826,0 -7.179395,62.040039,0 -7.254932,62.046143,0 -7.379102,62.074805,0 -7.422607,62.140283,0 -7.336768,62.138672,0 -7.235303,62.151221,0 -7.186865,62.139307,0</coordinates>
        </LinearRing>
      </outerBoundaryIs>
    </Polygon>
    <Polygon>
      <outerBoundaryIs>
        <LinearRing>
          <coordinates>-6.631055,62.227881,0 -6.655811,62.093604,0 -6.696436,62.094336,0 -6.768896,62.131494,0 -6.823437,62.139111,0 -6.840527,62.119287,0 -6.837695,62.09541,0 -6.809473,62.08042,0 -6.722559,61.990381,0 -6.714404,61.96416,0 -6.725195,61.951465,0 -6.809717,61.977441,0 -7.013574,62.093994,0 -7.172168,62.285596,0 -6.958643,62.31626,0 -6.803662,62.265967,0 -6.631055,62.227881,0</coordinates>
        </LinearRing>
      </outerBoundaryIs>
    </Polygon>
    <Polygon>
      <outerBoundaryIs>
        <LinearRing>
          <coordinates>-6.406055,62.258643,0 -6.453857,62.186523,0 -6.524707,62.197852,0 -6.544141,62.205615,0 -6.559473,62.224512,0 -6.552051,62.278125,0 -6.55459,62.355664,0 -6.473047,62.291895,0 -6.406055,62.258643,0</coordinates>
        </LinearRing>
      </outerBoundaryIs>
    </Polygon>
    </MultiGeometry>
  </Placemark>
    <Placemark><name>Denmark</name><styleUrl>#country_border</styleUrl><MultiGeometry>
    <Polygon>
      <outerBoundaryIs>
        <LinearRing>
          <coordinates>12.56875,55.785059,0 12.571191,55.684961,0 12.545215,55.655811,0 12.507031,55.636621,0 12.407129,55.61626,0 12.320605,55.587842,0 12.243457,55.537891,0 12.215039,55.466504,0 12.275391,55.414258,0 12.385156,55.385645,0 12.413086,55.286182,0 12.322461,55.237109,0 12.089941,55.188135,0 12.065527,55.069922,0 12.073047,54.976758,0 12.068848,54.909033,0 12.050391,54.815332,0 11.862305,54.772607,0 11.740918,54.915332,0 11.739844,54.972461,0 11.703613,55.03916,0 11.696777,55.095996,0 11.653809,55.186914,0 11.475879,55.211523,0 11.406836,55.214746,0 11.310254,55.197852,0 11.286328,55.204443,0 11.170703,55.328613,0 11.189746,55.465625,0 11.128027,55.534766,0 11.119531,55.566064,0 11.120996,55.600732,0 11.070312,55.629297,0 11.008789,55.644434,0 10.978906,55.721533,0 11.049609,55.740234,0 11.224414,55.731201,0 11.275488,55.736475,0 11.322266,55.752539,0 11.463672,55.879297,0 11.45957,55.907227,0 11.474707,55.943457,0 11.627734,55.956885,0 11.695898,55.90791,0 11.682227,55.829492,0 11.690918,55.729004,0 11.783594,55.70166,0 11.819727,55.697656,0 11.858301,55.771875,0 11.885352,55.807959,0 11.92207,55.828076,0 11.93457,55.895898,0 11.912793,55.937305,0 11.866406,55.968164,0 12.039648,56.052148,0 12.218945,56.118652,0 12.323242,56.122119,0 12.428223,56.105859,0 12.525781,56.083398,0 12.578711,56.064062,0 12.608398,56.033008,0 12.542969,55.958984,0 12.524805,55.918457,0 12.56875,55.785059,0</coordinates>
        </LinearRing>
      </outerBoundaryIs>
    </Polygon>
    <Polygon>
      <outerBoundaryIs>
        <LinearRing>
          <coordinates>9.739746,54.825537,0 9.725,54.825537,0 9.66123,54.834375,0 9.61582,54.85542,0 9.49873,54.84043,0 9.341992,54.806299,0 9.25498,54.808008,0 9.18584,54.844678,0 8.90293,54.896924,0 8.857227,54.901123,0 8.670703,54.90332,0 8.670313,54.903418,0 8.661426,54.985937,0 8.638281,55.045557,0 8.572949,55.134277,0 8.669824,55.155664,0 8.651074,55.328564,0 8.615918,55.418213,0 8.345313,55.510303,0 8.132129,55.599805,0 8.181348,55.901172,0 8.202344,55.982373,0 8.121484,56.139893,0 8.129883,56.321191,0 8.163965,56.606885,0 8.231738,56.618066,0 8.281445,56.616699,0 8.473145,56.56543,0 8.55293,56.560303,0 8.607617,56.514502,0 8.67168,56.495654,0 8.718066,56.544287,0 8.736133,56.627441,0 8.888086,56.735059,0 8.994531,56.774805,0 9.06709,56.793848,0 9.140332,56.750439,0 9.196387,56.70166,0 9.209668,56.808398,0 9.254883,57.011719,0 9.110449,57.043652,0 8.992773,57.016113,0 8.876074,56.887256,0 8.771973,56.725293,0 8.603125,56.7104,0 8.468359,56.664551,0 8.34668,56.712109,0 8.268262,56.754004,0 8.266309,56.815332,0 8.284082,56.852344,0 8.427051,56.984424,0 8.618555,57.111279,0 8.811523,57.110059,0 8.952246,57.150586,0 9.036328,57.15542,0 9.298828,57.146533,0 9.433594,57.174316,0 9.554297,57.232471,0 9.815137,57.478418,0 9.962305,57.580957,0 10.259082,57.617041,0 10.533301,57.7354,0 10.609961,57.736914,0 10.480957,57.648682,0 10.460254,57.614551,0 10.444629,57.562207,0 10.537109,57.448535,0 10.517578,57.379346,0 10.524121,57.243213,0 10.436914,57.172266,0 10.338477,57.021338,0 10.296094,56.999121,0 10.287012,56.822949,0 10.29668,56.780908,0 10.282715,56.620508,0 10.383594,56.554834,0 10.490234,56.520508,0 10.845898,56.521729,0 10.882812,56.492871,0 10.926172,56.443262,0 10.894434,56.359033,0 10.856445,56.295508,0 10.753418,56.241992,0 10.621191,56.2021,0 10.538965,56.200342,0 10.426953,56.276172,0 10.37373,56.251562,0 10.31875,56.212891,0 10.22666,56.005371,0 10.183008,55.865186,0 10.159375,55.853809,0 10.107324,55.874463,0 10.017383,55.876074,0 9.903711,55.842822,0 9.962012,55.813086,0 10.023633,55.761426,0 9.999023,55.735547,0 9.899023,55.707568,0 9.810352,55.650977,0 9.773242,55.608154,0 9.661426,55.557471,0 9.591113,55.493213,0 9.625586,55.413574,0 9.640234,55.343652,0 9.670996,55.266406,0 9.643262,55.204736,0 9.504785,55.11626,0 9.453711,55.039551,0 9.572363,55.040527,0 9.64541,55.022803,0 9.688184,55.000146,0 9.732324,54.968018,0 9.705273,54.92832,0 9.739746,54.825537,0</coordinates>
        </LinearRing>
      </outerBoundaryIs>
    </Polygon>
    <Polygon>
      <outerBoundaryIs>
        <LinearRing>
          <coordinates>10.645117,55.609814,0 10.686816,55.557617,0 10.738086,55.446338,0 10.819238,55.321875,0 10.785352,55.269775,0 10.808398,55.203027,0 10.785254,55.133398,0 10.623828,55.052441,0 10.442773,55.048779,0 10.25459,55.087891,0 9.98877,55.163184,0 9.967383,55.205469,0 9.930078,55.228906,0 9.858984,55.357227,0 9.860645,55.515479,0 9.994238,55.535303,0 10.286133,55.61084,0 10.353613,55.598975,0 10.424023,55.560352,0 10.505078,55.558057,0 10.622754,55.612842,0 10.645117,55.609814,0</coordinates>
        </LinearRing>
      </outerBoundaryIs>
    </Polygon>
    <Polygon>
      <outerBoundaryIs>
        <LinearRing>
          <coordinates>11.361426,54.89165,0 11.538379,54.82959,0 11.658105,54.833154,0 11.739551,54.807422,0 11.758984,54.767676,0 11.765918,54.679443,0 11.680371,54.653711,0 11.585938,54.662451,0 11.457422,54.628857,0 11.035547,54.773096,0 11.041699,54.893359,0 11.058594,54.940576,0 11.258496,54.951807,0 11.361426,54.89165,0</coordinates>
        </LinearRing>
      </outerBoundaryIs>
    </Polygon>
    <Polygon>
      <outerBoundaryIs>
        <LinearRing>
          <coordinates>10.734082,54.750732,0 10.689746,54.745068,0 10.629492,54.826074,0 10.62168,54.851416,0 10.69248,54.903271,0 10.738281,54.962012,0 10.856738,55.052197,0 10.925,55.157861,0 10.951074,55.156201,0 10.920801,55.062109,0 10.765234,54.799658,0 10.734082,54.750732,0</coordinates>
        </LinearRing>
      </outerBoundaryIs>
    </Polygon>
    <Polygon>
      <outerBoundaryIs>
        <LinearRing>
          <coordinates>12.549219,54.965771,0 12.511035,54.950879,0 12.35752,54.961816,0 12.184473,54.89248,0 12.118848,54.914404,0 12.143652,54.958691,0 12.161719,54.974805,0 12.219922,54.993604,0 12.258789,55.021094,0 12.274023,55.064111,0 12.310059,55.040918,0 12.417188,55.031201,0 12.469531,55.01748,0 12.513281,54.997314,0 12.549219,54.965771,0</coordinates>
        </LinearRing>
      </outerBoundaryIs>
    </Polygon>
    <Polygon>
      <outerBoundaryIs>
        <LinearRing>
          <coordinates>12.665723,55.596533,0 12.571582,55.554004,0 12.550879,55.55625,0 12.520313,55.6146,0 12.569922,55.650098,0 12.599219,55.680225,0 12.62002,55.679346,0 12.648438,55.646777,0 12.665723,55.596533,0</coordinates>
        </LinearRing>
      </outerBoundaryIs>
    </Polygon>
    <Polygon>
      <outerBoundaryIs>
        <LinearRing>
          <coordinates>10.484375,54.847559,0 10.417285,54.837158,0 10.340527,54.858936,0 10.215625,54.940967,0 10.199902,54.962744,0 10.265527,54.948828,0 10.346973,54.905957,0 10.413672,54.896826,0 10.504883,54.860547,0 10.484375,54.847559,0</coordinates>
        </LinearRing>
      </outerBoundaryIs>
    </Polygon>
    <Polygon>
      <outerBoundaryIs>
        <LinearRing>
          <coordinates>10.06123,54.886377,0 9.957129,54.872461,0 9.903906,54.896631,0 9.80625,54.906006,0 9.771191,55.059912,0 9.78125,55.069043,0 9.830371,55.058252,0 9.998828,54.986475,0 10.057715,54.90791,0 10.06123,54.886377,0</coordinates>
        </LinearRing>
      </outerBoundaryIs>
    </Polygon>
    <Polygon>
      <outerBoundaryIs>
        <LinearRing>
          <coordinates>10.607324,55.783057,0 10.590332,55.765088,0 10.526953,55.783789,0 10.520313,55.848486,0 10.544336,55.906592,0 10.516113,55.958545,0 10.547168,55.991943,0 10.636328,55.91416,0 10.661719,55.877588,0 10.627344,55.833887,0 10.607324,55.783057,0</coordinates>
        </LinearRing>
      </outerBoundaryIs>
    </Polygon>
    <Polygon>
      <outerBoundaryIs>
        <LinearRing>
          <coordinates>11.052148,57.252539,0 11.011426,57.229102,0 10.873828,57.262256,0 10.93457,57.308594,0 11.085742,57.329932,0 11.174512,57.3229,0 11.076855,57.276904,0 11.052148,57.252539,0</coordinates>
        </LinearRing>
      </outerBoundaryIs>
    </Polygon>
    <Polygon>
      <outerBoundaryIs>
        <LinearRing>
          <coordinates>15.087695,55.021875,0 15.050781,55.004932,0 14.885547,55.032959,0 14.68418,55.102246,0 14.713672,55.238037,0 14.765332,55.296729,0 15.132617,55.144531,0 15.137109,55.087158,0 15.087695,55.021875,0</coordinates>
        </LinearRing>
      </outerBoundaryIs>
    </Polygon>
    </MultiGeometry>
  </Placemark>
    <Placemark><name>Czechia</name><styleUrl>#country_border</styleUrl><Polygon>
      <outerBoundaryIs>
        <LinearRing>
          <coordinates>18.832227,49.510791,0 18.807031,49.509229,0 18.749707,49.493994,0 18.676172,49.488477,0 18.596484,49.491455,0 18.53457,49.464697,0 18.476074,49.421094,0 18.41582,49.390918,0 18.383105,49.363916,0 18.364844,49.33623,0 18.160938,49.257373,0 18.132617,49.224561,0 18.109961,49.179785,0 18.100391,49.119336,0 18.085938,49.065137,0 18.050879,49.036523,0 17.940723,49.011963,0 17.913281,48.99873,0 17.892676,48.971143,0 17.830859,48.928613,0 17.758496,48.888135,0 17.625391,48.841846,0 17.482617,48.827783,0 17.296875,48.842822,0 17.188477,48.860937,0 17.135645,48.841064,0 17.063281,48.780762,0 16.985254,48.676904,0 16.953125,48.598828,0 16.92832,48.620898,0 16.883691,48.703711,0 16.833203,48.714307,0 16.764453,48.722021,0 16.712695,48.734229,0 16.600977,48.781885,0 16.543555,48.79624,0 16.47793,48.800098,0 16.414844,48.77207,0 16.367285,48.738965,0 16.219336,48.739404,0 16.057227,48.754785,0 15.825195,48.864453,0 15.765039,48.86543,0 15.700781,48.860449,0 15.599414,48.886377,0 15.40293,48.957373,0 15.310938,48.974023,0 15.252734,48.963867,0 15.199609,48.948145,0 15.161719,48.946289,0 15.139746,48.969336,0 15.066797,48.997852,0 14.993457,49.001123,0 14.972168,48.983936,0 14.947363,48.827734,0 14.922559,48.771387,0 14.821875,48.774023,0 14.785938,48.747363,0 14.706641,48.671924,0 14.691309,48.599219,0 14.553906,48.61333,0 14.488672,48.625537,0 14.431055,48.61626,0 14.367578,48.576221,0 14.189844,48.578564,0 14.049121,48.60249,0 13.98877,48.692432,0 13.924316,48.728027,0 13.843164,48.759863,0 13.814746,48.766943,0 13.769922,48.815967,0 13.684961,48.876709,0 13.547656,48.959668,0 13.440723,48.955566,0 13.401172,48.977588,0 13.383691,49.008105,0 13.339063,49.060791,0 13.28877,49.097461,0 13.227832,49.11167,0 13.140527,49.15835,0 13.02373,49.260107,0 12.916699,49.330469,0 12.813379,49.329346,0 12.747852,49.366211,0 12.681152,49.414502,0 12.632031,49.46123,0 12.555762,49.574854,0 12.500293,49.639697,0 12.457031,49.679785,0 12.408203,49.713184,0 12.390527,49.739648,0 12.450195,49.800146,0 12.471875,49.830078,0 12.497559,49.853076,0 12.5125,49.877441,0 12.512012,49.895801,0 12.457617,49.955518,0 12.38418,49.998584,0 12.276465,50.042334,0 12.207813,50.09751,0 12.18252,50.148047,0 12.175,50.17583,0 12.127832,50.213428,0 12.089746,50.268555,0 12.089844,50.301758,0 12.099219,50.310986,0 12.134863,50.310937,0 12.174805,50.288379,0 12.231152,50.244873,0 12.277344,50.181445,0 12.305664,50.205713,0 12.358594,50.273242,0 12.452637,50.349805,0 12.549023,50.393408,0 12.635547,50.39707,0 12.706445,50.409131,0 12.76543,50.430957,0 12.868262,50.422217,0 12.942676,50.406445,0 12.966797,50.416211,0 12.99707,50.456055,0 13.016406,50.490381,0 13.181152,50.510498,0 13.237695,50.576758,0 13.269531,50.576416,0 13.306055,50.586328,0 13.341016,50.611426,0 13.374609,50.621729,0 13.401172,50.609326,0 13.436133,50.601074,0 13.472559,50.616943,0 13.526563,50.692822,0 13.556738,50.704639,0 13.701367,50.716504,0 13.898535,50.761279,0 13.998438,50.801123,0 14.096484,50.822754,0 14.201758,50.86123,0 14.369043,50.89873,0 14.377051,50.914062,0 14.299414,50.952588,0 14.27334,50.976904,0 14.255859,51.001855,0 14.283203,51.029492,0 14.319727,51.037793,0 14.367285,51.02627,0 14.507324,51.009863,0 14.545703,50.993945,0 14.559668,50.954932,0 14.595215,50.918604,0 14.623828,50.914746,0 14.613574,50.855566,0 14.658203,50.832617,0 14.72334,50.814697,0 14.766504,50.818311,0 14.797461,50.842334,0 14.809375,50.858984,0 14.895801,50.861377,0 14.98291,50.886572,0 14.989941,50.927246,0 14.984473,51.003418,0 14.99375,51.014355,0 15.125977,50.992871,0 15.258594,50.958545,0 15.277051,50.883008,0 15.312598,50.845752,0 15.354395,50.811768,0 15.394629,50.796289,0 15.463965,50.793848,0 15.643945,50.748877,0 15.730566,50.739697,0 15.819238,50.708691,0 15.893945,50.676904,0 15.948535,50.670264,0 15.973828,50.635449,0 16.007227,50.611621,0 16.066406,50.629932,0 16.282227,50.655615,0 16.359961,50.621387,0 16.4125,50.585156,0 16.419727,50.573633,0 16.392285,50.54165,0 16.379102,50.516895,0 16.356641,50.500488,0 16.28252,50.483008,0 16.240723,50.454687,0 16.210352,50.42373,0 16.230762,50.394092,0 16.291309,50.371875,0 16.33418,50.366895,0 16.350488,50.345215,0 16.487598,50.248389,0 16.59668,50.121924,0 16.63916,50.102148,0 16.679102,50.097461,0 16.725293,50.116064,0 16.778613,50.157031,0 16.841797,50.186719,0 16.895313,50.201953,0 16.989648,50.236914,0 16.993359,50.259717,0 16.914746,50.345215,0 16.869141,50.414502,0 16.880078,50.427051,0 16.980762,50.416113,0 17.151953,50.37832,0 17.415234,50.254785,0 17.462305,50.254785,0 17.55459,50.264062,0 17.654688,50.284229,0 17.702246,50.307178,0 17.720117,50.298633,0 17.735449,50.230762,0 17.709277,50.193555,0 17.589355,50.157471,0 17.596289,50.139502,0 17.627051,50.116406,0 17.681055,50.100781,0 17.746582,50.056787,0 17.791699,50.006592,0 17.83125,49.983301,0 17.874805,49.972266,0 17.983789,49.999072,0 18.014648,50.020264,0 18.02832,50.035254,0 18.049512,50.031934,0 18.087695,50.007275,0 18.099219,49.992773,0 18.205273,49.964746,0 18.266309,49.930273,0 18.305273,49.914062,0 18.348438,49.929834,0 18.516211,49.902393,0 18.562402,49.879346,0 18.577148,49.841113,0 18.568848,49.81792,0 18.594629,49.757812,0 18.806934,49.613721,0 18.829297,49.540137,0 18.832227,49.510791,0</coordinates>
        </LinearRing>
      </outerBoundaryIs>
    </Polygon>
  </Placemark>
    <Placemark><name>Croatia</name><styleUrl>#country_border</styleUrl><MultiGeometry>
    <Polygon>
      <outerBoundaryIs>
        <LinearRing>
          <coordinates>13.57793,45.516895,0 13.615234,45.476758,0 13.878711,45.428369,0 13.935645,45.449805,0 13.970117,45.482617,0 13.970313,45.503369,0 13.992773,45.509424,0 14.085547,45.477832,0 14.16123,45.485156,0 14.283008,45.486621,0 14.369922,45.481445,0 14.427344,45.505762,0 14.505176,45.595215,0 14.533984,45.645264,0 14.568848,45.657227,0 14.591797,45.65127,0 14.608594,45.610107,0 14.649512,45.571484,0 14.733594,45.508496,0 14.793066,45.478223,0 14.84707,45.467334,0 14.9,45.492676,0 14.95459,45.499902,0 15.110449,45.450781,0 15.24209,45.441406,0 15.339453,45.467041,0 15.32666,45.502295,0 15.291211,45.541553,0 15.283594,45.579687,0 15.290137,45.612646,0 15.356934,45.645508,0 15.353711,45.659912,0 15.272949,45.717725,0 15.277051,45.732617,0 15.454102,45.797607,0 15.624805,45.834033,0 15.652148,45.862158,0 15.668066,45.904443,0 15.675586,45.983691,0 15.666211,46.048486,0 15.596875,46.109229,0 15.592578,46.13999,0 15.608984,46.171924,0 15.635938,46.200732,0 15.704199,46.213232,0 15.784277,46.233984,0 15.847559,46.257861,0 15.933301,46.277637,0 16.000684,46.305371,0 16.066504,46.371338,0 16.106445,46.382227,0 16.227441,46.372852,0 16.25332,46.389111,0 16.236719,46.483838,0 16.258398,46.50791,0 16.301172,46.521387,0 16.321191,46.534619,0 16.427637,46.524414,0 16.516211,46.499902,0 16.569922,46.48501,0 16.748047,46.416406,0 16.871484,46.339307,0 16.939941,46.253662,0 17.032715,46.187305,0 17.149609,46.140332,0 17.242188,46.076611,0 17.310645,45.996143,0 17.406348,45.951074,0 17.529199,45.941309,0 17.607031,45.91377,0 17.639648,45.868359,0 17.706445,45.827246,0 17.807129,45.79043,0 17.963867,45.770264,0 18.263965,45.765479,0 18.290625,45.764453,0 18.358301,45.753027,0 18.437305,45.767334,0 18.533594,45.796143,0 18.564648,45.813281,0 18.666016,45.907471,0 18.721777,45.899365,0 18.833008,45.91084,0 18.900293,45.931738,0 18.905371,45.931738,0 18.901074,45.907617,0 18.893555,45.865527,0 18.839063,45.835742,0 18.894531,45.76709,0 18.947266,45.655811,0 18.917871,45.60083,0 18.953711,45.558008,0 19.055078,45.527246,0 19.064258,45.51499,0 19.033301,45.502197,0 19.007617,45.46582,0 19.004688,45.399512,0 19.093066,45.336914,0 19.272852,45.277979,0 19.330273,45.268066,0 19.352246,45.24541,0 19.382324,45.230615,0 19.4,45.2125,0 19.400977,45.189062,0 19.388086,45.172998,0 19.303027,45.167285,0 19.205957,45.167773,0 19.136914,45.19624,0 19.130762,45.175488,0 19.129688,45.151709,0 19.062891,45.137207,0 19.1,44.973779,0 19.085254,44.926758,0 19.060547,44.910986,0 19.037598,44.917529,0 19.00957,44.919385,0 18.995508,44.904004,0 19.007129,44.869189,0 18.941309,44.865186,0 18.836426,44.883252,0 18.788379,44.914893,0 18.780176,44.947217,0 18.779395,44.977246,0 18.746094,45.026514,0 18.662598,45.077441,0 18.488281,45.08584,0 18.423926,45.102002,0 18.357617,45.120557,0 18.284961,45.134277,0 18.217969,45.13291,0 18.137207,45.119385,0 17.996289,45.141797,0 17.948633,45.111865,0 17.874414,45.077246,0 17.812793,45.078125,0 17.690137,45.158398,0 17.653516,45.163477,0 17.546289,45.122559,0 17.502637,45.120361,0 17.469141,45.133301,0 17.324121,45.163965,0 17.258691,45.170557,0 17.210645,45.156055,0 17.125391,45.171777,0 16.918652,45.276562,0 16.79082,45.196875,0 16.530664,45.216699,0 16.453516,45.162012,0 16.365039,45.05835,0 16.293359,45.008838,0 16.231055,45.026611,0 16.157324,45.072217,0 16.02832,45.1896,0 15.963184,45.210791,0 15.888281,45.215723,0 15.822852,45.202783,0 15.788086,45.178955,0 15.761523,45.00752,0 15.737988,44.856396,0 15.736621,44.76582,0 15.880078,44.681934,0 16.049023,44.537598,0 16.103418,44.520996,0 16.130273,44.47373,0 16.169824,44.352002,0 16.214258,44.215137,0 16.300098,44.124512,0 16.377539,44.059619,0 16.47207,44.002588,0 16.590527,43.913184,0 16.687695,43.815039,0 16.713477,43.778809,0 16.901855,43.649023,0 17.08457,43.516553,0 17.248047,43.470215,0 17.273828,43.445752,0 17.275293,43.343848,0 17.293066,43.305615,0 17.402246,43.198926,0 17.624805,43.042773,0 17.650488,43.006592,0 17.657813,42.980078,0 17.643457,42.959766,0 17.585156,42.938379,0 17.537305,42.962256,0 17.329883,43.114893,0 17.129395,43.211133,0 16.903125,43.392432,0 16.600293,43.464062,0 16.393945,43.543359,0 16.268945,43.53125,0 16.131055,43.506299,0 16.045996,43.505518,0 15.985547,43.519775,0 15.942578,43.568945,0 15.949121,43.606982,0 15.941504,43.656641,0 15.820605,43.735937,0 15.655664,43.811279,0 15.499414,43.908789,0 15.18584,44.172119,0 15.122949,44.256787,0 15.184668,44.2729,0 15.231348,44.271436,0 15.284277,44.288818,0 15.369727,44.289258,0 15.470996,44.271973,0 15.381348,44.328271,0 15.269824,44.383496,0 14.981348,44.60293,0 14.895215,44.706592,0 14.885254,44.818262,0 14.906543,44.971387,0 14.85459,45.081006,0 14.632031,45.2229,0 14.550488,45.297705,0 14.386133,45.342139,0 14.312695,45.337793,0 14.268555,45.28252,0 14.236328,45.159668,0 14.090625,44.997607,0 14.041992,44.927197,0 13.96582,44.835645,0 13.899805,44.829346,0 13.860742,44.837402,0 13.74248,44.991504,0 13.629297,45.108203,0 13.613477,45.163428,0 13.60332,45.231396,0 13.517188,45.481787,0 13.57793,45.516895,0</coordinates>
        </LinearRing>
      </outerBoundaryIs>
    </Polygon>
    <Polygon>
      <outerBoundaryIs>
        <LinearRing>
          <coordinates>16.650684,42.996582,0 16.835547,42.968652,0 16.971094,42.981494,0 17.093652,42.964355,0 17.169824,42.932617,0 17.188281,42.917041,0 17.089355,42.914893,0 16.977539,42.927783,0 16.850684,42.895508,0 16.738867,42.912744,0 16.696387,42.933691,0 16.666309,42.959912,0 16.650684,42.996582,0</coordinates>
        </LinearRing>
      </outerBoundaryIs>
    </Polygon>
    <Polygon>
      <outerBoundaryIs>
        <LinearRing>
          <coordinates>17.194043,43.125781,0 17.124121,43.11543,0 16.679199,43.123145,0 16.549805,43.143896,0 16.405859,43.197363,0 16.376465,43.21377,0 16.521387,43.229248,0 16.655957,43.21377,0 16.697266,43.174951,0 17.061133,43.143896,0 17.194043,43.125781,0</coordinates>
        </LinearRing>
      </outerBoundaryIs>
    </Polygon>
    <Polygon>
      <outerBoundaryIs>
        <LinearRing>
          <coordinates>16.785254,43.270654,0 16.627441,43.268066,0 16.490332,43.286182,0 16.423145,43.317236,0 16.428125,43.343408,0 16.448926,43.387061,0 16.601562,43.381885,0 16.834375,43.35083,0 16.891309,43.314648,0 16.873633,43.297949,0 16.785254,43.270654,0</coordinates>
        </LinearRing>
      </outerBoundaryIs>
    </Polygon>
    <Polygon>
      <outerBoundaryIs>
        <LinearRing>
          <coordinates>15.231055,44.062305,0 15.24668,44.027051,0 15.121875,44.093311,0 15.074609,44.137842,0 15.06582,44.157666,0 15.231055,44.062305,0</coordinates>
        </LinearRing>
      </outerBoundaryIs>
    </Polygon>
    <Polygon>
      <outerBoundaryIs>
        <LinearRing>
          <coordinates>14.810254,44.977051,0 14.687012,44.955615,0 14.62832,44.993945,0 14.612988,45.025439,0 14.511719,45.0354,0 14.450391,45.079199,0 14.437891,45.098633,0 14.524609,45.146826,0 14.571094,45.224756,0 14.62998,45.178027,0 14.701172,45.090039,0 14.73916,45.065479,0 14.810254,44.977051,0</coordinates>
        </LinearRing>
      </outerBoundaryIs>
    </Polygon>
    <Polygon>
      <outerBoundaryIs>
        <LinearRing>
          <coordinates>14.831445,44.758936,0 14.856641,44.714844,0 14.7625,44.754639,0 14.678223,44.769873,0 14.660352,44.799805,0 14.672461,44.824365,0 14.690527,44.848145,0 14.754199,44.844824,0 14.76377,44.821387,0 14.831445,44.758936,0</coordinates>
        </LinearRing>
      </outerBoundaryIs>
    </Polygon>
    <Polygon>
      <outerBoundaryIs>
        <LinearRing>
          <coordinates>15.188477,44.335742,0 15.162598,44.30918,0 15.097949,44.358154,0 15.038574,44.393018,0 14.996094,44.434326,0 14.912793,44.48584,0 14.884668,44.544727,0 14.760449,44.664746,0 14.741895,44.697363,0 14.803809,44.648682,0 14.855371,44.618262,0 14.898047,44.61084,0 15.006445,44.534229,0 15.112988,44.435742,0 15.239941,44.350195,0 15.213574,44.347559,0 15.188477,44.335742,0</coordinates>
        </LinearRing>
      </outerBoundaryIs>
    </Polygon>
    <Polygon>
      <outerBoundaryIs>
        <LinearRing>
          <coordinates>15.18877,43.922363,0 15.203027,43.907715,0 15.20166,43.897754,0 15.149805,43.911816,0 15.13584,43.907275,0 14.891309,44.125537,0 14.865039,44.167969,0 14.952539,44.117188,0 15.18877,43.922363,0</coordinates>
        </LinearRing>
      </outerBoundaryIs>
    </Polygon>
    <Polygon>
      <outerBoundaryIs>
        <LinearRing>
          <coordinates>15.371387,43.973828,0 15.437207,43.899512,0 15.374219,43.914795,0 15.308594,43.960791,0 15.27002,44.010742,0 15.371387,43.973828,0</coordinates>
        </LinearRing>
      </outerBoundaryIs>
    </Polygon>
    <Polygon>
      <outerBoundaryIs>
        <LinearRing>
          <coordinates>14.488086,44.660059,0 14.480371,44.62124,0 14.419531,44.670312,0 14.388867,44.758301,0 14.312402,44.900391,0 14.302539,44.94043,0 14.342188,44.979932,0 14.340039,45.019971,0 14.28584,45.144629,0 14.33125,45.16499,0 14.358203,45.167432,0 14.369141,45.080957,0 14.39375,45.03125,0 14.467383,44.970215,0 14.452539,44.869189,0 14.467578,44.725342,0 14.48252,44.693359,0 14.488086,44.660059,0</coordinates>
        </LinearRing>
      </outerBoundaryIs>
    </Polygon>
    <Polygon>
      <outerBoundaryIs>
        <LinearRing>
          <coordinates>17.607813,42.769043,0 17.744238,42.700342,0 17.344141,42.790381,0 17.389551,42.798633,0 17.431934,42.800391,0 17.607813,42.769043,0</coordinates>
        </LinearRing>
      </outerBoundaryIs>
    </Polygon>
    <Polygon>
      <outerBoundaryIs>
        <LinearRing>
          <coordinates>18.436328,42.559717,0 18.438086,42.522949,0 18.47666,42.481104,0 18.51748,42.43291,0 18.333008,42.527881,0 18.160645,42.634033,0 17.823828,42.797412,0 17.584961,42.837158,0 17.258203,42.968457,0 17.04541,43.014893,0 17.126465,43.025586,0 17.219824,43.025879,0 17.723633,42.850684,0 17.667578,42.897119,0 17.740234,42.915479,0 17.801953,42.902246,0 17.841309,42.845068,0 17.918848,42.807422,0 18.044531,42.74126,0 18.123926,42.690576,0 18.304004,42.599414,0 18.346582,42.58667,0 18.436328,42.559717,0</coordinates>
        </LinearRing>
      </outerBoundaryIs>
    </Polygon>
    </MultiGeometry>
  </Placemark>
    <Placemark><name>Bulgaria</name><styleUrl>#country_border</styleUrl><Polygon>
      <outerBoundaryIs>
        <LinearRing>
          <coordinates>28.014453,41.969043,0 27.879199,41.986621,0 27.831934,41.981299,0 27.80166,41.956543,0 27.738867,41.961523,0 27.661133,41.961328,0 27.579883,41.93291,0 27.534863,41.920801,0 27.474805,41.946875,0 27.362891,42.025049,0 27.294922,42.079541,0 27.244336,42.093262,0 27.193359,42.0771,0 27.011719,42.058643,0 26.96875,42.026855,0 26.884863,41.991846,0 26.800391,41.975146,0 26.679199,41.96333,0 26.615332,41.964893,0 26.579688,41.947949,0 26.549707,41.896729,0 26.529297,41.84668,0 26.511426,41.826367,0 26.360352,41.801562,0 26.327246,41.772803,0 26.317969,41.744678,0 26.320898,41.716553,0 26.200586,41.743799,0 26.107422,41.725684,0 26.085547,41.70415,0 26.066016,41.673242,0 26.076953,41.640186,0 26.11123,41.608203,0 26.143555,41.521533,0 26.155176,41.434863,0 26.135352,41.385742,0 26.066406,41.350684,0 25.92334,41.311914,0 25.784961,41.33042,0 25.723926,41.315039,0 25.621484,41.310107,0 25.527051,41.299805,0 25.381934,41.264355,0 25.251172,41.243555,0 25.133398,41.315771,0 24.993555,41.36499,0 24.846875,41.394238,0 24.795801,41.3729,0 24.77373,41.356104,0 24.651074,41.419971,0 24.595996,41.442725,0 24.569336,41.467383,0 24.518262,41.552539,0 24.487891,41.555225,0 24.386719,41.523535,0 24.289453,41.525049,0 24.230371,41.530811,0 24.056055,41.527246,0 24.03291,41.469092,0 24.011328,41.460059,0 23.973535,41.452295,0 23.880859,41.455957,0 23.762305,41.412988,0 23.635156,41.386768,0 23.53584,41.386035,0 23.433398,41.39873,0 23.37207,41.389648,0 23.239844,41.384961,0 23.155957,41.32207,0 23.025586,41.325635,0 22.916016,41.336279,0 22.929688,41.356104,0 22.951465,41.605615,0 23.005664,41.716943,0 23.003613,41.739844,0 22.991992,41.757178,0 22.943945,41.775098,0 22.90918,41.835205,0 22.836816,41.993604,0 22.796094,42.025684,0 22.682324,42.059131,0 22.582715,42.104834,0 22.498242,42.165088,0 22.344043,42.313965,0 22.42207,42.328857,0 22.445703,42.359131,0 22.523535,42.440967,0 22.532422,42.481201,0 22.524219,42.503906,0 22.47207,42.543311,0 22.43623,42.629102,0 22.463281,42.709473,0 22.465625,42.750781,0 22.439258,42.79165,0 22.466797,42.84248,0 22.522754,42.870312,0 22.558105,42.878467,0 22.706152,42.883936,0 22.799902,42.985742,0 22.856836,43.018262,0 22.915234,43.075977,0 22.942285,43.09707,0 22.967969,43.142041,0 22.976855,43.187988,0 22.85957,43.252344,0 22.819727,43.300732,0 22.767578,43.35415,0 22.696973,43.391064,0 22.55459,43.454492,0 22.499121,43.518848,0 22.474121,43.602246,0 22.436328,43.665479,0 22.394824,43.706641,0 22.386914,43.740137,0 22.369629,43.781299,0 22.36543,43.862109,0 22.399023,43.969531,0 22.420801,44.007422,0 22.469043,44.018018,0 22.597461,44.075293,0 22.603418,44.148584,0 22.626563,44.194092,0 22.66748,44.220215,0 22.705078,44.237793,0 22.775195,44.195215,0 22.94541,44.127295,0 23.028516,44.077979,0 23.024414,44.047217,0 22.985352,44.016992,0 22.911328,43.987207,0 22.868262,43.9479,0 22.856445,43.899023,0 22.867676,43.864551,0 22.919043,43.834473,0 23.224609,43.873877,0 23.53457,43.853564,0 23.950781,43.78667,0 24.226758,43.763477,0 24.430566,43.794385,0 24.808203,43.738428,0 25.159668,43.686328,0 25.49707,43.670801,0 25.686133,43.711768,0 25.818848,43.766846,0 25.933398,43.870557,0 26.21582,44.007275,0 26.489258,44.083984,0 26.847754,44.146191,0 27.086914,44.167383,0 27.120703,44.146143,0 27.425391,44.020508,0 27.561035,44.020068,0 27.670898,43.997803,0 27.710742,43.9646,0 27.738574,43.956299,0 27.884277,43.987354,0 27.948926,43.918604,0 28.05,43.822412,0 28.221973,43.772852,0 28.375195,43.744775,0 28.423438,43.740479,0 28.585352,43.742236,0 28.561816,43.501318,0 28.46543,43.389307,0 28.319629,43.426855,0 28.133691,43.395605,0 28.035156,43.268262,0 27.979297,43.230518,0 27.928906,43.186133,0 27.896484,43.020703,0 27.888867,42.749707,0 27.818359,42.71665,0 27.753711,42.706543,0 27.484766,42.468066,0 27.639551,42.400977,0 27.708203,42.349951,0 27.821387,42.208008,0 27.982715,42.047412,0 28.014453,41.969043,0</coordinates>
        </LinearRing>
      </outerBoundaryIs>
    </Polygon>
  </Placemark>
    <Placemark><name>Bosnia and Herzegovina</name><styleUrl>#country_border</styleUrl><Polygon>
      <outerBoundaryIs>
        <LinearRing>
          <coordinates>19.348633,44.880908,0 19.356836,44.858545,0 19.334473,44.780664,0 19.291895,44.696777,0 19.223145,44.60957,0 19.151367,44.527344,0 19.132422,44.483789,0 19.127344,44.414551,0 19.118457,44.359961,0 19.12832,44.330273,0 19.151855,44.302539,0 19.231543,44.280566,0 19.338867,44.22583,0 19.430176,44.154492,0 19.547168,44.073486,0 19.583789,44.043457,0 19.583691,44.011084,0 19.549512,43.987109,0 19.449414,43.978027,0 19.345215,43.985107,0 19.305273,43.993359,0 19.268066,43.983447,0 19.24502,43.965039,0 19.257227,43.943311,0 19.364063,43.844775,0 19.488184,43.703564,0 19.495117,43.642871,0 19.47998,43.595166,0 19.45127,43.562061,0 19.399609,43.567578,0 19.360352,43.593457,0 19.300781,43.591797,0 19.254492,43.584375,0 19.194336,43.533301,0 19.164355,43.535449,0 19.112793,43.527734,0 19.080078,43.517725,0 19.02832,43.53252,0 18.974219,43.542334,0 18.950684,43.52666,0 18.940234,43.496729,0 18.973828,43.442383,0 19.036719,43.357324,0 19.02666,43.292432,0 18.978711,43.2854,0 18.934668,43.339453,0 18.895605,43.348193,0 18.851074,43.346338,0 18.749219,43.283545,0 18.674219,43.230811,0 18.656836,43.193945,0 18.62998,43.153662,0 18.621875,43.124609,0 18.623633,43.027686,0 18.488477,43.012158,0 18.460156,42.9979,0 18.443848,42.968457,0 18.455078,42.844092,0 18.466016,42.777246,0 18.543262,42.67417,0 18.545898,42.641602,0 18.534961,42.620117,0 18.480078,42.579199,0 18.453906,42.564502,0 18.436328,42.559717,0 18.346582,42.58667,0 18.304004,42.599414,0 18.123926,42.690576,0 18.044531,42.74126,0 17.918848,42.807422,0 17.841309,42.845068,0 17.801953,42.902246,0 17.740234,42.915479,0 17.667578,42.897119,0 17.585156,42.938379,0 17.643457,42.959766,0 17.657813,42.980078,0 17.650488,43.006592,0 17.624805,43.042773,0 17.402246,43.198926,0 17.293066,43.305615,0 17.275293,43.343848,0 17.273828,43.445752,0 17.248047,43.470215,0 17.08457,43.516553,0 16.901855,43.649023,0 16.713477,43.778809,0 16.687695,43.815039,0 16.590527,43.913184,0 16.47207,44.002588,0 16.377539,44.059619,0 16.300098,44.124512,0 16.214258,44.215137,0 16.169824,44.352002,0 16.130273,44.47373,0 16.103418,44.520996,0 16.049023,44.537598,0 15.880078,44.681934,0 15.736621,44.76582,0 15.737988,44.856396,0 15.761523,45.00752,0 15.788086,45.178955,0 15.822852,45.202783,0 15.888281,45.215723,0 15.963184,45.210791,0 16.02832,45.1896,0 16.157324,45.072217,0 16.231055,45.026611,0 16.293359,45.008838,0 16.365039,45.05835,0 16.453516,45.162012,0 16.530664,45.216699,0 16.79082,45.196875,0 16.918652,45.276562,0 17.125391,45.171777,0 17.210645,45.156055,0 17.258691,45.170557,0 17.324121,45.163965,0 17.469141,45.133301,0 17.502637,45.120361,0 17.546289,45.122559,0 17.653516,45.163477,0 17.690137,45.158398,0 17.812793,45.078125,0 17.874414,45.077246,0 17.948633,45.111865,0 17.996289,45.141797,0 18.137207,45.119385,0 18.217969,45.13291,0 18.284961,45.134277,0 18.357617,45.120557,0 18.423926,45.102002,0 18.488281,45.08584,0 18.662598,45.077441,0 18.746094,45.026514,0 18.779395,44.977246,0 18.780176,44.947217,0 18.788379,44.914893,0 18.836426,44.883252,0 18.941309,44.865186,0 19.007129,44.869189,0 19.04209,44.871338,0 19.131543,44.899609,0 19.236816,44.914258,0 19.312695,44.897461,0 19.348633,44.880908,0</coordinates>
        </LinearRing>
      </outerBoundaryIs>
    </Polygon>
  </Placemark>
    <Placemark><name>Belgium</name><styleUrl>#country_border</styleUrl><Polygon>
      <outerBoundaryIs>
        <LinearRing>
          <coordinates>4.226172,51.386475,0 4.304492,51.361523,0 4.37373,51.356006,0 4.404004,51.36709,0 4.384766,51.427588,0 4.440918,51.459814,0 4.503418,51.474707,0 4.531641,51.448584,0 4.58877,51.421924,0 4.633984,51.421729,0 4.755664,51.491113,0 4.78418,51.477393,0 4.810547,51.452734,0 4.816016,51.432812,0 4.820703,51.412061,0 4.848047,51.403271,0 4.943945,51.407764,0 4.992578,51.445361,0 5.030957,51.469092,0 5.059473,51.453125,0 5.073438,51.406836,0 5.099902,51.346484,0 5.21416,51.278955,0 5.31084,51.259717,0 5.429785,51.272998,0 5.476855,51.285059,0 5.508789,51.275,0 5.54043,51.239307,0 5.608789,51.198437,0 5.752344,51.169482,0 5.796484,51.153076,0 5.827148,51.125635,0 5.818262,51.086426,0 5.749805,50.98877,0 5.74082,50.959912,0 5.75,50.950244,0 5.736621,50.932129,0 5.647559,50.86665,0 5.639453,50.843604,0 5.669141,50.805957,0 5.693555,50.774756,0 5.693652,50.774658,0 5.74707,50.75957,0 5.797363,50.754541,0 5.892461,50.752557,0 5.993945,50.750439,0 6.005957,50.732227,0 6.119434,50.679248,0 6.154492,50.637256,0 6.235938,50.59668,0 6.168457,50.545361,0 6.178711,50.52251,0 6.203027,50.499121,0 6.294922,50.485498,0 6.340918,50.451758,0 6.343652,50.400244,0 6.364453,50.316162,0 6.175098,50.232666,0 6.121289,50.139355,0 6.116504,50.120996,0 6.110059,50.123779,0 6.089063,50.15459,0 6.054785,50.154297,0 5.97627,50.167187,0 5.866895,50.082812,0 5.817383,50.012695,0 5.788086,49.96123,0 5.744043,49.919629,0 5.735254,49.875635,0 5.74082,49.857178,0 5.725781,49.83335,0 5.725,49.808301,0 5.787988,49.758887,0 5.803711,49.732178,0 5.880371,49.644775,0 5.856543,49.612842,0 5.837598,49.57832,0 5.81543,49.553809,0 5.789746,49.538281,0 5.710449,49.539209,0 5.610059,49.528223,0 5.542383,49.511035,0 5.507324,49.510889,0 5.434668,49.554492,0 5.353516,49.619824,0 5.301953,49.650977,0 5.278809,49.67793,0 5.215039,49.689258,0 5.124121,49.721484,0 5.061035,49.756543,0 5.006934,49.778369,0 4.930566,49.789258,0 4.867578,49.788135,0 4.849121,49.847119,0 4.841504,49.914502,0 4.790039,49.95957,0 4.860547,50.135889,0 4.818652,50.153174,0 4.772852,50.139062,0 4.706641,50.09707,0 4.675098,50.046875,0 4.656152,50.002441,0 4.54502,49.960254,0 4.36875,49.944971,0 4.176074,49.960254,0 4.149316,49.971582,0 4.137012,49.984473,0 4.136816,50,0 4.150293,50.023877,0 4.183887,50.052832,0 4.192188,50.094141,0 4.157715,50.129883,0 4.135254,50.143799,0 4.144141,50.178418,0 4.169629,50.221777,0 4.174609,50.246484,0 4.044141,50.321338,0 3.949707,50.335938,0 3.858105,50.338574,0 3.788574,50.346973,0 3.748047,50.343506,0 3.718848,50.32168,0 3.689355,50.306055,0 3.667285,50.324805,0 3.626758,50.457324,0 3.59541,50.477344,0 3.476953,50.499463,0 3.316211,50.507373,0 3.27334,50.531543,0 3.249805,50.591162,0 3.234961,50.662939,0 3.182031,50.731689,0 3.154883,50.748926,0 3.106836,50.779443,0 3.022852,50.766895,0 2.921973,50.727051,0 2.862402,50.716016,0 2.839746,50.711768,0 2.759375,50.750635,0 2.669141,50.811426,0 2.596777,50.875928,0 2.579297,50.911768,0 2.601465,50.955273,0 2.574805,50.988574,0 2.536035,51.049512,0 2.524902,51.097119,0 2.960156,51.26543,0 3.225195,51.351611,0 3.350098,51.377686,0 3.380078,51.291113,0 3.402832,51.263623,0 3.43252,51.245752,0 3.471973,51.242236,0 3.51709,51.263623,0 3.580273,51.286182,0 3.681836,51.275684,0 3.755664,51.254834,0 3.781934,51.233203,0 3.830762,51.212598,0 3.902051,51.207666,0 4.040039,51.24707,0 4.172559,51.30708,0 4.211426,51.34873,0 4.226172,51.386475,0</coordinates>
        </LinearRing>
      </outerBoundaryIs>
    </Polygon>
  </Placemark>
    <Placemark><name>Belarus</name><styleUrl>#country_border</styleUrl><Polygon>
      <outerBoundaryIs>
        <LinearRing>
          <coordinates>31.763379,52.101074,0 31.57373,52.108105,0 31.345996,52.105371,0 31.217969,52.050244,0 31.168457,52.062939,0 31.079297,52.076953,0 30.980664,52.046191,0 30.845703,51.953076,0 30.755273,51.895166,0 30.667285,51.814111,0 30.639453,51.770068,0 30.583887,51.688965,0 30.533008,51.596338,0 30.560742,51.531494,0 30.602344,51.47124,0 30.611719,51.406348,0 30.63252,51.35542,0 30.576953,51.318359,0 30.544531,51.265039,0 30.449512,51.274316,0 30.333398,51.325537,0 30.308984,51.399609,0 30.219531,51.451221,0 30.160742,51.477881,0 30.06377,51.482031,0 29.908789,51.458008,0 29.706055,51.439551,0 29.553125,51.43457,0 29.469629,51.40835,0 29.346484,51.382568,0 29.298828,51.413037,0 29.230469,51.497021,0 29.174219,51.580615,0 29.135645,51.617285,0 29.102051,51.627539,0 29.060742,51.625439,0 29.013086,51.598926,0 28.977734,51.571777,0 28.927539,51.562158,0 28.849512,51.540186,0 28.793262,51.510352,0 28.73125,51.433398,0 28.690234,51.438867,0 28.647754,51.456543,0 28.599023,51.542627,0 28.532031,51.562451,0 28.424609,51.563623,0 28.291602,51.581836,0 28.183789,51.607861,0 28.144434,51.60166,0 28.080273,51.565039,0 28.010742,51.559766,0 27.858594,51.592383,0 27.828809,51.577441,0 27.788867,51.52915,0 27.741309,51.482568,0 27.7,51.477979,0 27.676758,51.489941,0 27.689746,51.572412,0 27.601367,51.601611,0 27.452344,51.606104,0 27.347656,51.594141,0 27.296289,51.597412,0 27.270117,51.613574,0 27.141992,51.752051,0 27.074121,51.76084,0 26.952832,51.754004,0 26.773438,51.770703,0 26.566895,51.801904,0 26.453418,51.813428,0 26.394336,51.844434,0 26.26709,51.855029,0 25.925293,51.913525,0 25.785742,51.923828,0 25.580273,51.924756,0 25.267188,51.937744,0 25.066699,51.930518,0 24.973828,51.911133,0 24.866406,51.899121,0 24.685156,51.888281,0 24.611328,51.889502,0 24.495215,51.883057,0 24.361914,51.867529,0 24.32373,51.838428,0 24.280078,51.774707,0 24.126855,51.664648,0 23.97832,51.591309,0 23.951172,51.585059,0 23.864258,51.623975,0 23.791699,51.637109,0 23.706836,51.641309,0 23.64668,51.628857,0 23.608594,51.610498,0 23.61377,51.525391,0 23.605273,51.51792,0 23.539648,51.618896,0 23.544824,51.710254,0 23.581348,51.762402,0 23.625684,51.809326,0 23.607422,51.879785,0 23.651074,51.972998,0 23.652441,52.040381,0 23.633301,52.06958,0 23.597949,52.103076,0 23.501172,52.140381,0 23.458398,52.169531,0 23.327148,52.208447,0 23.196973,52.256934,0 23.175098,52.286621,0 23.18125,52.306982,0 23.204102,52.337891,0 23.30332,52.428369,0 23.410938,52.516211,0 23.47959,52.551562,0 23.844727,52.664209,0 23.90127,52.703613,0 23.91543,52.770264,0 23.916309,52.81875,0 23.909375,52.904883,0 23.887109,53.027539,0 23.85918,53.112109,0 23.789258,53.270947,0 23.598926,53.599219,0 23.484668,53.939795,0 23.559082,53.919824,0 23.733691,53.912256,0 23.872559,53.935693,0 23.944434,53.938965,0 24.008496,53.931641,0 24.103906,53.94502,0 24.191309,53.950439,0 24.236621,53.919971,0 24.317969,53.892969,0 24.478516,53.931836,0 24.620703,53.979834,0 24.768164,53.974658,0 24.789258,53.998242,0 24.825684,54.118994,0 24.869531,54.145166,0 25.046094,54.133057,0 25.111426,54.154932,0 25.179492,54.214258,0 25.283691,54.25127,0 25.370605,54.251221,0 25.461133,54.292773,0 25.505664,54.264941,0 25.527344,54.215137,0 25.497363,54.175244,0 25.510352,54.159619,0 25.573047,54.139893,0 25.680566,54.140479,0 25.749219,54.156982,0 25.765234,54.179785,0 25.765039,54.221191,0 25.748145,54.259668,0 25.702539,54.292969,0 25.616895,54.310107,0 25.55752,54.310693,0 25.547363,54.331836,0 25.567578,54.377051,0 25.620313,54.4604,0 25.685156,54.535791,0 25.724805,54.564258,0 25.731641,54.590381,0 25.723926,54.636035,0 25.722461,54.717871,0 25.780859,54.833252,0 25.859277,54.919287,0 25.964453,54.947168,0 26.092969,54.962305,0 26.175195,55.003271,0 26.21582,55.050391,0 26.23125,55.090137,0 26.250781,55.124512,0 26.291797,55.1396,0 26.601172,55.130176,0 26.648438,55.204199,0 26.675,55.224902,0 26.734375,55.246777,0 26.775684,55.273096,0 26.760156,55.293359,0 26.68125,55.306445,0 26.495313,55.318018,0 26.457617,55.34248,0 26.469531,55.371924,0 26.519238,55.448145,0 26.566602,55.546484,0 26.59082,55.622656,0 26.593555,55.667529,0 26.620215,55.679639,0 26.771875,55.693994,0 26.822461,55.709229,0 26.953027,55.812939,0 27.052539,55.830566,0 27.30918,55.803906,0 27.427148,55.805957,0 27.45918,55.803516,0 27.576758,55.798779,0 27.589453,55.80918,0 27.642285,55.911719,0 27.694238,55.941553,0 27.896289,56.076172,0 28.032031,56.133301,0 28.117871,56.145801,0 28.147949,56.14292,0 28.284277,56.055908,0 28.316309,56.052539,0 28.39209,56.086719,0 28.407031,56.089014,0 28.563965,56.091992,0 28.636914,56.061768,0 28.69082,56.002637,0 28.74082,55.955371,0 28.794727,55.942578,0 28.947461,56.0021,0 29.031738,56.021777,0 29.087402,56.021143,0 29.283008,55.967871,0 29.375,55.938721,0 29.396094,55.912207,0 29.397949,55.881055,0 29.373145,55.834717,0 29.353418,55.784375,0 29.412988,55.724854,0 29.482227,55.68457,0 29.630078,55.751172,0 29.68457,55.769727,0 29.744141,55.77041,0 29.823926,55.795117,0 29.881641,55.832324,0 29.937012,55.845264,0 30.042676,55.836426,0 30.233594,55.845215,0 30.45625,55.786816,0 30.475391,55.768799,0 30.586719,55.700293,0 30.625586,55.66626,0 30.662305,55.655469,0 30.72168,55.622119,0 30.800781,55.601123,0 30.855957,55.60752,0 30.882227,55.596387,0 30.906836,55.57002,0 30.908789,55.525342,0 30.900586,55.397412,0 30.861816,55.3604,0 30.820996,55.330273,0 30.810547,55.306982,0 30.814453,55.278711,0 30.877441,55.223437,0 30.958887,55.137598,0 30.977734,55.087793,0 30.977734,55.050488,0 30.866797,54.940723,0 30.829883,54.91499,0 30.804492,54.860937,0 30.791016,54.806006,0 30.798828,54.783252,0 30.98418,54.695898,0 31.121289,54.648486,0 31.152148,54.625342,0 31.154883,54.610937,0 31.081934,54.51709,0 31.074805,54.491797,0 31.184766,54.452979,0 31.245508,54.39165,0 31.299121,54.291699,0 31.403613,54.195947,0 31.628418,54.111182,0 31.791992,54.055908,0 31.825977,54.030713,0 31.837793,54.000781,0 31.825293,53.93501,0 31.783008,53.85498,0 31.754199,53.810449,0 31.820801,53.791943,0 31.992188,53.796875,0 32.200391,53.78125,0 32.450195,53.69292,0 32.450977,53.65332,0 32.425195,53.617285,0 32.442383,53.579248,0 32.469629,53.546973,0 32.685742,53.448145,0 32.706445,53.419434,0 32.710254,53.371436,0 32.704297,53.336328,0 32.644434,53.328906,0 32.578027,53.312402,0 32.469336,53.270312,0 32.42627,53.210596,0 32.250684,53.128369,0 32.141992,53.091162,0 32.055469,53.089453,0 31.849707,53.106201,0 31.777441,53.146875,0 31.747461,53.18418,0 31.668262,53.200928,0 31.562988,53.20249,0 31.417871,53.196045,0 31.388379,53.184814,0 31.364551,53.138965,0 31.30293,53.060889,0 31.258789,53.016699,0 31.295117,52.989795,0 31.353027,52.933447,0 31.442773,52.861816,0 31.535156,52.798242,0 31.564844,52.759229,0 31.563477,52.731445,0 31.519434,52.69873,0 31.526172,52.633008,0 31.615918,52.546191,0 31.585547,52.532471,0 31.576563,52.426025,0 31.577344,52.312305,0 31.601562,52.284814,0 31.649902,52.262207,0 31.690625,52.220654,0 31.758594,52.12583,0 31.763379,52.101074,0</coordinates>
        </LinearRing>
      </outerBoundaryIs>
    </Polygon>
  </Placemark>
    <Placemark><name>Austria</name><styleUrl>#country_border</styleUrl><Polygon>
      <outerBoundaryIs>
        <LinearRing>
          <coordinates>9.527539,47.270752,0 9.609082,47.391797,0 9.625879,47.467041,0 9.554395,47.511133,0 9.524023,47.524219,0 9.548926,47.534033,0 9.650586,47.525879,0 9.715137,47.550781,0 9.748926,47.575537,0 9.83916,47.552295,0 9.971582,47.505322,0 10.034082,47.473584,0 10.059863,47.449072,0 10.074219,47.428516,0 10.066309,47.393359,0 10.096484,47.37959,0 10.158789,47.374268,0 10.200293,47.363428,0 10.185742,47.317187,0 10.183008,47.278809,0 10.240625,47.284131,0 10.312793,47.313428,0 10.369141,47.366064,0 10.403906,47.416992,0 10.430371,47.541064,0 10.439453,47.551562,0 10.482813,47.541797,0 10.658691,47.547217,0 10.741602,47.524121,0 10.873047,47.520215,0 10.870605,47.500781,0 10.893945,47.470459,0 10.952148,47.426709,0 10.980859,47.398145,0 11.041992,47.393115,0 11.136035,47.408887,0 11.191211,47.425195,0 11.211914,47.413623,0 11.297949,47.424902,0 11.374121,47.460254,0 11.392969,47.487158,0 11.469922,47.506104,0 11.573926,47.549756,0 11.716797,47.583496,0 12.185645,47.619531,0 12.203809,47.646729,0 12.196875,47.709082,0 12.209277,47.718262,0 12.268359,47.702734,0 12.363184,47.688184,0 12.435742,47.666113,0 12.48291,47.637305,0 12.526563,47.636133,0 12.594238,47.656299,0 12.68584,47.669336,0 12.771387,47.639404,0 12.796191,47.607031,0 12.781152,47.59043,0 12.782813,47.56416,0 12.809375,47.542187,0 12.878906,47.506445,0 12.968066,47.475684,0 13.014355,47.478076,0 13.031543,47.508008,0 13.047949,47.57915,0 13.054102,47.655127,0 13.033594,47.69873,0 12.985547,47.709424,0 12.928125,47.712842,0 12.897656,47.721875,0 12.908301,47.745801,0 12.954199,47.807764,0 12.953516,47.890625,0 12.849902,47.984814,0 12.760059,48.075977,0 12.760352,48.106982,0 12.814258,48.16084,0 12.897461,48.203711,0 13.082129,48.275098,0 13.14043,48.289941,0 13.215234,48.301904,0 13.322852,48.33125,0 13.374609,48.361377,0 13.409375,48.394141,0 13.459863,48.564551,0 13.47168,48.571826,0 13.486621,48.581836,0 13.675195,48.523047,0 13.692188,48.532764,0 13.723926,48.542383,0 13.785352,48.587451,0 13.798828,48.62168,0 13.797461,48.686426,0 13.80293,48.74751,0 13.814746,48.766943,0 13.843164,48.759863,0 13.924316,48.728027,0 13.98877,48.692432,0 14.049121,48.60249,0 14.189844,48.578564,0 14.367578,48.576221,0 14.431055,48.61626,0 14.488672,48.625537,0 14.553906,48.61333,0 14.691309,48.599219,0 14.706641,48.671924,0 14.785938,48.747363,0 14.821875,48.774023,0 14.922559,48.771387,0 14.947363,48.827734,0 14.972168,48.983936,0 14.993457,49.001123,0 15.066797,48.997852,0 15.139746,48.969336,0 15.161719,48.946289,0 15.199609,48.948145,0 15.252734,48.963867,0 15.310938,48.974023,0 15.40293,48.957373,0 15.599414,48.886377,0 15.700781,48.860449,0 15.765039,48.86543,0 15.825195,48.864453,0 16.057227,48.754785,0 16.219336,48.739404,0 16.367285,48.738965,0 16.414844,48.77207,0 16.47793,48.800098,0 16.543555,48.79624,0 16.600977,48.781885,0 16.712695,48.734229,0 16.764453,48.722021,0 16.833203,48.714307,0 16.883691,48.703711,0 16.92832,48.620898,0 16.953125,48.598828,0 16.948828,48.588574,0 16.943359,48.550928,0 16.904492,48.503516,0 16.862695,48.441406,0 16.86543,48.386914,0 16.972656,48.198096,0 17.067871,48.083252,0 17.085938,48.039551,0 17.147363,48.005957,0 17.089063,47.963623,0 17.077734,47.900879,0 17.039941,47.872949,0 17.030078,47.837109,0 17.045898,47.804541,0 17.045605,47.76377,0 17.066602,47.707568,0 16.973438,47.695312,0 16.862695,47.697266,0 16.823047,47.693994,0 16.785938,47.678662,0 16.747559,47.686279,0 16.647461,47.739014,0 16.590918,47.750537,0 16.550977,47.747363,0 16.521094,47.724463,0 16.469629,47.695068,0 16.421289,47.674463,0 16.432129,47.656299,0 16.639746,47.608887,0 16.676563,47.536035,0 16.636621,47.476611,0 16.623047,47.447559,0 16.574414,47.424658,0 16.514746,47.404541,0 16.442871,47.399512,0 16.434375,47.367432,0 16.462598,47.273145,0 16.439746,47.252734,0 16.416895,47.223437,0 16.438379,47.145898,0 16.482813,47.140381,0 16.492676,47.122656,0 16.484766,47.09126,0 16.476953,47.057861,0 16.46123,47.022461,0 16.453418,47.006787,0 16.423926,46.996973,0 16.331836,47.002197,0 16.252539,46.971924,0 16.093066,46.863281,0 16.037207,46.844824,0 15.976855,46.801367,0 15.980469,46.705859,0 15.972266,46.697217,0 15.957617,46.677637,0 15.766895,46.711279,0 15.760254,46.710742,0 15.632617,46.698437,0 15.545313,46.654639,0 15.439258,46.629639,0 15.216992,46.642969,0 15.000684,46.625977,0 14.949414,46.613232,0 14.893262,46.605908,0 14.840625,46.580469,0 14.810547,46.54458,0 14.756738,46.499121,0 14.680176,46.463428,0 14.596973,46.436084,0 14.577148,46.412939,0 14.549805,46.399707,0 14.503516,46.417041,0 14.465918,46.416113,0 14.419922,46.42793,0 14.267285,46.440723,0 14.099512,46.461914,0 14.019629,46.482178,0 13.928809,46.498193,0 13.831348,46.51123,0 13.743945,46.514307,0 13.7,46.520264,0 13.490039,46.555566,0 13.351562,46.55791,0 13.16875,46.572656,0 12.805566,46.625879,0 12.699805,46.647461,0 12.598633,46.654102,0 12.479199,46.67251,0 12.388281,46.702637,0 12.330078,46.759814,0 12.267969,46.835889,0 12.154102,46.935254,0 12.130762,46.984766,0 12.165527,47.028174,0 12.20127,47.060889,0 12.197168,47.075,0 12.169434,47.082129,0 11.969531,47.039697,0 11.775684,46.986084,0 11.699414,46.984668,0 11.625488,46.996582,0 11.527539,46.997412,0 11.433203,46.983057,0 11.244434,46.975684,0 11.133887,46.936182,0 11.063477,46.859131,0 11.025098,46.796973,0 10.993262,46.777002,0 10.927344,46.769482,0 10.828906,46.775244,0 10.759766,46.793311,0 10.689258,46.846387,0 10.579785,46.853711,0 10.479395,46.855127,0 10.452832,46.864941,0 10.45459,46.899414,0 10.414941,46.964404,0 10.349414,46.984766,0 10.179785,46.862354,0 10.133496,46.851514,0 9.996875,46.885352,0 9.877734,46.937695,0 9.864648,46.975977,0 9.845313,47.007373,0 9.74502,47.037109,0 9.619922,47.057471,0 9.580273,47.057373,0 9.595703,47.07583,0 9.610547,47.107129,0 9.601172,47.13208,0 9.571875,47.15791,0 9.555762,47.185498,0 9.551074,47.212256,0 9.542188,47.234131,0 9.536816,47.254639,0 9.527539,47.270752,0</coordinates>
        </LinearRing>
      </outerBoundaryIs>
    </Polygon>
  </Placemark>
    <Placemark><name>Andorra</name><styleUrl>#country_border</styleUrl><Polygon>
      <outerBoundaryIs>
        <LinearRing>
          <coordinates>1.706055,42.50332,0 1.678516,42.49668,0 1.586426,42.455957,0 1.534082,42.441699,0 1.48623,42.434473,0 1.448828,42.437451,0 1.428125,42.461328,0 1.430273,42.497852,0 1.421973,42.530811,0 1.414844,42.548389,0 1.42832,42.595898,0 1.458887,42.62168,0 1.501367,42.642725,0 1.568164,42.63501,0 1.709863,42.604443,0 1.739453,42.575928,0 1.740234,42.556738,0 1.713965,42.525635,0 1.706055,42.50332,0</coordinates>
        </LinearRing>
      </outerBoundaryIs>
    </Polygon>
  </Placemark>
    <Placemark><name>Albania</name><styleUrl>#country_border</styleUrl><Polygon>
      <outerBoundaryIs>
        <LinearRing>
          <coordinates>19.342383,41.869092,0 19.345508,41.918848,0 19.361133,41.997754,0 19.352148,42.024023,0 19.361426,42.069092,0 19.330859,42.129297,0 19.280664,42.172559,0 19.329004,42.249268,0 19.399609,42.341895,0 19.465137,42.415381,0 19.544531,42.491943,0 19.597461,42.56543,0 19.654492,42.628564,0 19.703418,42.647949,0 19.727832,42.634521,0 19.740723,42.606934,0 19.737793,42.525146,0 19.754492,42.496924,0 19.788281,42.476172,0 19.859766,42.486328,0 19.939063,42.506689,0 20.045703,42.549902,0 20.063965,42.547266,0 20.103516,42.524658,0 20.185742,42.425879,0 20.240527,42.338965,0 20.348242,42.308789,0 20.408301,42.274951,0 20.485449,42.223389,0 20.522852,42.171484,0 20.575391,42.013086,0 20.581445,41.917432,0 20.566211,41.873682,0 20.553125,41.862354,0 20.505176,41.706494,0 20.516602,41.627051,0 20.516211,41.574756,0 20.475586,41.554102,0 20.448633,41.521289,0 20.492383,41.391406,0 20.487012,41.336084,0 20.488965,41.272607,0 20.567871,41.127832,0 20.614453,41.083057,0 20.656055,41.06167,0 20.709277,40.928369,0 20.74082,40.905273,0 20.870215,40.91792,0 20.933496,40.903125,0 20.958594,40.871533,0 20.964258,40.849902,0 20.955762,40.775293,0 20.987891,40.717773,0 21.031055,40.658643,0 21.030859,40.622461,0 21.001953,40.563379,0 20.950195,40.494385,0 20.881641,40.46792,0 20.806055,40.445459,0 20.77002,40.391895,0 20.75166,40.334912,0 20.717871,40.292676,0 20.696973,40.246387,0 20.664941,40.151758,0 20.657422,40.117383,0 20.60625,40.082666,0 20.527051,40.068506,0 20.456055,40.065576,0 20.408008,40.049463,0 20.383691,40.017187,0 20.338477,39.991064,0 20.311133,39.979443,0 20.311328,39.950781,0 20.344238,39.890625,0 20.381641,39.841797,0 20.382422,39.802637,0 20.364063,39.791748,0 20.306152,39.79668,0 20.293848,39.782227,0 20.287598,39.738574,0 20.27207,39.701172,0 20.248242,39.678369,0 20.206836,39.653516,0 20.131055,39.661621,0 20.059766,39.699121,0 20.022559,39.710693,0 20.00127,39.709424,0 19.995605,39.801025,0 19.964844,39.872266,0 19.851855,40.043555,0 19.48457,40.209961,0 19.398145,40.284863,0 19.360156,40.347705,0 19.322266,40.40708,0 19.358594,40.40874,0 19.394531,40.393701,0 19.440527,40.375684,0 19.45918,40.405371,0 19.439258,40.470264,0 19.344629,40.62207,0 19.3375,40.663818,0 19.383887,40.790723,0 19.46123,40.933301,0 19.456055,41.106055,0 19.480078,41.236377,0 19.453418,41.320996,0 19.440625,41.424756,0 19.497363,41.562695,0 19.545801,41.596826,0 19.575684,41.64043,0 19.577539,41.7875,0 19.468262,41.856152,0 19.342383,41.869092,0</coordinates>
        </LinearRing>
      </outerBoundaryIs>
    </Polygon>
  </Placemark>
    <Placemark><name>Cyprus</name><styleUrl>#country_border</styleUrl><Polygon><outerBoundaryIs><LinearRing><coordinates>32.712695,35.171045,0 32.720215,35.145361,0 32.784082,35.115771,0 32.869434,35.089404,0 32.919531,35.087842,0 32.985938,35.116406,0 33.077539,35.146191,0 33.191016,35.173145,0 33.248340,35.156934,0 33.325586,35.153613,0 33.383789,35.162695,0 33.424219,35.140918,0 33.455957,35.101416,0 33.463867,35.004932,0 33.475781,35.000342,0 33.525684,35.038672,0 33.614453,35.022754,0 33.675391,35.017871,0 33.725781,35.037305,0 33.756934,35.039746,0 33.792285,35.048193,0 33.832031,35.067187,0 33.866406,35.093604,0 33.903320,35.085449,0 33.965723,35.056787,0 34.004492,35.065234,0 34.023633,35.045557,0 34.050195,34.988379,0 33.936523,34.971484,0 33.822461,34.965918,0 33.758984,34.973242,0 33.699414,34.969873,0 33.514453,34.806445,0 33.414941,34.750879,0 33.296582,34.717725,0 33.176074,34.698047,0 33.115527,34.695557,0 33.062305,34.674805,0 33.024902,34.636914,0 33.023926,34.600000,0 33.007910,34.569580,0 32.941797,34.575879,0 32.914258,34.635498,0 32.867188,34.661133,0 32.750098,34.647803,0 32.692969,34.649365,0 32.505566,34.706250,0 32.449023,34.729443,0 32.413770,34.778027,0 32.317188,34.953320,0 32.300977,35.082959,0 32.390918,35.049805,0 32.475000,35.089990,0 32.555957,35.155762,0 32.652344,35.182666,0 32.712695,35.171045,0</coordinates></LinearRing></outerBoundaryIs></Polygon></Placemark>
      <Placemark><name>KKTC</name><styleUrl>#country_border</styleUrl><Polygon><outerBoundaryIs><LinearRing><coordinates>34.004492,35.065234,0 33.965723,35.056787,0 33.903320,35.085449,0 33.866406,35.093604,0 33.832031,35.067187,0 33.792285,35.048193,0 33.756934,35.039746,0 33.725781,35.037305,0 33.675391,35.017871,0 33.614453,35.022754,0 33.525684,35.038672,0 33.475781,35.000342,0 33.463867,35.004932,0 33.455957,35.101416,0 33.424219,35.140918,0 33.383789,35.162695,0 33.325586,35.153613,0 33.248340,35.156934,0 33.191016,35.173145,0 33.077539,35.146191,0 32.985938,35.116406,0 32.919531,35.087842,0 32.869434,35.089404,0 32.784082,35.115771,0 32.720215,35.145361,0 32.712695,35.171045,0 32.772363,35.159570,0 32.879883,35.180566,0 32.926367,35.278076,0 32.941602,35.390430,0 33.123438,35.358203,0 33.307813,35.341504,0 33.458789,35.335889,0 33.607617,35.354150,0 34.063477,35.473975,0 34.192480,35.545703,0 34.272363,35.569971,0 34.411133,35.629297,0 34.556055,35.662061,0 34.463184,35.593506,0 33.941992,35.292041,0 33.907910,35.202393,0 33.931250,35.140381,0 34.004492,35.065234,0</coordinates></LinearRing></outerBoundaryIs></Polygon></Placemark>
  </Folder>
  <Folder><name>Country labels</name>
    <Placemark>
      <name>Germany</name>
      <styleUrl>#country_label</styleUrl>
      <Point><coordinates>9.6783,50.9617,0</coordinates></Point>
    </Placemark>
    <Placemark>
      <name>Türkiye</name>
      <styleUrl>#country_label</styleUrl>
      <Point><coordinates>34.5083,39.3454,0</coordinates></Point>
    </Placemark>
    <Placemark>
      <name>Vatican</name>
      <styleUrl>#country_label</styleUrl>
      <Point><coordinates>12.4534,41.9033,0</coordinates></Point>
    </Placemark>
    <Placemark>
      <name>Jersey</name>
      <styleUrl>#country_label</styleUrl>
      <Point><coordinates>-2.0901,49.2208,0</coordinates></Point>
    </Placemark>
    <Placemark>
      <name>Guernsey</name>
      <styleUrl>#country_label</styleUrl>
      <Point><coordinates>-2.5617,49.4635,0</coordinates></Point>
    </Placemark>
    <Placemark>
      <name>Isle of Man</name>
      <styleUrl>#country_label</styleUrl>
      <Point><coordinates>-4.5301,54.2208,0</coordinates></Point>
    </Placemark>
    <Placemark>
      <name>United Kingdom</name>
      <styleUrl>#country_label</styleUrl>
      <Point><coordinates>-2.1163,54.4027,0</coordinates></Point>
    </Placemark>
    <Placemark>
      <name>Ukraine</name>
      <styleUrl>#country_label</styleUrl>
      <Point><coordinates>32.1409,49.7247,0</coordinates></Point>
    </Placemark>
    <Placemark>
      <name>Switzerland</name>
      <styleUrl>#country_label</styleUrl>
      <Point><coordinates>7.4640,46.7191,0</coordinates></Point>
    </Placemark>
    <Placemark>
      <name>Sweden</name>
      <styleUrl>#country_label</styleUrl>
      <Point><coordinates>19.0171,65.8592,0</coordinates></Point>
    </Placemark>
    <Placemark>
      <name>Spain</name>
      <styleUrl>#country_label</styleUrl>
      <Point><coordinates>-3.4647,40.0910,0</coordinates></Point>
    </Placemark>
    <Placemark>
      <name>Slovakia</name>
      <styleUrl>#country_label</styleUrl>
      <Point><coordinates>19.0499,48.7340,0</coordinates></Point>
    </Placemark>
    <Placemark>
      <name>Slovenia</name>
      <styleUrl>#country_label</styleUrl>
      <Point><coordinates>14.9153,46.0608,0</coordinates></Point>
    </Placemark>
    <Placemark>
      <name>Serbia</name>
      <styleUrl>#country_label</styleUrl>
      <Point><coordinates>20.7880,44.1899,0</coordinates></Point>
    </Placemark>
    <Placemark>
      <name>San Marino</name>
      <styleUrl>#country_label</styleUrl>
      <Point><coordinates>12.4412,43.9339,0</coordinates></Point>
    </Placemark>
    <Placemark>
      <name>Russia</name>
      <styleUrl>#country_label</styleUrl>
      <Point><coordinates>44.6865,58.2494,0</coordinates></Point>
    </Placemark>
    <Placemark>
      <name>Romania</name>
      <styleUrl>#country_label</styleUrl>
      <Point><coordinates>24.9726,45.7332,0</coordinates></Point>
    </Placemark>
    <Placemark>
      <name>Portugal</name>
      <styleUrl>#country_label</styleUrl>
      <Point><coordinates>-8.2718,39.6067,0</coordinates></Point>
    </Placemark>
    <Placemark>
      <name>Poland</name>
      <styleUrl>#country_label</styleUrl>
      <Point><coordinates>19.4905,51.9903,0</coordinates></Point>
    </Placemark>
    <Placemark>
      <name>Norway</name>
      <styleUrl>#country_label</styleUrl>
      <Point><coordinates>9.6800,61.3571,0</coordinates></Point>
    </Placemark>
    <Placemark>
      <name>Netherlands</name>
      <styleUrl>#country_label</styleUrl>
      <Point><coordinates>5.6114,52.4222,0</coordinates></Point>
    </Placemark>
    <Placemark>
      <name>Montenegro</name>
      <styleUrl>#country_label</styleUrl>
      <Point><coordinates>19.1437,42.8031,0</coordinates></Point>
    </Placemark>
    <Placemark>
      <name>Moldova</name>
      <styleUrl>#country_label</styleUrl>
      <Point><coordinates>28.4879,47.4350,0</coordinates></Point>
    </Placemark>
    <Placemark>
      <name>Monaco</name>
      <styleUrl>#country_label</styleUrl>
      <Point><coordinates>7.3983,43.7397,0</coordinates></Point>
    </Placemark>
    <Placemark>
      <name>Malta</name>
      <styleUrl>#country_label</styleUrl>
      <Point><coordinates>14.4330,35.8929,0</coordinates></Point>
    </Placemark>
    <Placemark>
      <name>North Macedonia</name>
      <styleUrl>#country_label</styleUrl>
      <Point><coordinates>21.5558,41.5582,0</coordinates></Point>
    </Placemark>
    <Placemark>
      <name>Luxembourg</name>
      <styleUrl>#country_label</styleUrl>
      <Point><coordinates>6.0776,49.7337,0</coordinates></Point>
    </Placemark>
    <Placemark>
      <name>Lithuania</name>
      <styleUrl>#country_label</styleUrl>
      <Point><coordinates>24.0899,55.1037,0</coordinates></Point>
    </Placemark>
    <Placemark>
      <name>Liechtenstein</name>
      <styleUrl>#country_label</styleUrl>
      <Point><coordinates>9.5594,47.1114,0</coordinates></Point>
    </Placemark>
    <Placemark>
      <name>Latvia</name>
      <styleUrl>#country_label</styleUrl>
      <Point><coordinates>25.4587,57.0669,0</coordinates></Point>
    </Placemark>
    <Placemark>
      <name>Kosovo</name>
      <styleUrl>#country_label</styleUrl>
      <Point><coordinates>20.8607,42.5936,0</coordinates></Point>
    </Placemark>
    <Placemark>
      <name>Italy</name>
      <styleUrl>#country_label</styleUrl>
      <Point><coordinates>11.0769,44.7325,0</coordinates></Point>
    </Placemark>
    <Placemark>
      <name>Ireland</name>
      <styleUrl>#country_label</styleUrl>
      <Point><coordinates>-7.7986,53.0787,0</coordinates></Point>
    </Placemark>
    <Placemark>
      <name>Iceland</name>
      <styleUrl>#country_label</styleUrl>
      <Point><coordinates>-18.6737,64.7793,0</coordinates></Point>
    </Placemark>
    <Placemark>
      <name>Hungary</name>
      <styleUrl>#country_label</styleUrl>
      <Point><coordinates>19.4479,47.0868,0</coordinates></Point>
    </Placemark>
    <Placemark>
      <name>Greece</name>
      <styleUrl>#country_label</styleUrl>
      <Point><coordinates>21.7257,39.4928,0</coordinates></Point>
    </Placemark>
    <Placemark>
      <name>France</name>
      <styleUrl>#country_label</styleUrl>
      <Point><coordinates>2.5523,46.6961,0</coordinates></Point>
    </Placemark>
    <Placemark>
      <name>Åland</name>
      <styleUrl>#country_label</styleUrl>
      <Point><coordinates>19.8697,60.1565,0</coordinates></Point>
    </Placemark>
    <Placemark>
      <name>Finland</name>
      <styleUrl>#country_label</styleUrl>
      <Point><coordinates>27.2764,63.2524,0</coordinates></Point>
    </Placemark>
    <Placemark>
      <name>Estonia</name>
      <styleUrl>#country_label</styleUrl>
      <Point><coordinates>25.8671,58.7249,0</coordinates></Point>
    </Placemark>
    <Placemark>
      <name>Faroe Is.</name>
      <styleUrl>#country_label</styleUrl>
      <Point><coordinates>-7.0584,62.1856,0</coordinates></Point>
    </Placemark>
    <Placemark>
      <name>Denmark</name>
      <styleUrl>#country_label</styleUrl>
      <Point><coordinates>9.0182,55.9670,0</coordinates></Point>
    </Placemark>
    <Placemark>
      <name>Czechia</name>
      <styleUrl>#country_label</styleUrl>
      <Point><coordinates>15.3776,49.8824,0</coordinates></Point>
    </Placemark>
    <Placemark>
      <name>Croatia</name>
      <styleUrl>#country_label</styleUrl>
      <Point><coordinates>16.3724,45.8058,0</coordinates></Point>
    </Placemark>
    <Placemark>
      <name>Bulgaria</name>
      <styleUrl>#country_label</styleUrl>
      <Point><coordinates>25.1571,42.5088,0</coordinates></Point>
    </Placemark>
    <Placemark>
      <name>Bosnia and Herzegovina</name>
      <styleUrl>#country_label</styleUrl>
      <Point><coordinates>18.0684,44.0911,0</coordinates></Point>
    </Placemark>
    <Placemark>
      <name>Belgium</name>
      <styleUrl>#country_label</styleUrl>
      <Point><coordinates>4.8004,50.7854,0</coordinates></Point>
    </Placemark>
    <Placemark>
      <name>Belarus</name>
      <styleUrl>#country_label</styleUrl>
      <Point><coordinates>28.4177,53.8219,0</coordinates></Point>
    </Placemark>
    <Placemark>
      <name>Austria</name>
      <styleUrl>#country_label</styleUrl>
      <Point><coordinates>14.1305,47.5189,0</coordinates></Point>
    </Placemark>
    <Placemark>
      <name>Andorra</name>
      <styleUrl>#country_label</styleUrl>
      <Point><coordinates>1.5394,42.5476,0</coordinates></Point>
    </Placemark>
    <Placemark>
      <name>Albania</name>
      <styleUrl>#country_label</styleUrl>
      <Point><coordinates>20.1138,40.6549,0</coordinates></Point>
    </Placemark>
      <Placemark>
      <name>KKTC</name>
      <styleUrl>#country_label</styleUrl>
      <Point><coordinates>33.6924,35.2161,0</coordinates></Point>
    </Placemark>
  </Folder>
</Document>
</kml>